date,net_liquidity,fed_assets,tga,rrp,treasury_10y,treasury_2y,spread_10y_2y,high_yield_oas,vix,dxy,sp500,unemployment_rate,cpi_yoy,liquidity_regime,yield_curve_regime,credit_regime,overall_regime,created_at,housing_yoy,breakeven_10y,m2_yoy,policy_rate,policy_rate_change_30d,real_yield_10y,cnn_fear_greed_index,shiller_pe
2016-07-26,,,,69.799,1.57,0.75,0.82,,,,,,,,,,,2026-07-25 06:46:44,,1.5,,0.4,,,,
2016-07-27,4080.5729999999994,4464498.0,316238.0,67.687,1.52,0.73,0.79,,12.829999923706056,97.0500030517578,2166.580078125,,,,,,,2026-07-25 07:39:24,,1.49,,0.4,,,,
2016-07-28,4103.065999999999,4464498.0,316238.0,45.194,1.52,0.72,0.8,,12.720000267028809,96.73999786376952,2170.06005859375,,,,,,,2026-07-25 07:39:24,,1.52,,0.4,,,,
2016-07-29,4037.7419999999993,4464498.0,316238.0,110.518,1.46,0.67,0.79,,11.869999885559082,95.52999877929688,2173.60009765625,,,,,,,2026-07-25 07:39:24,,1.49,,0.3,,,,
2016-07-30,4037.7419999999993,4464498.0,316238.0,110.518,1.46,0.67,0.79,,11.869999885559082,95.52999877929688,2173.60009765625,,,,,,,2026-07-25 07:39:24,,1.49,,0.3,,,,
2016-07-31,4037.7419999999993,4464498.0,316238.0,110.518,1.46,0.67,0.79,,11.869999885559082,95.52999877929688,2173.60009765625,,0.8687871009481984,,,,,2026-07-25 07:39:24,,1.49,,0.3,,0.5912128990518015,,
2016-08-01,4075.3489999999993,4464498.0,316238.0,72.911,1.51,0.67,0.84,,12.4399995803833,95.70999908447266,2170.840087890625,4.9,1.0553158595656864,,,,,2026-07-25 07:39:24,,1.46,,0.4,,0.4546841404343136,,
2016-08-02,4067.724999999999,4464498.0,316238.0,80.535,1.55,0.67,0.88,,13.369999885559082,95.05999755859376,2157.030029296875,4.9,1.0553158595656864,,,,,2026-07-25 07:39:24,,1.44,,0.4,,0.4946841404343136,,
2016-08-03,4153.036,4466793.0,245682.0,68.075,1.55,0.67,0.88,,12.859999656677246,95.55999755859376,2163.7900390625,4.9,1.0553158595656864,,,,,2026-07-25 07:39:24,,1.46,,0.4,,0.4946841404343136,,
2016-08-04,4170.848,4466793.0,245682.0,50.263,1.51,0.64,0.87,,12.420000076293944,95.76000213623048,2164.25,4.9,1.0553158595656864,,,,,2026-07-25 07:39:24,,1.47,,0.4,,0.4546841404343136,,
2016-08-05,4164.876,4466793.0,245682.0,56.235,1.59,0.72,0.87,,11.390000343322754,96.19000244140624,2182.8701171875,4.9,1.0553158595656864,,,,,2026-07-25 07:39:24,,1.5,,0.4,,0.5346841404343137,,
2016-08-06,4164.876,4466793.0,245682.0,56.235,1.59,0.72,0.87,,11.390000343322754,96.19000244140624,2182.8701171875,4.9,1.0553158595656864,,,,,2026-07-25 07:39:24,,1.5,,0.4,,0.5346841404343137,,
2016-08-07,4164.876,4466793.0,245682.0,56.235,1.59,0.72,0.87,,11.390000343322754,96.19000244140624,2182.8701171875,4.9,1.0553158595656864,,,,,2026-07-25 07:39:24,,1.5,,0.4,,0.5346841404343137,,
2016-08-08,4160.486,4466793.0,245682.0,60.625,1.59,0.74,0.85,,11.5,96.4000015258789,2180.889892578125,4.9,1.0553158595656864,,,,,2026-07-25 07:39:24,,1.51,,0.4,,0.5346841404343137,,
2016-08-09,4154.23,4466793.0,245682.0,66.881,1.55,0.71,0.84,,11.65999984741211,96.18000030517578,2181.739990234375,4.9,1.0553158595656864,,,,,2026-07-25 07:39:24,,1.49,,0.4,,0.4946841404343136,,
2016-08-10,4136.66,4468929.0,252095.0,80.174,1.5,0.69,0.81,,12.050000190734863,95.6500015258789,2175.489990234375,4.9,1.0553158595656864,,,,,2026-07-25 07:39:24,,1.44,,0.4,,0.4446841404343136,,
2016-08-11,4136.688999999999,4468929.0,252095.0,80.145,1.57,0.76,0.81,,11.68000030517578,95.86000061035156,2185.7900390625,4.9,1.0553158595656864,,,,,2026-07-25 07:39:24,,1.47,,0.4,,0.5146841404343137,,
2016-08-12,4179.556,4468929.0,252095.0,37.278,1.51,0.71,0.8,,11.550000190734863,95.72000122070312,2184.050048828125,4.9,1.0553158595656864,,,,,2026-07-25 07:39:24,,1.44,,0.4,,0.4546841404343136,,
2016-08-13,4179.556,4468929.0,252095.0,37.278,1.51,0.71,0.8,,11.550000190734863,95.72000122070312,2184.050048828125,4.9,1.0553158595656864,,,,,2026-07-25 07:39:24,,1.44,,0.4,,0.4546841404343136,,
2016-08-14,4179.556,4468929.0,252095.0,37.278,1.51,0.71,0.8,,11.550000190734863,95.72000122070312,2184.050048828125,4.9,1.0553158595656864,,,,,2026-07-25 07:39:24,,1.44,,0.4,,0.4546841404343136,,
2016-08-15,4159.884,4468929.0,252095.0,56.95,1.55,0.72,0.83,,11.8100004196167,95.62999725341795,2190.14990234375,4.9,1.0553158595656864,,,,,2026-07-25 07:39:24,,1.45,,0.4,,0.4946841404343136,,
2016-08-16,4140.437,4468929.0,252095.0,76.397,1.57,0.76,0.81,,12.640000343322754,94.79000091552734,2178.14990234375,4.9,1.0553158595656864,,,,,2026-07-25 07:39:24,,1.44,,0.4,,0.5146841404343137,,
2016-08-17,4143.712999999999,4466476.0,241426.0,81.337,1.56,0.74,0.82,,12.1899995803833,94.72000122070312,2182.219970703125,4.9,1.0553158595656864,,,,,2026-07-25 07:39:24,,1.47,,0.4,,0.5046841404343136,,
2016-08-18,4129.960999999999,4466476.0,241426.0,95.089,1.53,0.71,0.82,,11.43000030517578,94.16000366210938,2187.02001953125,4.9,1.0553158595656864,,,,,2026-07-25 07:39:24,,1.47,,0.4,,0.4746841404343136,,
2016-08-19,4123.581999999999,4466476.0,241426.0,101.468,1.58,0.76,0.82,,11.34000015258789,94.51000213623048,2183.8701171875,4.9,1.0553158595656864,,,,,2026-07-25 07:39:24,,1.48,,0.4,,0.5246841404343137,,
2016-08-20,4123.581999999999,4466476.0,241426.0,101.468,1.58,0.76,0.82,,11.34000015258789,94.51000213623048,2183.8701171875,4.9,1.0553158595656864,,,,,2026-07-25 07:39:24,,1.48,,0.4,,0.5246841404343137,,
2016-08-21,4123.581999999999,4466476.0,241426.0,101.468,1.58,0.76,0.82,,11.34000015258789,94.51000213623048,2183.8701171875,4.9,1.0553158595656864,,,,,2026-07-25 07:39:24,,1.48,,0.4,,0.5246841404343137,,
2016-08-22,4108.9259999999995,4466476.0,241426.0,116.124,1.55,0.76,0.79,,12.270000457763672,94.5199966430664,2182.639892578125,4.9,1.0553158595656864,,,,,2026-07-25 07:39:24,,1.47,,0.4,,0.4946841404343136,,
2016-08-23,4103.395999999999,4466476.0,241426.0,121.654,1.55,0.74,0.81,,12.380000114440918,94.54000091552734,2186.89990234375,4.9,1.0553158595656864,,,,,2026-07-25 07:39:24,,1.48,,0.4,,0.4946841404343136,,
2016-08-24,4133.6089999999995,4473840.0,244881.0,95.35,1.56,0.76,0.8,,13.449999809265137,94.79000091552734,2175.43994140625,4.9,1.0553158595656864,,,,,2026-07-25 07:39:24,,1.48,,0.4,,0.5046841404343136,,
2016-08-25,4156.142,4473840.0,244881.0,72.817,1.58,0.78,0.8,,13.630000114440918,94.7699966430664,2172.469970703125,4.9,1.0553158595656864,,,,,2026-07-25 07:39:24,,1.49,,0.4,0.0,0.5246841404343137,,
2016-08-26,4152.427,4473840.0,244881.0,76.532,1.62,0.84,0.78,,13.649999618530272,95.56999969482422,2169.0400390625,4.9,1.0553158595656864,,,,,2026-07-25 07:39:24,,1.47,,0.4,0.0,0.5646841404343137,,
2016-08-27,4152.427,4473840.0,244881.0,76.532,1.62,0.84,0.78,,13.649999618530272,95.56999969482422,2169.0400390625,4.9,1.0553158595656864,,,,,2026-07-25 07:39:24,,1.47,,0.4,0.0,0.5646841404343137,,
2016-08-28,4152.427,4473840.0,244881.0,76.532,1.62,0.84,0.78,,13.649999618530272,95.56999969482422,2169.0400390625,4.9,1.0553158595656864,,,,,2026-07-25 07:39:24,,1.47,,0.4,0.1,0.5646841404343137,,
2016-08-29,4149.228,4473840.0,244881.0,79.731,1.57,0.81,0.76,,12.9399995803833,95.58000183105467,2180.3798828125,4.9,1.0553158595656864,,,,,2026-07-25 07:39:24,,1.46,,0.4,0.1,0.5146841404343137,,
2016-08-30,4127.537,4473840.0,244881.0,101.422,1.57,0.8,0.77,,13.119999885559082,96.0500030517578,2176.1201171875,4.9,1.0553158595656864,,,,,2026-07-25 07:39:24,,1.46,,0.4,0.1,0.5146841404343137,,
2016-08-31,3997.593,4457907.0,288946.0,171.368,1.58,0.8,0.78,,13.420000076293944,96.0199966430664,2170.949951171875,4.9,1.282958172279347,,,,,2026-07-25 07:39:24,,1.47,,0.3,-0.1,0.297041827720653,,
2016-09-01,4078.354,4457907.0,288946.0,90.607,1.57,0.78,0.79,,13.479999542236328,95.6500015258789,2170.860107421875,5.0,1.5486446201652182,,,,,2026-07-25 07:39:24,,1.45,,0.4,0.0,0.0213553798347818,,
2016-09-02,4072.767,4457907.0,288946.0,96.194,1.6,0.8,0.8,,11.979999542236328,95.87999725341795,2179.97998046875,5.0,1.5486446201652182,,,,,2026-07-25 07:39:24,,1.47,,0.4,0.0,0.0513553798347818,,
2016-09-03,4072.767,4457907.0,288946.0,96.194,1.6,0.8,0.8,,11.979999542236328,95.87999725341795,2179.97998046875,5.0,1.5486446201652182,,,,,2026-07-25 07:39:24,,1.47,,0.4,0.0,0.0513553798347818,,
2016-09-04,4072.767,4457907.0,288946.0,96.194,1.6,0.8,0.8,,11.979999542236328,95.87999725341795,2179.97998046875,5.0,1.5486446201652182,,,,,2026-07-25 07:39:25,,1.47,,0.4,0.0,0.0513553798347818,,
2016-09-05,4072.767,4457907.0,288946.0,96.194,1.6,0.8,0.8,,11.979999542236328,95.87999725341795,2179.97998046875,5.0,1.5486446201652182,,,,,2026-07-25 07:39:25,,1.47,,0.4,0.0,0.0513553798347818,,
2016-09-06,4076.228,4457907.0,288946.0,92.733,1.55,0.74,0.81,,12.020000457763672,94.81999969482422,2186.47998046875,5.0,1.5486446201652182,,,,,2026-07-25 07:39:25,,1.49,,0.4,0.0,0.0013553798347818,,
2016-09-07,4142.162,4459394.0,238152.0,79.08,1.54,0.74,0.8,,11.9399995803833,94.95999908447266,2186.159912109375,5.0,1.5486446201652182,,,,,2026-07-25 07:39:25,,1.51,,0.4,0.0,-0.0086446201652181,,
2016-09-08,4160.513,4459394.0,238152.0,60.729,1.61,0.78,0.83,,12.510000228881836,95.02999877929688,2181.300048828125,5.0,1.5486446201652182,,,,,2026-07-25 07:39:25,,1.52,,0.4,0.0,0.0613553798347819,,
2016-09-09,4142.4580000000005,4459394.0,238152.0,78.784,1.67,0.79,0.88,,17.5,95.33999633789062,2127.81005859375,5.0,1.5486446201652182,,,,,2026-07-25 07:39:25,,1.5,,0.4,0.0,0.1213553798347817,,
2016-09-10,4142.4580000000005,4459394.0,238152.0,78.784,1.67,0.79,0.88,,17.5,95.33999633789062,2127.81005859375,5.0,1.5486446201652182,,,,,2026-07-25 07:39:25,,1.5,,0.4,0.0,0.1213553798347817,,
2016-09-11,4142.4580000000005,4459394.0,238152.0,78.784,1.67,0.79,0.88,,17.5,95.33999633789062,2127.81005859375,5.0,1.5486446201652182,,,,,2026-07-25 07:39:25,,1.5,,0.4,0.0,0.1213553798347817,,
2016-09-12,4135.186000000001,4459394.0,238152.0,86.056,1.68,0.79,0.89,,15.15999984741211,95.0999984741211,2159.0400390625,5.0,1.5486446201652182,,,,,2026-07-25 07:39:25,,1.51,,0.4,0.0,0.1313553798347817,,
2016-09-13,4138.133,4459394.0,238152.0,83.109,1.73,0.8,0.93,,17.850000381469727,95.62999725341795,2127.02001953125,5.0,1.5486446201652182,,,,,2026-07-25 07:39:25,,1.49,,0.4,0.0,0.1813553798347817,,
2016-09-14,4164.459000000001,4481635.0,252691.0,64.485,1.7,0.77,0.93,,18.13999938964844,95.33000183105467,2125.77001953125,5.0,1.5486446201652182,,,,,2026-07-25 07:39:25,,1.49,,0.4,0.0,0.1513553798347817,,
2016-09-15,4172.950000000001,4481635.0,252691.0,55.994,1.71,0.74,0.97,,16.299999237060547,95.29000091552734,2147.260009765625,5.0,1.5486446201652182,,,,,2026-07-25 07:39:25,,1.49,,0.4,0.0,0.1613553798347817,,
2016-09-16,4128.183,4481635.0,252691.0,100.761,1.7,0.77,0.93,,15.369999885559082,96.11000061035156,2139.159912109375,5.0,1.5486446201652182,,,,,2026-07-25 07:39:25,,1.51,,0.4,0.0,0.1513553798347817,,
2016-09-17,4128.183,4481635.0,252691.0,100.761,1.7,0.77,0.93,,15.369999885559082,96.11000061035156,2139.159912109375,5.0,1.5486446201652182,,,,,2026-07-25 07:39:25,,1.51,,0.4,0.0,0.1513553798347817,,
2016-09-18,4128.183,4481635.0,252691.0,100.761,1.7,0.77,0.93,,15.369999885559082,96.11000061035156,2139.159912109375,5.0,1.5486446201652182,,,,,2026-07-25 07:39:25,,1.51,,0.4,0.0,0.1513553798347817,,
2016-09-19,4103.308,4481635.0,252691.0,125.636,1.7,0.79,0.91,,15.529999732971191,95.83999633789062,2139.1201171875,5.0,1.5486446201652182,,,,,2026-07-25 07:39:25,,1.5,,0.4,0.0,0.1513553798347817,,
2016-09-20,4072.259000000001,4481635.0,252691.0,156.685,1.69,0.79,0.9,,15.920000076293944,96.0199966430664,2139.760009765625,5.0,1.5486446201652182,,,,,2026-07-25 07:39:25,,1.49,,0.4,0.0,0.1413553798347817,,
2016-09-21,3937.594,4473032.0,358603.0,176.835,1.66,0.79,0.87,,13.300000190734863,95.66000366210938,2163.1201171875,5.0,1.5486446201652182,,,,,2026-07-25 07:39:25,,1.51,,0.4,0.0,0.1113553798347817,,
2016-09-22,3920.376,4473032.0,358603.0,194.053,1.63,0.79,0.84,,12.020000457763672,95.4499969482422,2177.179931640625,5.0,1.5486446201652182,,,,,2026-07-25 07:39:25,,1.55,,0.4,0.0,0.0813553798347817,,
2016-09-23,3939.703,4473032.0,358603.0,174.726,1.62,0.77,0.85,,12.289999961853027,95.4800033569336,2164.68994140625,5.0,1.5486446201652182,,,,,2026-07-25 07:39:25,,1.57,,0.4,0.0,0.0713553798347819,,
2016-09-24,3939.703,4473032.0,358603.0,174.726,1.62,0.77,0.85,,12.289999961853027,95.4800033569336,2164.68994140625,5.0,1.5486446201652182,,,,,2026-07-25 07:39:25,,1.57,,0.4,0.0,0.0713553798347819,,
2016-09-25,3939.703,4473032.0,358603.0,174.726,1.62,0.77,0.85,,12.289999961853027,95.4800033569336,2164.68994140625,5.0,1.5486446201652182,,,,,2026-07-25 07:39:25,,1.57,,0.4,0.0,0.0713553798347819,,
2016-09-26,3914.361,4473032.0,358603.0,200.068,1.59,0.76,0.83,,14.5,95.30999755859376,2146.10009765625,5.0,1.5486446201652182,,,,,2026-07-25 07:39:25,,1.54,,0.4,0.0,0.0413553798347818,,
2016-09-27,3874.729,4473032.0,358603.0,239.7,1.56,0.75,0.81,,13.100000381469728,95.44000244140624,2159.929931640625,5.0,1.5486446201652182,,,,,2026-07-25 07:39:25,,1.52,,0.4,0.0,0.0113553798347818,,
2016-09-28,3840.1060000000007,4452002.0,339619.0,272.277,1.57,0.75,0.82,,12.390000343322754,95.43000030517578,2171.3701171875,5.0,1.5486446201652182,,,,,2026-07-25 07:39:25,,1.56,,0.4,0.0,0.0213553798347818,,
2016-09-29,3840.536000000001,4452002.0,339619.0,271.847,1.56,0.73,0.83,,14.020000457763672,95.54000091552734,2151.1298828125,5.0,1.5486446201652182,,,,,2026-07-25 07:39:25,,1.54,,0.4,0.0,0.0113553798347818,,
2016-09-30,3699.8600000000006,4452002.0,339619.0,412.523,1.6,0.77,0.83,,13.289999961853027,95.45999908447266,2168.27001953125,5.0,1.4482633879183693,,,,,2026-07-25 07:39:25,,1.6,,0.29,-0.01,0.1517366120816308,,
2016-10-01,3699.8600000000006,4452002.0,339619.0,412.523,1.6,0.77,0.83,,13.289999961853027,95.45999908447266,2168.27001953125,4.9,1.685924966243646,,,,,2026-07-25 07:39:25,,1.6,,0.29,-0.11,-0.0859249662436458,,
2016-10-02,3699.8600000000006,4452002.0,339619.0,412.523,1.6,0.77,0.83,,13.289999961853027,95.45999908447266,2168.27001953125,4.9,1.685924966243646,,,,,2026-07-25 07:39:25,,1.6,,0.29,-0.11,-0.0859249662436458,,
2016-10-03,3791.4940000000006,4452002.0,339619.0,320.889,1.63,0.8,0.83,,13.56999969482422,95.75,2161.199951171875,4.9,1.685924966243646,,,,,2026-07-25 07:39:25,,1.63,,0.4,0.0,-0.055924966243646,,
2016-10-04,3806.342000000001,4452002.0,339619.0,306.041,1.69,0.82,0.87,,13.630000114440918,96.12000274658205,2150.489990234375,4.9,1.685924966243646,,,,,2026-07-25 07:39:25,,1.62,,0.4,0.0,0.0040750337563539,,
2016-10-05,3819.2350000000006,4459407.0,342208.0,297.964,1.72,0.85,0.87,,12.989999771118164,96.12999725341795,2159.72998046875,4.9,1.685924966243646,,,,,2026-07-25 07:39:25,,1.62,,0.4,0.0,0.034075033756354,,
2016-10-06,3879.58,4459407.0,342208.0,237.619,1.75,0.86,0.89,,12.84000015258789,96.66000366210938,2160.77001953125,4.9,1.685924966243646,,,,,2026-07-25 07:39:25,,1.64,,0.4,0.0,0.064075033756354,,
2016-10-07,3891.134000000001,4459407.0,342208.0,226.065,1.73,0.83,0.9,,13.479999542236328,96.5199966430664,2153.739990234375,4.9,1.685924966243646,,,,,2026-07-25 07:39:25,,1.63,,0.4,0.0,0.044075033756354,,
2016-10-08,3891.134000000001,4459407.0,342208.0,226.065,1.73,0.83,0.9,,13.479999542236328,96.5199966430664,2153.739990234375,4.9,1.685924966243646,,,,,2026-07-25 07:39:25,,1.63,,0.4,0.0,0.044075033756354,,
2016-10-09,3891.134000000001,4459407.0,342208.0,226.065,1.73,0.83,0.9,,13.479999542236328,96.5199966430664,2153.739990234375,4.9,1.685924966243646,,,,,2026-07-25 07:39:25,,1.63,,0.4,0.0,0.044075033756354,,
2016-10-10,3891.134000000001,4459407.0,342208.0,226.065,1.73,0.83,0.9,,13.380000114440918,96.5199966430664,2163.659912109375,4.9,1.685924966243646,,,,,2026-07-25 07:39:25,,1.63,,0.4,0.0,0.044075033756354,,
2016-10-11,3915.6530000000007,4459407.0,342208.0,201.546,1.77,0.87,0.9,,15.359999656677246,97.6999969482422,2136.72998046875,4.9,1.685924966243646,,,,,2026-07-25 07:39:25,,1.64,,0.41,0.0099999999999999,0.084075033756354,,
2016-10-12,3926.152000000001,4457698.0,342875.0,188.671,1.79,0.87,0.92,,15.90999984741211,97.97000122070312,2139.179931640625,4.9,1.685924966243646,,,,,2026-07-25 07:39:25,,1.64,,0.41,0.0099999999999999,0.104075033756354,,
2016-10-13,3933.852,4457698.0,342875.0,180.971,1.75,0.85,0.9,,16.690000534057617,97.5199966430664,2132.550048828125,4.9,1.685924966243646,,,,,2026-07-25 07:39:25,,1.63,,0.41,0.0099999999999999,0.064075033756354,,
2016-10-14,3981.464,4457698.0,342875.0,133.359,1.8,0.84,0.96,,16.1200008392334,98.0199966430664,2132.97998046875,4.9,1.685924966243646,,,,,2026-07-25 07:39:25,,1.67,,0.41,0.0099999999999999,0.114075033756354,,
2016-10-15,3981.464,4457698.0,342875.0,133.359,1.8,0.84,0.96,,16.1200008392334,98.0199966430664,2132.97998046875,4.9,1.685924966243646,,,,,2026-07-25 07:39:25,,1.67,,0.41,0.0099999999999999,0.114075033756354,,
2016-10-16,3981.464,4457698.0,342875.0,133.359,1.8,0.84,0.96,,16.1200008392334,98.0199966430664,2132.97998046875,4.9,1.685924966243646,,,,,2026-07-25 07:39:25,,1.67,,0.41,0.0099999999999999,0.114075033756354,,
2016-10-17,3990.416,4457698.0,342875.0,124.407,1.77,0.81,0.96,,16.209999084472656,97.88999938964844,2126.5,4.9,1.685924966243646,,,,,2026-07-25 07:39:25,,1.68,,0.41,0.0099999999999999,0.084075033756354,,
2016-10-18,3939.857,4457698.0,342875.0,174.966,1.75,0.82,0.93,,15.279999732971191,97.9000015258789,2139.60009765625,4.9,1.685924966243646,,,,,2026-07-25 07:39:25,,1.66,,0.41,0.0099999999999999,0.064075033756354,,
2016-10-19,3865.878999999999,4467382.0,409693.0,191.81,1.76,0.81,0.95,,14.40999984741211,97.87000274658205,2144.2900390625,4.9,1.685924966243646,,,,,2026-07-25 07:39:25,,1.68,,0.41,0.0099999999999999,0.074075033756354,,
2016-10-20,3885.376999999999,4467382.0,409693.0,172.312,1.76,0.84,0.92,,13.75,98.31999969482422,2141.340087890625,4.9,1.685924966243646,,,,,2026-07-25 07:39:25,,1.68,,0.41,0.0099999999999999,0.074075033756354,,
2016-10-21,3876.403999999999,4467382.0,409693.0,181.285,1.74,0.84,0.9,,13.34000015258789,98.6999969482422,2141.159912109375,4.9,1.685924966243646,,,,,2026-07-25 07:39:25,,1.67,,0.41,0.0099999999999999,0.054075033756354,,
2016-10-22,3876.403999999999,4467382.0,409693.0,181.285,1.74,0.84,0.9,,13.34000015258789,98.6999969482422,2141.159912109375,4.9,1.685924966243646,,,,,2026-07-25 07:39:25,,1.67,,0.41,0.0099999999999999,0.054075033756354,,
2016-10-23,3876.403999999999,4467382.0,409693.0,181.285,1.74,0.84,0.9,,13.34000015258789,98.6999969482422,2141.159912109375,4.9,1.685924966243646,,,,,2026-07-25 07:39:25,,1.67,,0.41,0.0099999999999999,0.054075033756354,,
2016-10-24,3915.1149999999993,4467382.0,409693.0,142.574,1.77,0.84,0.93,,13.020000457763672,98.66999816894533,2151.330078125,4.9,1.685924966243646,,,,,2026-07-25 07:39:25,,1.66,,0.41,0.0099999999999999,0.084075033756354,,
2016-10-25,3925.286,4467382.0,409693.0,132.403,1.77,0.86,0.91,,13.460000038146973,98.72000122070312,2143.159912109375,4.9,1.685924966243646,,,,,2026-07-25 07:39:25,,1.7,,0.41,0.0099999999999999,0.084075033756354,,
2016-10-26,3892.005,4454326.0,420256.0,142.065,1.79,0.86,0.93,,14.239999771118164,98.62999725341795,2139.429931640625,4.9,1.685924966243646,,,,,2026-07-25 07:39:25,,1.71,,0.41,0.0099999999999999,0.104075033756354,,
2016-10-27,3898.957,4454326.0,420256.0,135.113,1.85,0.87,0.98,,15.359999656677246,98.88999938964844,2133.0400390625,4.9,1.685924966243646,,,,,2026-07-25 07:39:25,,1.72,,0.41,0.0099999999999999,0.1640750337563541,,
2016-10-28,3904.087,4454326.0,420256.0,129.983,1.86,0.86,1.0,,16.190000534057617,98.3499984741211,2126.409912109375,4.9,1.685924966243646,,,,,2026-07-25 07:39:25,,1.73,,0.41,0.0099999999999999,0.1740750337563541,,
2016-10-29,3904.087,4454326.0,420256.0,129.983,1.86,0.86,1.0,,16.190000534057617,98.3499984741211,2126.409912109375,4.9,1.685924966243646,,,,,2026-07-25 07:39:25,,1.73,,0.41,0.0099999999999999,0.1740750337563541,,
2016-10-30,3904.087,4454326.0,420256.0,129.983,1.86,0.86,1.0,,16.190000534057617,98.3499984741211,2126.409912109375,4.9,1.685924966243646,,,,,2026-07-25 07:39:25,,1.73,,0.41,0.12,0.1740750337563541,,
2016-10-31,3819.272,4454326.0,420256.0,214.798,1.84,0.86,0.98,,17.059999465942383,98.4499969482422,2126.14990234375,4.9,1.5645941256296814,,,,,2026-07-25 07:39:25,,1.73,,0.31,0.02,0.2754058743703187,,
2016-11-01,3862.18,4454326.0,420256.0,171.89,1.83,0.83,1.0,,18.559999465942383,97.6999969482422,2111.719970703125,4.7,1.6843334719788938,,,,,2026-07-25 07:39:25,,1.72,,0.41,0.12,0.1456665280211062,,
2016-11-02,3904.961,4453087.0,371894.0,176.232,1.81,0.81,1.0,,19.31999969482422,97.4000015258789,2097.93994140625,4.7,1.6843334719788938,,,,,2026-07-25 07:39:25,,1.7,,0.41,0.0099999999999999,0.1256665280211062,,
2016-11-03,3932.65,4453087.0,371894.0,148.543,1.82,0.81,1.01,,22.079999923706055,97.16000366210938,2088.659912109375,4.7,1.6843334719788938,,,,,2026-07-25 07:39:25,,1.68,,0.41,0.0099999999999999,0.1356665280211062,,
2016-11-04,3944.71,4453087.0,371894.0,136.483,1.79,0.8,0.99,,22.510000228881836,97.06999969482422,2085.179931640625,4.7,1.6843334719788938,,,,,2026-07-25 07:39:25,,1.68,,0.41,0.0099999999999999,0.1056665280211062,,
2016-11-05,3944.71,4453087.0,371894.0,136.483,1.79,0.8,0.99,,22.510000228881836,97.06999969482422,2085.179931640625,4.7,1.6843334719788938,,,,,2026-07-25 07:39:26,,1.68,,0.41,0.0099999999999999,0.1056665280211062,,
2016-11-06,3944.71,4453087.0,371894.0,136.483,1.79,0.8,0.99,,22.510000228881836,97.06999969482422,2085.179931640625,4.7,1.6843334719788938,,,,,2026-07-25 07:39:26,,1.68,,0.41,0.0099999999999999,0.1056665280211062,,
2016-11-07,3952.522,4453087.0,371894.0,128.671,1.83,0.82,1.01,,18.709999084472656,97.77999877929688,2131.52001953125,4.7,1.6843334719788938,,,,,2026-07-25 07:39:26,,1.71,,0.41,0.0099999999999999,0.1456665280211062,,
2016-11-08,3953.863,4453087.0,371894.0,127.33,1.88,0.87,1.01,,18.739999771118164,97.86000061035156,2139.56005859375,4.7,1.6843334719788938,,,,,2026-07-25 07:39:26,,1.73,,0.41,0.0099999999999999,0.195666528021106,,
2016-11-09,3958.64,4455087.0,365454.0,130.993,2.07,0.9,1.17,,14.380000114440918,98.5,2163.260009765625,4.7,1.6843334719788938,,,,,2026-07-25 07:39:26,,1.82,,0.41,0.0099999999999999,0.385666528021106,,
2016-11-10,3989.697,4455087.0,365454.0,99.936,2.15,0.92,1.23,,14.739999771118164,98.79000091552734,2167.47998046875,4.7,1.6843334719788938,,,,,2026-07-25 07:39:26,,1.88,,0.41,0.0,0.4656665280211061,,
2016-11-11,3989.697,4455087.0,365454.0,99.936,2.15,0.92,1.23,,14.170000076293944,98.79000091552734,2164.449951171875,4.7,1.6843334719788938,,,,,2026-07-25 07:39:26,,1.88,,0.41,0.0,0.4656665280211061,,
2016-11-12,3989.697,4455087.0,365454.0,99.936,2.15,0.92,1.23,,14.170000076293944,98.79000091552734,2164.449951171875,4.7,1.6843334719788938,,,,,2026-07-25 07:39:26,,1.88,,0.41,0.0,0.4656665280211061,,
2016-11-13,3989.697,4455087.0,365454.0,99.936,2.15,0.92,1.23,,14.170000076293944,98.79000091552734,2164.449951171875,4.7,1.6843334719788938,,,,,2026-07-25 07:39:26,,1.88,,0.41,0.0,0.4656665280211061,,
2016-11-14,4008.185,4455087.0,365454.0,81.448,2.23,1.0,1.23,,14.479999542236328,100.11000061035156,2164.199951171875,4.7,1.6843334719788938,,,,,2026-07-25 07:39:26,,1.83,,0.41,0.0,0.5456665280211062,,
2016-11-15,3987.386,4455087.0,365454.0,102.247,2.23,1.02,1.21,,13.369999885559082,100.19000244140624,2180.389892578125,4.7,1.6843334719788938,,,,,2026-07-25 07:39:26,,1.82,,0.41,0.0,0.5456665280211062,,
2016-11-16,3961.681,4453633.0,375908.0,116.044,2.22,1.0,1.22,,13.720000267028809,100.41000366210938,2176.93994140625,4.7,1.6843334719788938,,,,,2026-07-25 07:39:26,,1.83,,0.41,0.0,0.5356665280211064,,
2016-11-17,3985.328,4453633.0,375908.0,92.397,2.29,1.04,1.25,,13.350000381469728,100.88999938964844,2187.1201171875,4.7,1.6843334719788938,,,,,2026-07-25 07:39:26,,1.87,,0.41,0.0,0.6056665280211062,,
2016-11-18,3961.634,4453633.0,375908.0,116.091,2.34,1.07,1.27,,12.850000381469728,101.20999908447266,2181.89990234375,4.7,1.6843334719788938,,,,,2026-07-25 07:39:26,,1.9,,0.41,0.0,0.655666528021106,,
2016-11-19,3961.634,4453633.0,375908.0,116.091,2.34,1.07,1.27,,12.850000381469728,101.20999908447266,2181.89990234375,4.7,1.6843334719788938,,,,,2026-07-25 07:39:26,,1.9,,0.41,0.0,0.655666528021106,,
2016-11-20,3961.634,4453633.0,375908.0,116.091,2.34,1.07,1.27,,12.850000381469728,101.20999908447266,2181.89990234375,4.7,1.6843334719788938,,,,,2026-07-25 07:39:26,,1.9,,0.41,0.0,0.655666528021106,,
2016-11-21,3942.338,4453633.0,375908.0,135.387,2.33,1.08,1.25,,12.420000076293944,101.0500030517578,2198.179931640625,4.7,1.6843334719788938,,,,,2026-07-25 07:39:26,,1.91,,0.41,0.0,0.6456665280211062,,
2016-11-22,3949.503,4453633.0,375908.0,128.222,2.31,1.07,1.24,,12.40999984741211,101.04000091552734,2202.93994140625,4.7,1.6843334719788938,,,,,2026-07-25 07:39:26,,1.9,,0.41,0.0,0.6256665280211062,,
2016-11-23,3959.728,4465782.0,386683.0,119.371,2.36,1.12,1.24,,12.43000030517578,101.6999969482422,2204.719970703125,4.7,1.6843334719788938,,,,,2026-07-25 07:39:26,,1.92,,0.41,0.0,0.675666528021106,,
2016-11-24,3959.728,4465782.0,386683.0,119.371,2.36,1.12,1.24,,12.43000030517578,101.6999969482422,2204.719970703125,4.7,1.6843334719788938,,,,,2026-07-25 07:39:26,,1.92,,0.41,0.0,0.675666528021106,,
2016-11-25,3957.934,4465782.0,386683.0,121.165,2.36,1.12,1.24,,12.34000015258789,101.48999786376952,2213.35009765625,4.7,1.6843334719788938,,,,,2026-07-25 07:39:26,,1.89,,0.41,0.0,0.675666528021106,,
2016-11-26,3957.934,4465782.0,386683.0,121.165,2.36,1.12,1.24,,12.34000015258789,101.48999786376952,2213.35009765625,4.7,1.6843334719788938,,,,,2026-07-25 07:39:26,,1.89,,0.41,0.0,0.675666528021106,,
2016-11-27,3957.934,4465782.0,386683.0,121.165,2.36,1.12,1.24,,12.34000015258789,101.48999786376952,2213.35009765625,4.7,1.6843334719788938,,,,,2026-07-25 07:39:26,,1.89,,0.41,0.0,0.675666528021106,,
2016-11-28,3932.196,4465782.0,386683.0,146.903,2.32,1.11,1.21,,13.149999618530272,101.33000183105467,2201.719970703125,4.7,1.6843334719788938,,,,,2026-07-25 07:39:26,,1.85,,0.41,0.0,0.635666528021106,,
2016-11-29,3940.698,4465782.0,386683.0,138.401,2.3,1.09,1.21,,12.899999618530272,100.93000030517578,2204.659912109375,4.7,1.6843334719788938,,,,,2026-07-25 07:39:26,,1.86,,0.41,0.0,0.615666528021106,,
2016-11-30,3815.749,4446307.0,422034.0,208.524,2.37,1.11,1.26,,13.329999923706056,101.5,2198.81005859375,4.7,1.793818161935734,,,,,2026-07-25 07:39:26,,1.94,,0.31,0.0,0.576181838064266,,
2016-12-01,3865.057999999999,4446307.0,422034.0,159.215,2.45,1.14,1.31,,14.06999969482422,101.04000091552734,2191.080078125,4.7,2.0507989115119862,,,,,2026-07-25 07:39:26,,1.97,,0.41,0.0,0.3992010884880139,,
2016-12-02,3856.392,4446307.0,422034.0,167.881,2.4,1.11,1.29,,14.119999885559082,100.7699966430664,2191.949951171875,4.7,2.0507989115119862,,,,,2026-07-25 07:39:26,,1.91,,0.41,0.0,0.3492010884880137,,
2016-12-03,3856.392,4446307.0,422034.0,167.881,2.4,1.11,1.29,,14.119999885559082,100.7699966430664,2191.949951171875,4.7,2.0507989115119862,,,,,2026-07-25 07:39:26,,1.91,,0.41,0.0,0.3492010884880137,,
2016-12-04,3856.392,4446307.0,422034.0,167.881,2.4,1.11,1.29,,14.119999885559082,100.7699966430664,2191.949951171875,4.7,2.0507989115119862,,,,,2026-07-25 07:39:26,,1.91,,0.41,0.0,0.3492010884880137,,
2016-12-05,3855.903999999999,4446307.0,422034.0,168.369,2.39,1.13,1.26,,12.140000343322754,100.13999938964844,2204.7099609375,4.7,2.0507989115119862,,,,,2026-07-25 07:39:26,,1.94,,0.41,0.0,0.3392010884880139,,
2016-12-06,3838.722999999999,4446307.0,422034.0,185.55,2.39,1.12,1.27,,11.789999961853027,100.48999786376952,2212.22998046875,4.7,2.0507989115119862,,,,,2026-07-25 07:39:26,,1.95,,0.41,0.0,0.3392010884880139,,
2016-12-07,3918.774,4448618.0,344032.0,185.812,2.34,1.1,1.24,,12.220000267028809,100.2300033569336,2241.35009765625,4.7,2.0507989115119862,,,,,2026-07-25 07:39:26,,1.92,,0.41,0.0,0.2892010884880136,,
2016-12-08,3918.273,4448618.0,344032.0,186.313,2.4,1.12,1.28,,12.640000343322754,101.06999969482422,2246.18994140625,4.7,2.0507989115119862,,,,,2026-07-25 07:39:26,,1.95,,0.41,0.0,0.3492010884880137,,
2016-12-09,3918.787,4448618.0,344032.0,185.799,2.47,1.15,1.32,,11.75,101.56999969482422,2259.530029296875,4.7,2.0507989115119862,,,,,2026-07-25 07:39:26,,1.96,,0.41,0.0,0.4192010884880139,,
2016-12-10,3918.787,4448618.0,344032.0,185.799,2.47,1.15,1.32,,11.75,101.56999969482422,2259.530029296875,4.7,2.0507989115119862,,,,,2026-07-25 07:39:26,,1.96,,0.41,0.0,0.4192010884880139,,
2016-12-11,3918.787,4448618.0,344032.0,185.799,2.47,1.15,1.32,,11.75,101.56999969482422,2259.530029296875,4.7,2.0507989115119862,,,,,2026-07-25 07:39:26,,1.96,,0.41,0.0,0.4192010884880139,,
2016-12-12,3915.256,4448618.0,344032.0,189.33,2.49,1.15,1.34,,12.640000343322754,100.95999908447266,2256.9599609375,4.7,2.0507989115119862,,,,,2026-07-25 07:39:26,,1.98,,0.41,0.0,0.439201088488014,,
2016-12-13,3866.126,4448618.0,344032.0,238.46,2.48,1.17,1.31,,12.720000267028809,101.02999877929688,2271.719970703125,4.7,2.0507989115119862,,,,,2026-07-25 07:39:26,,1.95,,0.41,0.0,0.4292010884880137,,
2016-12-14,3976.139,4470973.0,325271.0,169.563,2.54,1.27,1.27,,13.1899995803833,102.0,2253.280029296875,4.7,2.0507989115119862,,,,,2026-07-25 07:39:26,,1.94,,0.41,0.0,0.4892010884880138,,
2016-12-15,3946.048,4470973.0,325271.0,199.654,2.6,1.29,1.31,,12.789999961853027,103.12999725341795,2262.030029296875,4.7,2.0507989115119862,,,,,2026-07-25 07:39:26,,1.9,,0.66,0.25,0.5492010884880139,,
2016-12-16,3931.996,4470973.0,325271.0,213.706,2.6,1.28,1.32,,12.199999809265137,102.9499969482422,2258.070068359375,4.7,2.0507989115119862,,,,,2026-07-25 07:39:26,,1.86,,0.66,0.25,0.5492010884880139,,
2016-12-17,3931.996,4470973.0,325271.0,213.706,2.6,1.28,1.32,,12.199999809265137,102.9499969482422,2258.070068359375,4.7,2.0507989115119862,,,,,2026-07-25 07:39:26,,1.86,,0.66,0.25,0.5492010884880139,,
2016-12-18,3931.996,4470973.0,325271.0,213.706,2.6,1.28,1.32,,12.199999809265137,102.9499969482422,2258.070068359375,4.7,2.0507989115119862,,,,,2026-07-25 07:39:26,,1.86,,0.66,0.25,0.5492010884880139,,
2016-12-19,3908.177,4470973.0,325271.0,237.525,2.54,1.24,1.3,,11.710000038146973,103.13999938964844,2262.530029296875,4.7,2.0507989115119862,,,,,2026-07-25 07:39:26,,1.86,,0.66,0.25,0.4892010884880138,,
2016-12-20,3868.348,4470973.0,325271.0,277.354,2.57,1.25,1.32,,11.449999809265137,103.29000091552734,2270.760009765625,4.7,2.0507989115119862,,,,,2026-07-25 07:39:26,,1.9,,0.66,0.25,0.5192010884880136,,
2016-12-21,3774.598,4469089.0,387014.0,307.477,2.55,1.21,1.34,,11.270000457763672,103.0199966430664,2265.179931640625,4.7,2.0507989115119862,,,,,2026-07-25 07:39:26,,1.91,,0.66,0.25,0.4992010884880136,,
2016-12-22,3769.737,4469089.0,387014.0,312.338,2.55,1.22,1.33,,11.43000030517578,103.08999633789062,2260.9599609375,4.7,2.0507989115119862,,,,,2026-07-25 07:39:26,,1.95,,0.66,0.25,0.4992010884880136,,
2016-12-23,3801.432,4469089.0,387014.0,280.643,2.55,1.22,1.33,,11.4399995803833,103.01000213623048,2263.7900390625,4.7,2.0507989115119862,,,,,2026-07-25 07:39:26,,1.97,,0.66,0.25,0.4992010884880136,,
2016-12-24,3801.432,4469089.0,387014.0,280.643,2.55,1.22,1.33,,11.4399995803833,103.01000213623048,2263.7900390625,4.7,2.0507989115119862,,,,,2026-07-25 07:39:26,,1.97,,0.66,0.25,0.4992010884880136,,
2016-12-25,3801.432,4469089.0,387014.0,280.643,2.55,1.22,1.33,,11.4399995803833,103.01000213623048,2263.7900390625,4.7,2.0507989115119862,,,,,2026-07-25 07:39:26,,1.97,,0.66,0.25,0.4992010884880136,,
2016-12-26,3801.432,4469089.0,387014.0,280.643,2.55,1.22,1.33,,11.4399995803833,103.01000213623048,2263.7900390625,4.7,2.0507989115119862,,,,,2026-07-25 07:39:26,,1.97,,0.66,0.25,0.4992010884880136,,
2016-12-27,3788.014,4469089.0,387014.0,294.061,2.57,1.28,1.29,,11.989999771118164,103.0199966430664,2268.8798828125,4.7,2.0507989115119862,,,,,2026-07-25 07:39:26,,1.99,,0.66,0.25,0.5192010884880136,,
2016-12-28,3754.714,4451451.0,372825.0,323.912,2.51,1.26,1.25,,12.949999809265137,103.26000213623048,2249.919921875,4.7,2.0507989115119862,,,,,2026-07-25 07:39:26,,1.95,,0.66,0.25,0.4592010884880135,,
2016-12-29,3732.154000000001,4451451.0,372825.0,346.472,2.49,1.22,1.27,,13.369999885559082,102.68000030517578,2249.260009765625,4.7,2.0507989115119862,,,,,2026-07-25 07:39:26,,1.94,,0.66,0.25,0.439201088488014,,
2016-12-30,3610.271,4451451.0,372825.0,468.355,2.45,1.2,1.25,,14.039999961853027,102.38999938964844,2238.830078125,4.7,2.0507989115119862,,,,,2026-07-25 07:39:26,,1.95,,0.55,0.24,0.3992010884880139,,
2016-12-31,3610.271,4451451.0,372825.0,468.355,2.45,1.2,1.25,,14.039999961853027,102.38999938964844,2238.830078125,4.7,2.0976049012842335,,,,,2026-07-25 07:39:27,,1.95,,0.55,0.14,0.3523950987157667,,
2017-01-01,3610.271,4451451.0,372825.0,468.355,2.45,1.2,1.25,,14.039999961853027,102.38999938964844,2238.830078125,4.7,2.5103933482571117,,,,,2026-07-25 07:39:27,,1.95,,0.55,0.14,-0.0603933482571115,,
2017-01-02,3610.271,4451451.0,372825.0,468.355,2.45,1.2,1.25,,14.039999961853027,102.38999938964844,2238.830078125,4.7,2.5103933482571117,,,,,2026-07-25 07:39:27,,1.95,,0.55,0.14,-0.0603933482571115,,
2017-01-03,3791.39,4451451.0,372825.0,287.236,2.45,1.22,1.23,,12.850000381469728,103.20999908447266,2257.830078125,4.7,2.5103933482571117,,,,,2026-07-25 07:39:27,,1.98,,0.66,0.25,-0.0603933482571115,,
2017-01-04,3814.8,4453101.0,371833.0,266.468,2.46,1.24,1.22,,11.850000381469728,102.6999969482422,2270.75,4.7,2.5103933482571117,,,,,2026-07-25 07:39:27,,1.99,,0.66,0.25,-0.0503933482571117,,
2017-01-05,3847.838,4453101.0,371833.0,233.43,2.37,1.17,1.2,,11.670000076293944,101.5199966430664,2269.0,4.7,2.5103933482571117,,,,,2026-07-25 07:39:27,,1.95,,0.66,0.25,-0.1403933482571115,,
2017-01-06,3872.063,4453101.0,371833.0,209.205,2.42,1.22,1.2,,11.31999969482422,102.22000122070312,2276.97998046875,4.7,2.5103933482571117,,,,,2026-07-25 07:39:27,,1.96,,0.66,0.25,-0.0903933482571117,,
2017-01-07,3872.063,4453101.0,371833.0,209.205,2.42,1.22,1.2,,11.31999969482422,102.22000122070312,2276.97998046875,4.7,2.5103933482571117,,,,,2026-07-25 07:39:27,,1.96,,0.66,0.25,-0.0903933482571117,,
2017-01-08,3872.063,4453101.0,371833.0,209.205,2.42,1.22,1.2,,11.31999969482422,102.22000122070312,2276.97998046875,4.7,2.5103933482571117,,,,,2026-07-25 07:39:27,,1.96,,0.66,0.25,-0.0903933482571117,,
2017-01-09,3889.298,4453101.0,371833.0,191.97,2.38,1.21,1.17,,11.5600004196167,101.93000030517578,2268.89990234375,4.7,2.5103933482571117,,,,,2026-07-25 07:39:27,,1.95,,0.66,0.25,-0.1303933482571118,,
2017-01-10,3900.552999999999,4453101.0,371833.0,180.715,2.38,1.19,1.19,,11.489999771118164,102.01000213623048,2268.89990234375,4.7,2.5103933482571117,,,,,2026-07-25 07:39:27,,1.95,,0.66,0.25,-0.1303933482571118,,
2017-01-11,3924.679,4452509.0,369010.0,158.82,2.38,1.2,1.18,,11.260000228881836,101.77999877929688,2275.320068359375,4.7,2.5103933482571117,,,,,2026-07-25 07:39:27,,1.99,,0.66,0.25,-0.1303933482571118,,
2017-01-12,3942.281,4452509.0,369010.0,141.218,2.36,1.18,1.18,,11.539999961853027,101.3499984741211,2270.43994140625,4.7,2.5103933482571117,,,,,2026-07-25 07:39:27,,1.98,,0.66,0.25,-0.1503933482571118,,
2017-01-13,3995.298,4452509.0,369010.0,88.201,2.4,1.21,1.19,,11.229999542236328,101.18000030517578,2274.639892578125,4.7,2.5103933482571117,,,,,2026-07-25 07:39:27,,1.99,,0.66,0.25,-0.1103933482571117,,
2017-01-14,3995.298,4452509.0,369010.0,88.201,2.4,1.21,1.19,,11.229999542236328,101.18000030517578,2274.639892578125,4.7,2.5103933482571117,,,,,2026-07-25 07:39:27,,1.99,,0.66,0.0,-0.1103933482571117,,
2017-01-15,3995.298,4452509.0,369010.0,88.201,2.4,1.21,1.19,,11.229999542236328,101.18000030517578,2274.639892578125,4.7,2.5103933482571117,,,,,2026-07-25 07:39:27,,1.99,,0.66,0.0,-0.1103933482571117,,
2017-01-16,3995.298,4452509.0,369010.0,88.201,2.4,1.21,1.19,,11.229999542236328,101.18000030517578,2274.639892578125,4.7,2.5103933482571117,,,,,2026-07-25 07:39:27,,1.99,,0.66,0.0,-0.1103933482571117,,
2017-01-17,3986.701,4452509.0,369010.0,96.798,2.33,1.17,1.16,,11.869999885559082,100.33000183105467,2267.889892578125,4.7,2.5103933482571117,,,,,2026-07-25 07:39:27,,1.97,,0.66,0.0,-0.1803933482571116,,
2017-01-18,3933.724,4460758.0,396916.0,130.118,2.42,1.23,1.19,,12.479999542236328,100.93000030517578,2271.889892578125,4.7,2.5103933482571117,,,,,2026-07-25 07:39:27,,2.0,,0.66,0.0,-0.0903933482571117,,
2017-01-19,3925.204999999999,4460758.0,396916.0,138.637,2.47,1.25,1.22,,12.779999732971191,101.1500015258789,2263.68994140625,4.7,2.5103933482571117,,,,,2026-07-25 07:39:27,,2.04,,0.66,0.0,-0.0403933482571114,,
2017-01-20,3915.057,4460758.0,396916.0,148.785,2.48,1.2,1.28,,11.539999961853027,100.73999786376952,2271.31005859375,4.7,2.5103933482571117,,,,,2026-07-25 07:39:27,,2.04,,0.66,0.0,-0.0303933482571117,,
2017-01-21,3915.057,4460758.0,396916.0,148.785,2.48,1.2,1.28,,11.539999961853027,100.73999786376952,2271.31005859375,4.7,2.5103933482571117,,,,,2026-07-25 07:39:27,,2.04,,0.66,0.0,-0.0303933482571117,,
2017-01-22,3915.057,4460758.0,396916.0,148.785,2.48,1.2,1.28,,11.539999961853027,100.73999786376952,2271.31005859375,4.7,2.5103933482571117,,,,,2026-07-25 07:39:27,,2.04,,0.66,0.0,-0.0303933482571117,,
2017-01-23,3907.526,4460758.0,396916.0,156.316,2.41,1.16,1.25,,11.770000457763672,100.16000366210938,2265.199951171875,4.7,2.5103933482571117,,,,,2026-07-25 07:39:27,,2.02,,0.66,0.0,-0.1003933482571115,,
2017-01-24,3953.648999999999,4460758.0,396916.0,110.193,2.47,1.21,1.26,,11.06999969482422,100.3499984741211,2280.070068359375,4.7,2.5103933482571117,,,,,2026-07-25 07:39:27,,2.06,,0.66,0.0,-0.0403933482571114,,
2017-01-25,3942.742999999999,4452838.0,401735.0,108.36,2.53,1.23,1.3,,10.8100004196167,100.02999877929688,2298.3701171875,4.7,2.5103933482571117,,,,,2026-07-25 07:39:27,,2.08,,0.66,0.0,0.0196066517428881,,
2017-01-26,3956.432999999999,4452838.0,401735.0,94.67,2.51,1.21,1.3,,10.630000114440918,100.37999725341795,2296.679931640625,4.7,2.5103933482571117,,,,,2026-07-25 07:39:27,,2.08,,0.66,0.0,-0.0003933482571119,,
2017-01-27,3942.331,4452838.0,401735.0,108.772,2.49,1.22,1.27,,10.579999923706056,100.52999877929688,2294.68994140625,4.7,2.5103933482571117,,,,,2026-07-25 07:39:27,,2.08,,0.66,0.0,-0.0203933482571114,,
2017-01-28,3942.331,4452838.0,401735.0,108.772,2.49,1.22,1.27,,10.579999923706056,100.52999877929688,2294.68994140625,4.7,2.5103933482571117,,,,,2026-07-25 07:39:27,,2.08,,0.66,0.0,-0.0203933482571114,,
2017-01-29,3942.331,4452838.0,401735.0,108.772,2.49,1.22,1.27,,10.579999923706056,100.52999877929688,2294.68994140625,4.7,2.5103933482571117,,,,,2026-07-25 07:39:27,,2.08,,0.66,0.1099999999999999,-0.0203933482571114,,
2017-01-30,3949.588999999999,4452838.0,401735.0,101.514,2.49,1.22,1.27,,11.880000114440918,100.43000030517578,2280.89990234375,4.7,2.5103933482571117,,,,,2026-07-25 07:39:27,,2.07,,0.66,0.1099999999999999,-0.0203933482571114,,
2017-01-31,3870.941,4452838.0,401735.0,180.162,2.45,1.19,1.26,,11.989999771118164,99.51000213623048,2278.8701171875,4.7,2.6468803721306333,,,,,2026-07-25 07:39:27,,2.05,,0.56,0.01,-0.1968803721306331,,
2017-02-01,3980.922,4453881.0,339229.0,133.73,2.48,1.22,1.26,,11.8100004196167,99.63999938964844,2279.550048828125,4.6,2.8103616813294208,,,,,2026-07-25 07:39:27,,2.05,,0.66,0.1099999999999999,-0.3303616813294208,,
2017-02-02,4003.532,4453881.0,339229.0,111.12,2.48,1.21,1.27,,11.93000030517578,99.8499984741211,2280.85009765625,4.6,2.8103616813294208,,,,,2026-07-25 07:39:27,,2.05,,0.66,0.0,-0.3303616813294208,,
2017-02-03,3997.291,4453881.0,339229.0,117.361,2.49,1.21,1.28,,10.970000267028809,99.87000274658205,2297.419921875,4.6,2.8103616813294208,,,,,2026-07-25 07:39:27,,2.05,,0.66,0.0,-0.3203616813294205,,
2017-02-04,3997.291,4453881.0,339229.0,117.361,2.49,1.21,1.28,,10.970000267028809,99.87000274658205,2297.419921875,4.6,2.8103616813294208,,,,,2026-07-25 07:39:27,,2.05,,0.66,0.0,-0.3203616813294205,,
2017-02-05,3997.291,4453881.0,339229.0,117.361,2.49,1.21,1.28,,10.970000267028809,99.87000274658205,2297.419921875,4.6,2.8103616813294208,,,,,2026-07-25 07:39:27,,2.05,,0.66,0.0,-0.3203616813294205,,
2017-02-06,3988.992,4453881.0,339229.0,125.66,2.42,1.16,1.26,,11.369999885559082,99.91000366210938,2292.56005859375,4.6,2.8103616813294208,,,,,2026-07-25 07:39:27,,2.02,,0.66,0.0,-0.3903616813294208,,
2017-02-07,3982.993,4453881.0,339229.0,131.659,2.4,1.16,1.24,,11.289999961853027,100.26000213623048,2293.080078125,4.6,2.8103616813294208,,,,,2026-07-25 07:39:27,,2.0,,0.66,0.0,-0.4103616813294208,,
2017-02-08,4046.267,4456236.0,287035.0,122.934,2.34,1.15,1.19,,11.449999809265137,100.27999877929688,2294.669921875,4.6,2.8103616813294208,,,,,2026-07-25 07:39:27,,1.96,,0.66,0.0,-0.4703616813294209,,
2017-02-09,4085.307,4456236.0,287035.0,83.894,2.4,1.2,1.2,,10.880000114440918,100.6500015258789,2307.8701171875,4.6,2.8103616813294208,,,,,2026-07-25 07:39:27,,1.99,,0.66,0.0,-0.4103616813294208,,
2017-02-10,4095.032,4456236.0,287035.0,74.169,2.41,1.2,1.21,,10.850000381469728,100.8000030517578,2316.10009765625,4.6,2.8103616813294208,,,,,2026-07-25 07:39:27,,2.01,,0.66,0.0,-0.4003616813294206,,
2017-02-11,4095.032,4456236.0,287035.0,74.169,2.41,1.2,1.21,,10.850000381469728,100.8000030517578,2316.10009765625,4.6,2.8103616813294208,,,,,2026-07-25 07:39:27,,2.01,,0.66,0.0,-0.4003616813294206,,
2017-02-12,4095.032,4456236.0,287035.0,74.169,2.41,1.2,1.21,,10.850000381469728,100.8000030517578,2316.10009765625,4.6,2.8103616813294208,,,,,2026-07-25 07:39:27,,2.01,,0.66,0.0,-0.4003616813294206,,
2017-02-13,4071.098,4456236.0,287035.0,98.103,2.43,1.2,1.23,,11.06999969482422,100.95999908447266,2328.25,4.6,2.8103616813294208,,,,,2026-07-25 07:39:27,,2.0,,0.66,0.0,-0.3803616813294206,,
2017-02-14,4081.203,4456236.0,287035.0,87.998,2.47,1.25,1.22,,10.739999771118164,101.25,2337.580078125,4.6,2.8103616813294208,,,,,2026-07-25 07:39:27,,2.01,,0.66,0.0,-0.3403616813294206,,
2017-02-15,4075.375000000001,4454676.0,274178.0,105.123,2.51,1.27,1.24,,11.970000267028809,101.18000030517578,2349.25,4.6,2.8103616813294208,,,,,2026-07-25 07:39:27,,2.06,,0.66,0.0,-0.300361681329421,,
2017-02-16,4075.52,4454676.0,274178.0,104.978,2.45,1.22,1.23,,11.760000228881836,100.44000244140624,2347.219970703125,4.6,2.8103616813294208,,,,,2026-07-25 07:39:27,,2.02,,0.66,0.0,-0.3603616813294206,,
2017-02-17,4033.255000000001,4454676.0,274178.0,147.243,2.42,1.21,1.21,,11.489999771118164,100.9499969482422,2351.159912109375,4.6,2.8103616813294208,,,,,2026-07-25 07:39:27,,2.01,,0.66,0.0,-0.3903616813294208,,
2017-02-18,4033.255000000001,4454676.0,274178.0,147.243,2.42,1.21,1.21,,11.489999771118164,100.9499969482422,2351.159912109375,4.6,2.8103616813294208,,,,,2026-07-25 07:39:27,,2.01,,0.66,0.0,-0.3903616813294208,,
2017-02-19,4033.255000000001,4454676.0,274178.0,147.243,2.42,1.21,1.21,,11.489999771118164,100.9499969482422,2351.159912109375,4.6,2.8103616813294208,,,,,2026-07-25 07:39:27,,2.01,,0.66,0.0,-0.3903616813294208,,
2017-02-20,4033.255000000001,4454676.0,274178.0,147.243,2.42,1.21,1.21,,11.489999771118164,100.9499969482422,2351.159912109375,4.6,2.8103616813294208,,,,,2026-07-25 07:39:27,,2.01,,0.66,0.0,-0.3903616813294208,,
2017-02-21,4017.239000000001,4454676.0,274178.0,163.259,2.43,1.22,1.21,,11.56999969482422,101.37000274658205,2365.3798828125,4.6,2.8103616813294208,,,,,2026-07-25 07:39:27,,2.03,,0.66,0.0,-0.3803616813294206,,
2017-02-22,4062.698,4468702.0,228171.0,177.833,2.42,1.22,1.2,,11.739999771118164,101.33000183105467,2362.820068359375,4.6,2.8103616813294208,,,,,2026-07-25 07:39:27,,2.04,,0.66,0.0,-0.3903616813294208,,
2017-02-23,4053.355,4468702.0,228171.0,187.176,2.38,1.18,1.2,,11.710000038146973,101.0500030517578,2363.81005859375,4.6,2.8103616813294208,,,,,2026-07-25 07:39:27,,2.03,,0.66,0.0,-0.4303616813294209,,
2017-02-24,4079.649,4468702.0,228171.0,160.882,2.31,1.12,1.19,,11.470000267028809,101.08999633789062,2367.340087890625,4.6,2.8103616813294208,,,,,2026-07-25 07:39:27,,2.0,,0.66,0.0,-0.5003616813294207,,
2017-02-25,4079.649,4468702.0,228171.0,160.882,2.31,1.12,1.19,,11.470000267028809,101.08999633789062,2367.340087890625,4.6,2.8103616813294208,,,,,2026-07-25 07:39:27,,2.0,,0.66,0.0,-0.5003616813294207,,
2017-02-26,4079.649,4468702.0,228171.0,160.882,2.31,1.12,1.19,,11.470000267028809,101.08999633789062,2367.340087890625,4.6,2.8103616813294208,,,,,2026-07-25 07:39:27,,2.0,,0.66,0.0,-0.5003616813294207,,
2017-02-27,4087.149,4468702.0,228171.0,153.382,2.36,1.2,1.16,,12.09000015258789,101.12999725341795,2369.75,4.6,2.8103616813294208,,,,,2026-07-25 07:39:27,,2.01,,0.66,0.0,-0.4503616813294209,,
2017-02-28,4035.88,4468702.0,228171.0,204.651,2.36,1.22,1.14,,12.920000076293944,101.12000274658205,2363.639892578125,4.6,2.8103616813294208,,,,,2026-07-25 07:39:27,,2.02,,0.57,-0.09,-0.4503616813294209,,
2017-03-01,4153.623,4458018.0,148385.0,156.01,2.46,1.29,1.17,,12.539999961853027,101.77999877929688,2395.9599609375,4.4,2.44119623655914,,,,,2026-07-25 07:39:27,,2.03,,0.66,0.0,0.0188037634408599,,
2017-03-02,4141.491,4458018.0,148385.0,168.142,2.49,1.32,1.17,,11.8100004196167,102.1999969482422,2381.919921875,4.4,2.44119623655914,,,,,2026-07-25 07:39:27,,2.01,,0.66,0.0999999999999999,0.0488037634408602,,
2017-03-03,4116.361,4458018.0,148385.0,193.272,2.49,1.32,1.17,,10.960000038146973,101.54000091552734,2383.1201171875,4.4,2.44119623655914,,,,,2026-07-25 07:39:27,,2.04,,0.66,0.0,0.0488037634408602,,
2017-03-04,4116.361,4458018.0,148385.0,193.272,2.49,1.32,1.17,,10.960000038146973,101.54000091552734,2383.1201171875,4.4,2.44119623655914,,,,,2026-07-25 07:39:27,,2.04,,0.66,0.0,0.0488037634408602,,
2017-03-05,4116.361,4458018.0,148385.0,193.272,2.49,1.32,1.17,,10.960000038146973,101.54000091552734,2383.1201171875,4.4,2.44119623655914,,,,,2026-07-25 07:39:28,,2.04,,0.66,0.0,0.0488037634408602,,
2017-03-06,4104.423,4458018.0,148385.0,205.21,2.49,1.31,1.18,,11.239999771118164,101.63999938964844,2375.31005859375,4.4,2.44119623655914,,,,,2026-07-25 07:39:28,,2.01,,0.66,0.0,0.0488037634408602,,
2017-03-07,4100.8679999999995,4458018.0,148385.0,208.765,2.52,1.32,1.2,,11.449999809265137,101.80999755859376,2368.389892578125,4.4,2.44119623655914,,,,,2026-07-25 07:39:28,,2.03,,0.66,0.0,0.07880376344086,,
2017-03-08,4181.553000000001,4459840.0,66163.0,212.124,2.57,1.36,1.21,,11.859999656677246,102.06999969482422,2362.97998046875,4.4,2.44119623655914,,,,,2026-07-25 07:39:28,,2.01,,0.66,0.0,0.1288037634408598,,
2017-03-09,4175.8460000000005,4459840.0,66163.0,217.831,2.6,1.37,1.23,,12.300000190734863,101.8499984741211,2364.8701171875,4.4,2.44119623655914,,,,,2026-07-25 07:39:28,,2.0,,0.66,0.0,0.1588037634408601,,
2017-03-10,4160.631,4459840.0,66163.0,233.046,2.58,1.36,1.22,,11.65999984741211,101.25,2372.60009765625,4.4,2.44119623655914,,,,,2026-07-25 07:39:28,,2.01,,0.66,0.0,0.1388037634408601,,
2017-03-11,4160.631,4459840.0,66163.0,233.046,2.58,1.36,1.22,,11.65999984741211,101.25,2372.60009765625,4.4,2.44119623655914,,,,,2026-07-25 07:39:28,,2.01,,0.66,0.0,0.1388037634408601,,
2017-03-12,4160.631,4459840.0,66163.0,233.046,2.58,1.36,1.22,,11.65999984741211,101.25,2372.60009765625,4.4,2.44119623655914,,,,,2026-07-25 07:39:28,,2.01,,0.66,0.0,0.1388037634408601,,
2017-03-13,4160.715,4459840.0,66163.0,232.962,2.62,1.4,1.22,,11.350000381469728,101.37999725341795,2373.469970703125,4.4,2.44119623655914,,,,,2026-07-25 07:39:28,,2.01,,0.66,0.0,0.1788037634408601,,
2017-03-14,4192.879000000001,4459840.0,66163.0,200.798,2.6,1.4,1.2,,12.300000190734863,101.6999969482422,2365.449951171875,4.4,2.44119623655914,,,,,2026-07-25 07:39:28,,1.99,,0.66,0.0,0.1588037634408601,,
2017-03-15,4219.651,4469577.0,23416.0,226.51,2.51,1.33,1.18,,11.630000114440918,100.73999786376952,2385.260009765625,4.4,2.44119623655914,,,,,2026-07-25 07:39:28,,2.01,,0.66,0.0,0.0688037634408598,,
2017-03-16,4237.0470000000005,4469577.0,23416.0,209.114,2.53,1.35,1.18,,11.210000038146973,100.2699966430664,2381.3798828125,4.4,2.44119623655914,,,,,2026-07-25 07:39:28,,2.02,,0.91,0.25,0.0888037634408598,,
2017-03-17,4205.492,4469577.0,23416.0,240.669,2.5,1.33,1.17,,11.279999732971191,100.3000030517578,2378.25,4.4,2.44119623655914,,,,,2026-07-25 07:39:28,,2.01,,0.91,0.25,0.05880376344086,,
2017-03-18,4205.492,4469577.0,23416.0,240.669,2.5,1.33,1.17,,11.279999732971191,100.3000030517578,2378.25,4.4,2.44119623655914,,,,,2026-07-25 07:39:28,,2.01,,0.91,0.25,0.05880376344086,,
2017-03-19,4205.492,4469577.0,23416.0,240.669,2.5,1.33,1.17,,11.279999732971191,100.3000030517578,2378.25,4.4,2.44119623655914,,,,,2026-07-25 07:39:28,,2.01,,0.91,0.25,0.05880376344086,,
2017-03-20,4210.334,4469577.0,23416.0,235.827,2.47,1.3,1.17,,11.34000015258789,100.41000366210938,2373.469970703125,4.4,2.44119623655914,,,,,2026-07-25 07:39:28,,2.0,,0.91,0.25,0.0288037634408602,,
2017-03-21,4208.83,4469577.0,23416.0,237.331,2.43,1.27,1.16,,12.470000267028809,99.80999755859376,2344.02001953125,4.4,2.44119623655914,,,,,2026-07-25 07:39:28,,1.98,,0.91,0.25,-0.0111962365591398,,
2017-03-22,4172.978,4478236.0,54245.0,251.013,2.4,1.27,1.13,,12.8100004196167,99.68000030517578,2348.449951171875,4.4,2.44119623655914,,,,,2026-07-25 07:39:28,,1.97,,0.91,0.25,-0.04119623655914,,
2017-03-23,4192.528,4478236.0,54245.0,231.463,2.41,1.26,1.15,,13.119999885559082,99.76000213623048,2345.9599609375,4.4,2.44119623655914,,,,,2026-07-25 07:39:28,,1.95,,0.91,0.25,-0.0311962365591398,,
2017-03-24,4223.754,4478236.0,54245.0,200.237,2.4,1.26,1.14,,12.960000038146973,99.62999725341795,2343.97998046875,4.4,2.44119623655914,,,,,2026-07-25 07:39:28,,1.98,,0.91,0.25,-0.04119623655914,,
2017-03-25,4223.754,4478236.0,54245.0,200.237,2.4,1.26,1.14,,12.960000038146973,99.62999725341795,2343.97998046875,4.4,2.44119623655914,,,,,2026-07-25 07:39:28,,1.98,,0.91,0.25,-0.04119623655914,,
2017-03-26,4223.754,4478236.0,54245.0,200.237,2.4,1.26,1.14,,12.960000038146973,99.62999725341795,2343.97998046875,4.4,2.44119623655914,,,,,2026-07-25 07:39:28,,1.98,,0.91,0.25,-0.04119623655914,,
2017-03-27,4208.518,4478236.0,54245.0,215.473,2.38,1.27,1.11,,12.5,99.16999816894533,2341.590087890625,4.4,2.44119623655914,,,,,2026-07-25 07:39:28,,1.97,,0.91,0.25,-0.06119623655914,,
2017-03-28,4199.516,4478236.0,54245.0,224.475,2.42,1.3,1.12,,11.529999732971191,99.70999908447266,2358.570068359375,4.4,2.44119623655914,,,,,2026-07-25 07:39:28,,1.97,,0.91,0.25,-0.02119623655914,,
2017-03-29,4146.160000000001,4469618.0,63101.0,260.357,2.39,1.26,1.13,,11.420000076293944,100.0,2361.1298828125,4.4,2.44119623655914,,,,,2026-07-25 07:39:28,,1.98,,0.91,0.25,-0.0511962365591398,,
2017-03-30,4182.383000000001,4469618.0,63101.0,224.134,2.42,1.28,1.14,,11.539999961853027,100.41000366210938,2368.06005859375,4.4,2.44119623655914,,,,,2026-07-25 07:39:28,,1.96,,0.91,0.3400000000000001,-0.02119623655914,,
2017-03-31,4059.6640000000007,4469618.0,63101.0,346.853,2.4,1.27,1.13,,12.369999885559082,100.3499984741211,2362.719970703125,4.4,2.44119623655914,,,,,2026-07-25 07:39:28,,1.97,,0.82,0.1599999999999999,-0.04119623655914,,
2017-04-01,4059.6640000000007,4469618.0,63101.0,346.853,2.4,1.27,1.13,,12.369999885559082,100.3499984741211,2362.719970703125,4.4,2.176223471915395,,,,,2026-07-25 07:39:28,,1.97,,0.82,0.1599999999999999,0.2237765280846049,,
2017-04-02,4059.6640000000007,4469618.0,63101.0,346.853,2.4,1.27,1.13,,12.369999885559082,100.3499984741211,2362.719970703125,4.4,2.176223471915395,,,,,2026-07-25 07:39:28,,1.97,,0.82,0.1599999999999999,0.2237765280846049,,
2017-04-03,4172.935,4469618.0,63101.0,233.582,2.35,1.24,1.11,,12.380000114440918,100.54000091552734,2358.840087890625,4.4,2.176223471915395,,,,,2026-07-25 07:39:28,,1.96,,0.91,0.25,0.1737765280846051,,
2017-04-04,4198.8060000000005,4469618.0,63101.0,207.711,2.36,1.25,1.11,,11.789999961853027,100.54000091552734,2360.159912109375,4.4,2.176223471915395,,,,,2026-07-25 07:39:28,,1.96,,0.91,0.25,0.1837765280846048,,
2017-04-05,4217.036999999999,4474634.0,82953.0,174.644,2.34,1.24,1.1,,12.890000343322754,100.55999755859376,2352.949951171875,4.4,2.176223471915395,,,,,2026-07-25 07:39:28,,1.97,,0.91,0.25,0.1637765280846048,,
2017-04-06,4274.343999999999,4474634.0,82953.0,117.337,2.34,1.24,1.1,,12.390000343322754,100.66999816894533,2357.489990234375,4.4,2.176223471915395,,,,,2026-07-25 07:39:28,,1.95,,0.91,0.25,0.1637765280846048,,
2017-04-07,4273.906999999999,4474634.0,82953.0,117.774,2.38,1.29,1.09,,12.869999885559082,101.18000030517578,2355.5400390625,4.4,2.176223471915395,,,,,2026-07-25 07:39:28,,1.94,,0.91,0.25,0.2037765280846049,,
2017-04-08,4273.906999999999,4474634.0,82953.0,117.774,2.38,1.29,1.09,,12.869999885559082,101.18000030517578,2355.5400390625,4.4,2.176223471915395,,,,,2026-07-25 07:39:28,,1.94,,0.91,0.25,0.2037765280846049,,
2017-04-09,4273.906999999999,4474634.0,82953.0,117.774,2.38,1.29,1.09,,12.869999885559082,101.18000030517578,2355.5400390625,4.4,2.176223471915395,,,,,2026-07-25 07:39:28,,1.94,,0.91,0.25,0.2037765280846049,,
2017-04-10,4271.177,4474634.0,82953.0,120.504,2.37,1.29,1.08,,14.050000190734863,101.0199966430664,2357.159912109375,4.4,2.176223471915395,,,,,2026-07-25 07:39:28,,1.93,,0.91,0.25,0.1937765280846051,,
2017-04-11,4276.928,4474634.0,82953.0,114.753,2.32,1.24,1.08,,15.06999969482422,100.70999908447266,2353.780029296875,4.4,2.176223471915395,,,,,2026-07-25 07:39:28,,1.91,,0.91,0.25,0.1437765280846048,,
2017-04-12,4259.807,4484492.0,119157.0,105.528,2.28,1.24,1.04,,15.770000457763672,100.77999877929688,2344.929931640625,4.4,2.176223471915395,,,,,2026-07-25 07:39:28,,1.9,,0.91,0.25,0.1037765280846048,,
2017-04-13,4259.807,4484492.0,119157.0,105.528,2.24,1.21,1.03,,15.960000038146973,100.55999755859376,2328.949951171875,4.4,2.176223471915395,,,,,2026-07-25 07:39:28,,1.92,,0.91,0.25,0.0637765280846052,,
2017-04-14,4259.807,4484492.0,119157.0,105.528,2.24,1.21,1.03,,15.960000038146973,100.55999755859376,2328.949951171875,4.4,2.176223471915395,,,,,2026-07-25 07:39:28,,1.92,,0.91,0.25,0.0637765280846052,,
2017-04-15,4259.807,4484492.0,119157.0,105.528,2.24,1.21,1.03,,15.960000038146973,100.55999755859376,2328.949951171875,4.4,2.176223471915395,,,,,2026-07-25 07:39:28,,1.92,,0.91,0.0,0.0637765280846052,,
2017-04-16,4259.807,4484492.0,119157.0,105.528,2.24,1.21,1.03,,15.960000038146973,100.55999755859376,2328.949951171875,4.4,2.176223471915395,,,,,2026-07-25 07:39:28,,1.92,,0.91,0.0,0.0637765280846052,,
2017-04-17,4300.965,4484492.0,119157.0,64.37,2.26,1.21,1.05,,14.65999984741211,100.3000030517578,2349.010009765625,4.4,2.176223471915395,,,,,2026-07-25 07:39:28,,1.88,,0.91,0.0,0.0837765280846047,,
2017-04-18,4255.933,4484492.0,119157.0,109.402,2.18,1.18,1.0,,14.420000076293944,99.5,2342.18994140625,4.4,2.176223471915395,,,,,2026-07-25 07:39:28,,1.85,,0.91,0.0,0.0037765280846051,,
2017-04-19,4133.218000000001,4479270.0,229485.0,116.567,2.21,1.19,1.02,,14.93000030517578,99.73999786376952,2338.169921875,4.4,2.176223471915395,,,,,2026-07-25 07:39:28,,1.85,,0.91,0.0,0.0337765280846049,,
2017-04-20,4121.059000000001,4479270.0,229485.0,128.726,2.24,1.21,1.03,,14.149999618530272,99.77999877929688,2355.840087890625,4.4,2.176223471915395,,,,,2026-07-25 07:39:28,,1.85,,0.91,0.0,0.0637765280846052,,
2017-04-21,4113.264000000001,4479270.0,229485.0,136.521,2.24,1.2,1.04,,14.630000114440918,99.9800033569336,2348.68994140625,4.4,2.176223471915395,,,,,2026-07-25 07:39:28,,1.84,,0.91,0.0,0.0637765280846052,,
2017-04-22,4113.264000000001,4479270.0,229485.0,136.521,2.24,1.2,1.04,,14.630000114440918,99.9800033569336,2348.68994140625,4.4,2.176223471915395,,,,,2026-07-25 07:39:28,,1.84,,0.91,0.0,0.0637765280846052,,
2017-04-23,4113.264000000001,4479270.0,229485.0,136.521,2.24,1.2,1.04,,14.630000114440918,99.9800033569336,2348.68994140625,4.4,2.176223471915395,,,,,2026-07-25 07:39:28,,1.84,,0.91,0.0,0.0637765280846052,,
2017-04-24,4131.118,4479270.0,229485.0,118.667,2.28,1.25,1.03,,10.84000015258789,99.08999633789062,2374.14990234375,4.4,2.176223471915395,,,,,2026-07-25 07:39:28,,1.87,,0.91,0.0,0.1037765280846048,,
2017-04-25,4132.829000000001,4479270.0,229485.0,116.956,2.35,1.29,1.06,,10.760000228881836,98.81999969482422,2388.610107421875,4.4,2.176223471915395,,,,,2026-07-25 07:39:28,,1.91,,0.91,0.0,0.1737765280846051,,
2017-04-26,4076.974,4470142.0,270845.0,122.323,2.32,1.28,1.04,,10.850000381469728,98.95999908447266,2387.449951171875,4.4,2.176223471915395,,,,,2026-07-25 07:39:28,,1.9,,0.91,0.0,0.1437765280846048,,
2017-04-27,4071.470999999999,4470142.0,270845.0,127.826,2.3,1.25,1.05,,10.359999656677246,99.08000183105467,2388.77001953125,4.4,2.176223471915395,,,,,2026-07-25 07:39:28,,1.91,,0.91,0.0,0.1237765280846048,,
2017-04-28,4017.320999999999,4470142.0,270845.0,181.976,2.29,1.28,1.01,,10.81999969482422,99.0500030517578,2384.199951171875,4.4,2.176223471915395,,,,,2026-07-25 07:39:28,,1.92,,0.83,-0.08,0.113776528084605,,
2017-04-29,4017.320999999999,4470142.0,270845.0,181.976,2.29,1.28,1.01,,10.81999969482422,99.0500030517578,2384.199951171875,4.4,2.176223471915395,,,,,2026-07-25 07:39:28,,1.92,,0.83,-0.08,0.113776528084605,,
2017-04-30,4017.320999999999,4470142.0,270845.0,181.976,2.29,1.28,1.01,,10.81999969482422,99.0500030517578,2384.199951171875,4.4,2.176223471915395,,,,,2026-07-25 07:39:28,,1.92,,0.83,0.01,0.113776528084605,,
2017-05-01,4037.099,4470142.0,270845.0,162.198,2.33,1.28,1.05,,10.109999656677246,99.13999938964844,2388.330078125,4.4,1.8563431667619756,,,,,2026-07-25 07:39:28,,1.92,,0.91,0.09,0.4736568332380244,,
2017-05-02,4015.445999999999,4470142.0,270845.0,183.851,2.29,1.27,1.02,,10.59000015258789,98.9800033569336,2391.169921875,4.4,1.8563431667619756,,,,,2026-07-25 07:39:28,,1.88,,0.91,0.09,0.4336568332380244,,
2017-05-03,4081.171,4471246.0,203408.0,186.667,2.33,1.3,1.03,,10.68000030517578,99.20999908447266,2388.1298828125,4.4,1.8563431667619756,,,,,2026-07-25 07:39:28,,1.87,,0.91,0.0,0.4736568332380244,,
2017-05-04,4115.045,4471246.0,203408.0,152.793,2.36,1.32,1.04,,10.460000038146973,98.76000213623048,2389.52001953125,4.4,1.8563431667619756,,,,,2026-07-25 07:39:29,,1.86,,0.91,0.0,0.5036568332380242,,
2017-05-05,4111.049,4471246.0,203408.0,156.789,2.36,1.32,1.04,,10.56999969482422,98.6500015258789,2399.2900390625,4.4,1.8563431667619756,,,,,2026-07-25 07:39:29,,1.86,,0.91,0.0,0.5036568332380242,,
2017-05-06,4111.049,4471246.0,203408.0,156.789,2.36,1.32,1.04,,10.56999969482422,98.6500015258789,2399.2900390625,4.4,1.8563431667619756,,,,,2026-07-25 07:39:29,,1.86,,0.91,0.0,0.5036568332380242,,
2017-05-07,4111.049,4471246.0,203408.0,156.789,2.36,1.32,1.04,,10.56999969482422,98.6500015258789,2399.2900390625,4.4,1.8563431667619756,,,,,2026-07-25 07:39:29,,1.86,,0.91,0.0,0.5036568332380242,,
2017-05-08,4105.258,4471246.0,203408.0,162.58,2.39,1.33,1.06,,9.770000457763672,99.1500015258789,2399.3798828125,4.4,1.8563431667619756,,,,,2026-07-25 07:39:29,,1.86,,0.91,0.0,0.5336568332380245,,
2017-05-09,4100.536,4471246.0,203408.0,167.302,2.42,1.37,1.05,,9.960000038146973,99.58999633789062,2396.919921875,4.4,1.8563431667619756,,,,,2026-07-25 07:39:29,,1.86,,0.91,0.0,0.5636568332380243,,
2017-05-10,4097.933999999999,4473459.0,188256.0,187.269,2.41,1.35,1.06,,10.210000038146973,99.66999816894533,2399.6298828125,4.4,1.8563431667619756,,,,,2026-07-25 07:39:29,,1.85,,0.91,0.0,0.5536568332380245,,
2017-05-11,4123.971,4473459.0,188256.0,161.232,2.39,1.35,1.04,,10.600000381469728,99.62000274658205,2394.43994140625,4.4,1.8563431667619756,,,,,2026-07-25 07:39:29,,1.88,,0.91,0.0,0.5336568332380245,,
2017-05-12,4117.507,4473459.0,188256.0,167.696,2.33,1.29,1.04,,10.399999618530272,99.25,2390.89990234375,4.4,1.8563431667619756,,,,,2026-07-25 07:39:29,,1.84,,0.91,0.0,0.4736568332380244,,
2017-05-13,4117.507,4473459.0,188256.0,167.696,2.33,1.29,1.04,,10.399999618530272,99.25,2390.89990234375,4.4,1.8563431667619756,,,,,2026-07-25 07:39:29,,1.84,,0.91,0.0,0.4736568332380244,,
2017-05-14,4117.507,4473459.0,188256.0,167.696,2.33,1.29,1.04,,10.399999618530272,99.25,2390.89990234375,4.4,1.8563431667619756,,,,,2026-07-25 07:39:29,,1.84,,0.91,0.0,0.4736568332380244,,
2017-05-15,4140.213,4473459.0,188256.0,144.99,2.34,1.31,1.03,,10.420000076293944,98.91000366210938,2402.320068359375,4.4,1.8563431667619756,,,,,2026-07-25 07:39:29,,1.82,,0.91,0.0,0.4836568332380242,,
2017-05-16,4127.509999999999,4473459.0,188256.0,157.693,2.33,1.29,1.04,,10.649999618530272,98.11000061035156,2400.669921875,4.4,1.8563431667619756,,,,,2026-07-25 07:39:29,,1.82,,0.91,0.0,0.4736568332380244,,
2017-05-17,4127.059,4467108.0,172891.0,167.158,2.22,1.26,0.96,,15.59000015258789,97.41999816894533,2357.030029296875,4.4,1.8563431667619756,,,,,2026-07-25 07:39:29,,1.78,,0.91,0.0,0.3636568332380245,,
2017-05-18,4108.93,4467108.0,172891.0,185.287,2.23,1.27,0.96,,14.65999984741211,97.87999725341795,2365.719970703125,4.4,1.8563431667619756,,,,,2026-07-25 07:39:29,,1.8,,0.91,0.0,0.3736568332380243,,
2017-05-19,4111.944,4467108.0,172891.0,182.273,2.23,1.28,0.95,,12.039999961853027,97.1500015258789,2381.72998046875,4.4,1.8563431667619756,,,,,2026-07-25 07:39:29,,1.82,,0.91,0.0,0.3736568332380243,,
2017-05-20,4111.944,4467108.0,172891.0,182.273,2.23,1.28,0.95,,12.039999961853027,97.1500015258789,2381.72998046875,4.4,1.8563431667619756,,,,,2026-07-25 07:39:29,,1.82,,0.91,0.0,0.3736568332380243,,
2017-05-21,4111.944,4467108.0,172891.0,182.273,2.23,1.28,0.95,,12.039999961853027,97.1500015258789,2381.72998046875,4.4,1.8563431667619756,,,,,2026-07-25 07:39:29,,1.82,,0.91,0.0,0.3736568332380243,,
2017-05-22,4109.186000000001,4467108.0,172891.0,185.031,2.25,1.29,0.96,,10.93000030517578,96.9800033569336,2394.02001953125,4.4,1.8563431667619756,,,,,2026-07-25 07:39:29,,1.82,,0.91,0.0,0.3936568332380243,,
2017-05-23,4095.3520000000008,4467108.0,172891.0,198.865,2.29,1.31,0.98,,10.720000267028809,97.3499984741211,2398.419921875,4.4,1.8563431667619756,,,,,2026-07-25 07:39:29,,1.83,,0.91,0.0,0.4336568332380244,,
2017-05-24,4122.848,4470852.0,163058.0,184.946,2.26,1.29,0.97,,10.020000457763672,97.23999786376952,2404.389892578125,4.4,1.8563431667619756,,,,,2026-07-25 07:39:29,,1.81,,0.91,0.0,0.4036568332380241,,
2017-05-25,4154.343,4470852.0,163058.0,153.451,2.25,1.3,0.95,,9.989999771118164,97.25,2415.070068359375,4.4,1.8563431667619756,,,,,2026-07-25 07:39:29,,1.8,,0.91,0.0,0.3936568332380243,,
2017-05-26,4139.753,4470852.0,163058.0,168.041,2.25,1.3,0.95,,9.8100004196167,97.4000015258789,2415.820068359375,4.4,1.8563431667619756,,,,,2026-07-25 07:39:29,,1.81,,0.91,0.0,0.3936568332380243,,
2017-05-27,4139.753,4470852.0,163058.0,168.041,2.25,1.3,0.95,,9.8100004196167,97.4000015258789,2415.820068359375,4.4,1.8563431667619756,,,,,2026-07-25 07:39:29,,1.81,,0.91,0.0,0.3936568332380243,,
2017-05-28,4139.753,4470852.0,163058.0,168.041,2.25,1.3,0.95,,9.8100004196167,97.4000015258789,2415.820068359375,4.4,1.8563431667619756,,,,,2026-07-25 07:39:29,,1.81,,0.91,0.08,0.3936568332380243,,
2017-05-29,4139.753,4470852.0,163058.0,168.041,2.25,1.3,0.95,,9.8100004196167,97.4000015258789,2415.820068359375,4.4,1.8563431667619756,,,,,2026-07-25 07:39:29,,1.81,,0.91,0.08,0.3936568332380243,,
2017-05-30,4125.729,4470852.0,163058.0,182.065,2.21,1.28,0.93,,10.380000114440918,97.27999877929688,2412.909912109375,4.4,1.8563431667619756,,,,,2026-07-25 07:39:29,,1.81,,0.91,0.08,0.3536568332380243,,
2017-05-31,4013.907,4459914.0,189831.0,256.176,2.21,1.28,0.93,,10.40999984741211,96.91999816894533,2411.800048828125,4.4,1.8563431667619756,,,,,2026-07-25 07:39:29,,1.81,,0.83,-0.08,0.3536568332380243,,
2017-06-01,4106.3279999999995,4459914.0,189831.0,163.755,2.21,1.28,0.93,,9.890000343322754,97.1999969482422,2430.06005859375,4.3,1.640565809959127,,,,,2026-07-25 07:39:29,,1.81,,0.91,0.0,0.569434190040873,,
2017-06-02,4099.5869999999995,4459914.0,189831.0,170.496,2.15,1.28,0.87,,9.75,96.72000122070312,2439.070068359375,4.3,1.640565809959127,,,,,2026-07-25 07:39:29,,1.79,,0.91,0.0,0.509434190040873,,
2017-06-03,4099.5869999999995,4459914.0,189831.0,170.496,2.15,1.28,0.87,,9.75,96.72000122070312,2439.070068359375,4.3,1.640565809959127,,,,,2026-07-25 07:39:29,,1.79,,0.91,0.0,0.509434190040873,,
2017-06-04,4099.5869999999995,4459914.0,189831.0,170.496,2.15,1.28,0.87,,9.75,96.72000122070312,2439.070068359375,4.3,1.640565809959127,,,,,2026-07-25 07:39:29,,1.79,,0.91,0.0,0.509434190040873,,
2017-06-05,4105.875,4459914.0,189831.0,164.208,2.18,1.32,0.86,,10.06999969482422,96.8000030517578,2436.10009765625,4.3,1.640565809959127,,,,,2026-07-25 07:39:29,,1.79,,0.91,0.0,0.5394341900408732,,
2017-06-06,4109.134,4459914.0,189831.0,160.949,2.14,1.3,0.84,,10.449999809265137,96.63999938964844,2429.330078125,4.3,1.640565809959127,,,,,2026-07-25 07:39:29,,1.77,,0.91,0.0,0.4994341900408732,,
2017-06-07,4142.545,4462443.0,154760.0,165.138,2.18,1.32,0.86,,10.390000343322754,96.75,2433.139892578125,4.3,1.640565809959127,,,,,2026-07-25 07:39:29,,1.78,,0.91,0.0,0.5394341900408732,,
2017-06-08,4156.101,4462443.0,154760.0,151.582,2.19,1.33,0.86,,10.15999984741211,96.91999816894533,2433.7900390625,4.3,1.640565809959127,,,,,2026-07-25 07:39:29,,1.78,,0.91,0.0,0.549434190040873,,
2017-06-09,4152.339,4462443.0,154760.0,155.344,2.21,1.35,0.86,,10.699999809265137,97.2699966430664,2431.77001953125,4.3,1.640565809959127,,,,,2026-07-25 07:39:29,,1.78,,0.91,0.0,0.569434190040873,,
2017-06-10,4152.339,4462443.0,154760.0,155.344,2.21,1.35,0.86,,10.699999809265137,97.2699966430664,2431.77001953125,4.3,1.640565809959127,,,,,2026-07-25 07:39:29,,1.78,,0.91,0.0,0.569434190040873,,
2017-06-11,4152.339,4462443.0,154760.0,155.344,2.21,1.35,0.86,,10.699999809265137,97.2699966430664,2431.77001953125,4.3,1.640565809959127,,,,,2026-07-25 07:39:29,,1.78,,0.91,0.0,0.569434190040873,,
2017-06-12,4155.485,4462443.0,154760.0,152.198,2.21,1.35,0.86,,11.460000038146973,97.13999938964844,2429.389892578125,4.3,1.640565809959127,,,,,2026-07-25 07:39:29,,1.75,,0.91,0.0,0.569434190040873,,
2017-06-13,4134.71,4462443.0,154760.0,172.973,2.21,1.38,0.83,,10.420000076293944,96.9800033569336,2440.35009765625,4.3,1.640565809959127,,,,,2026-07-25 07:39:29,,1.75,,0.91,0.0,0.569434190040873,,
2017-06-14,4149.272000000001,4476269.0,163941.0,163.056,2.15,1.35,0.8,,10.640000343322754,96.94000244140624,2437.919921875,4.3,1.640565809959127,,,,,2026-07-25 07:39:29,,1.71,,0.91,0.0,0.509434190040873,,
2017-06-15,4180.950000000001,4476269.0,163941.0,131.378,2.16,1.35,0.81,,10.899999618530272,97.43000030517578,2432.4599609375,4.3,1.640565809959127,,,,,2026-07-25 07:39:29,,1.67,,1.16,0.2499999999999999,0.5194341900408732,,
2017-06-16,4153.762000000001,4476269.0,163941.0,158.566,2.16,1.32,0.84,,10.380000114440918,97.16000366210938,2433.14990234375,4.3,1.640565809959127,,,,,2026-07-25 07:39:29,,1.67,,1.16,0.2499999999999999,0.5194341900408732,,
2017-06-17,4153.762000000001,4476269.0,163941.0,158.566,2.16,1.32,0.84,,10.380000114440918,97.16000366210938,2433.14990234375,4.3,1.640565809959127,,,,,2026-07-25 07:39:29,,1.67,,1.16,0.2499999999999999,0.5194341900408732,,
2017-06-18,4153.762000000001,4476269.0,163941.0,158.566,2.16,1.32,0.84,,10.380000114440918,97.16000366210938,2433.14990234375,4.3,1.640565809959127,,,,,2026-07-25 07:39:29,,1.67,,1.16,0.2499999999999999,0.5194341900408732,,
2017-06-19,4145.5830000000005,4476269.0,163941.0,166.745,2.19,1.36,0.83,,10.369999885559082,97.52999877929688,2453.4599609375,4.3,1.640565809959127,,,,,2026-07-25 07:39:29,,1.67,,1.16,0.2499999999999999,0.549434190040873,,
2017-06-20,4119.981000000001,4476269.0,163941.0,192.347,2.16,1.36,0.8,,10.859999656677246,97.75,2437.030029296875,4.3,1.640565809959127,,,,,2026-07-25 07:39:29,,1.66,,1.16,0.2499999999999999,0.5194341900408732,,
2017-06-21,4050.361999999999,4474257.0,225126.0,198.769,2.16,1.36,0.8,,10.75,97.55999755859376,2435.610107421875,4.3,1.640565809959127,,,,,2026-07-25 07:39:29,,1.66,,1.16,0.2499999999999999,0.5194341900408732,,
2017-06-22,4053.986999999999,4474257.0,225126.0,195.144,2.15,1.34,0.81,,10.479999542236328,97.54000091552734,2434.5,4.3,1.640565809959127,,,,,2026-07-25 07:39:29,,1.69,,1.16,0.2499999999999999,0.509434190040873,,
2017-06-23,4047.655999999999,4474257.0,225126.0,201.475,2.15,1.34,0.81,,10.020000457763672,97.3000030517578,2438.300048828125,4.3,1.640565809959127,,,,,2026-07-25 07:39:29,,1.7,,1.16,0.2499999999999999,0.509434190040873,,
2017-06-24,4047.655999999999,4474257.0,225126.0,201.475,2.15,1.34,0.81,,10.020000457763672,97.3000030517578,2438.300048828125,4.3,1.640565809959127,,,,,2026-07-25 07:39:29,,1.7,,1.16,0.2499999999999999,0.509434190040873,,
2017-06-25,4047.655999999999,4474257.0,225126.0,201.475,2.15,1.34,0.81,,10.020000457763672,97.3000030517578,2438.300048828125,4.3,1.640565809959127,,,,,2026-07-25 07:39:29,,1.7,,1.16,0.2499999999999999,0.509434190040873,,
2017-06-26,4063.903999999999,4474257.0,225126.0,185.227,2.14,1.36,0.78,,9.899999618530272,97.43000030517578,2439.070068359375,4.3,1.640565809959127,,,,,2026-07-25 07:39:29,,1.71,,1.16,0.2499999999999999,0.4994341900408732,,
2017-06-27,4036.467,4474257.0,225126.0,212.664,2.21,1.38,0.83,,11.0600004196167,96.47000122070312,2419.3798828125,4.3,1.640565809959127,,,,,2026-07-25 07:39:29,,1.71,,1.16,0.2499999999999999,0.569434190040873,,
2017-06-28,4002.051,4463347.0,197597.0,263.699,2.22,1.34,0.88,,10.029999732971191,96.0500030517578,2440.68994140625,4.3,1.640565809959127,,,,,2026-07-25 07:39:29,,1.73,,1.16,0.2499999999999999,0.5794341900408733,,
2017-06-29,3996.185,4463347.0,197597.0,269.565,2.27,1.38,0.89,,11.4399995803833,95.62999725341795,2419.699951171875,4.3,1.640565809959127,,,,,2026-07-25 07:39:29,,1.72,,1.16,0.2499999999999999,0.6294341900408731,,
2017-06-30,3866.875,4463347.0,197597.0,398.875,2.31,1.38,0.93,,11.18000030517578,95.66000366210938,2423.409912109375,4.3,1.640565809959127,,,,,2026-07-25 07:39:29,,1.73,,1.06,0.2300000000000001,0.6694341900408731,,
2017-07-01,3866.875,4463347.0,197597.0,398.875,2.31,1.38,0.93,,11.18000030517578,95.66000366210938,2423.409912109375,4.3,1.7251073506566073,,,,,2026-07-25 07:39:30,,1.73,,1.06,0.15,0.5848926493433928,,
2017-07-02,3866.875,4463347.0,197597.0,398.875,2.31,1.38,0.93,,11.18000030517578,95.66000366210938,2423.409912109375,4.3,1.7251073506566073,,,,,2026-07-25 07:39:30,,1.73,,1.06,0.15,0.5848926493433928,,
2017-07-03,4010.057,4463347.0,197597.0,255.693,2.35,1.41,0.94,,11.220000267028809,96.1999969482422,2429.010009765625,4.3,1.7251073506566073,,,,,2026-07-25 07:39:30,,1.75,,1.16,0.2499999999999999,0.6248926493433928,,
2017-07-04,4010.057,4463347.0,197597.0,255.693,2.35,1.41,0.94,,11.220000267028809,96.1999969482422,2429.010009765625,4.3,1.7251073506566073,,,,,2026-07-25 07:39:30,,1.75,,1.16,0.2499999999999999,0.6248926493433928,,
2017-07-05,4062.199,4467272.0,165044.0,240.029,2.33,1.41,0.92,,11.06999969482422,96.29000091552734,2432.5400390625,4.3,1.7251073506566073,,,,,2026-07-25 07:39:30,,1.75,,1.16,0.2499999999999999,0.6048926493433928,,
2017-07-06,4112.236,4467272.0,165044.0,189.992,2.37,1.4,0.97,,12.539999961853027,95.81999969482422,2409.75,4.3,1.7251073506566073,,,,,2026-07-25 07:39:30,,1.76,,1.16,0.2499999999999999,0.6448926493433929,,
2017-07-07,4113.014,4467272.0,165044.0,189.214,2.39,1.4,0.99,,11.1899995803833,96.01000213623048,2425.179931640625,4.3,1.7251073506566073,,,,,2026-07-25 07:39:30,,1.73,,1.16,0.2499999999999999,0.6648926493433929,,
2017-07-08,4113.014,4467272.0,165044.0,189.214,2.39,1.4,0.99,,11.1899995803833,96.01000213623048,2425.179931640625,4.3,1.7251073506566073,,,,,2026-07-25 07:39:30,,1.73,,1.16,0.2499999999999999,0.6648926493433929,,
2017-07-09,4113.014,4467272.0,165044.0,189.214,2.39,1.4,0.99,,11.1899995803833,96.01000213623048,2425.179931640625,4.3,1.7251073506566073,,,,,2026-07-25 07:39:30,,1.73,,1.16,0.2499999999999999,0.6648926493433929,,
2017-07-10,4112.507,4467272.0,165044.0,189.721,2.38,1.4,0.98,,11.109999656677246,96.0500030517578,2427.429931640625,4.3,1.7251073506566073,,,,,2026-07-25 07:39:30,,1.72,,1.16,0.2499999999999999,0.6548926493433926,,
2017-07-11,4128.454,4467272.0,165044.0,173.774,2.37,1.37,1.0,,10.890000343322754,95.73999786376952,2425.530029296875,4.3,1.7251073506566073,,,,,2026-07-25 07:39:30,,1.75,,1.16,0.2499999999999999,0.6448926493433929,,
2017-07-12,4125.374000000001,4466702.0,162156.0,179.172,2.33,1.35,0.98,,10.300000190734863,95.79000091552734,2443.25,4.3,1.7251073506566073,,,,,2026-07-25 07:39:30,,1.76,,1.16,0.2499999999999999,0.6048926493433928,,
2017-07-13,4142.167,4466702.0,162156.0,162.379,2.35,1.37,0.98,,9.899999618530272,95.7300033569336,2447.830078125,4.3,1.7251073506566073,,,,,2026-07-25 07:39:30,,1.77,,1.16,0.2499999999999999,0.6248926493433928,,
2017-07-14,4168.3150000000005,4466702.0,162156.0,136.231,2.33,1.35,0.98,,9.510000228881836,95.11000061035156,2459.27001953125,4.3,1.7251073506566073,,,,,2026-07-25 07:39:30,,1.76,,1.16,0.2499999999999999,0.6048926493433928,,
2017-07-15,4168.3150000000005,4466702.0,162156.0,136.231,2.33,1.35,0.98,,9.510000228881836,95.11000061035156,2459.27001953125,4.3,1.7251073506566073,,,,,2026-07-25 07:39:30,,1.76,,1.16,0.0,0.6048926493433928,,
2017-07-16,4168.3150000000005,4466702.0,162156.0,136.231,2.33,1.35,0.98,,9.510000228881836,95.11000061035156,2459.27001953125,4.3,1.7251073506566073,,,,,2026-07-25 07:39:30,,1.76,,1.16,0.0,0.6048926493433928,,
2017-07-17,4182.110000000001,4466702.0,162156.0,122.436,2.31,1.36,0.95,,9.81999969482422,95.12999725341795,2459.139892578125,4.3,1.7251073506566073,,,,,2026-07-25 07:39:30,,1.77,,1.16,0.0,0.5848926493433928,,
2017-07-18,4147.224,4466702.0,162156.0,157.322,2.27,1.36,0.91,,9.890000343322754,94.66000366210938,2460.610107421875,4.3,1.7251073506566073,,,,,2026-07-25 07:39:30,,1.76,,1.16,0.0,0.5448926493433928,,
2017-07-19,4142.89,4476903.0,189282.0,144.731,2.27,1.37,0.9,,9.789999961853027,94.8000030517578,2473.830078125,4.3,1.7251073506566073,,,,,2026-07-25 07:39:30,,1.76,,1.16,0.0,0.5448926493433928,,
2017-07-20,4160.945,4476903.0,189282.0,126.676,2.27,1.37,0.9,,9.579999923706056,94.2699966430664,2473.449951171875,4.3,1.7251073506566073,,,,,2026-07-25 07:39:30,,1.77,,1.16,0.0,0.5448926493433928,,
2017-07-21,4164.909,4476903.0,189282.0,122.712,2.24,1.36,0.88,,9.359999656677246,93.94000244140624,2472.5400390625,4.3,1.7251073506566073,,,,,2026-07-25 07:39:30,,1.76,,1.16,0.0,0.514892649343393,,
2017-07-22,4164.909,4476903.0,189282.0,122.712,2.24,1.36,0.88,,9.359999656677246,93.94000244140624,2472.5400390625,4.3,1.7251073506566073,,,,,2026-07-25 07:39:30,,1.76,,1.16,0.0,0.514892649343393,,
2017-07-23,4164.909,4476903.0,189282.0,122.712,2.24,1.36,0.88,,9.359999656677246,93.94000244140624,2472.5400390625,4.3,1.7251073506566073,,,,,2026-07-25 07:39:30,,1.76,,1.16,0.0,0.514892649343393,,
2017-07-24,4192.4980000000005,4476903.0,189282.0,95.123,2.26,1.37,0.89,,9.43000030517578,93.9800033569336,2469.909912109375,4.3,1.7251073506566073,,,,,2026-07-25 07:39:30,,1.78,,1.16,0.0,0.5348926493433925,,
2017-07-25,4213.081,4476903.0,189282.0,74.54,2.33,1.4,0.93,,9.43000030517578,94.0500030517578,2477.1298828125,4.3,1.7251073506566073,,,,,2026-07-25 07:39:30,,1.81,,1.16,0.0,0.6048926493433928,,
2017-07-26,4178.439,4465284.0,183534.0,103.311,2.29,1.36,0.93,,9.600000381469728,93.66999816894533,2477.830078125,4.3,1.7251073506566073,,,,,2026-07-25 07:39:30,,1.8,,1.16,0.0,0.5648926493433928,,
2017-07-27,4186.114,4465284.0,183534.0,95.636,2.32,1.36,0.96,,10.109999656677246,93.86000061035156,2475.419921875,4.3,1.7251073506566073,,,,,2026-07-25 07:39:30,,1.83,,1.16,0.0,0.5948926493433926,,
2017-07-28,4173.271,4465284.0,183534.0,108.479,2.3,1.34,0.96,,10.289999961853027,93.26000213623048,2472.10009765625,4.3,1.7251073506566073,,,,,2026-07-25 07:39:30,,1.83,,1.16,0.0,0.5748926493433926,,
2017-07-29,4173.271,4465284.0,183534.0,108.479,2.3,1.34,0.96,,10.289999961853027,93.26000213623048,2472.10009765625,4.3,1.7251073506566073,,,,,2026-07-25 07:39:30,,1.83,,1.16,0.0,0.5748926493433926,,
2017-07-30,4173.271,4465284.0,183534.0,108.479,2.3,1.34,0.96,,10.289999961853027,93.26000213623048,2472.10009765625,4.3,1.7251073506566073,,,,,2026-07-25 07:39:30,,1.83,,1.16,0.0999999999999998,0.5748926493433926,,
2017-07-31,4077.128,4465284.0,183534.0,204.622,2.3,1.34,0.96,,10.260000228881836,92.86000061035156,2470.300048828125,4.3,1.7251073506566073,,,,,2026-07-25 07:39:30,,1.82,,1.07,0.01,0.5748926493433926,,
2017-08-01,4183.681,4465284.0,183534.0,98.069,2.26,1.34,0.92,,10.09000015258789,93.02999877929688,2476.35009765625,4.4,1.92812155729698,,,,,2026-07-25 07:39:30,,1.79,5.450472297281683,1.16,0.0999999999999998,0.3318784427030197,,
2017-08-02,4182.105,4466846.0,165407.0,119.334,2.27,1.36,0.91,,10.279999732971191,92.83000183105467,2477.570068359375,4.4,1.92812155729698,,,,,2026-07-25 07:39:30,,1.79,5.450472297281683,1.16,0.0,0.3418784427030199,,
2017-08-03,4213.594999999999,4466846.0,165407.0,87.844,2.24,1.34,0.9,,10.4399995803833,92.80999755859376,2472.159912109375,4.4,1.92812155729698,,,,,2026-07-25 07:39:30,,1.78,5.450472297281683,1.16,0.0,0.3118784427030201,,
2017-08-04,4207.660999999999,4466846.0,165407.0,93.778,2.27,1.36,0.91,,10.029999732971191,93.54000091552734,2476.830078125,4.4,1.92812155729698,,,,,2026-07-25 07:39:30,,1.8,5.450472297281683,1.16,0.0,0.3418784427030199,,
2017-08-05,4207.660999999999,4466846.0,165407.0,93.778,2.27,1.36,0.91,,10.029999732971191,93.54000091552734,2476.830078125,4.4,1.92812155729698,,,,,2026-07-25 07:39:30,,1.8,5.450472297281683,1.16,0.0,0.3418784427030199,,
2017-08-06,4207.660999999999,4466846.0,165407.0,93.778,2.27,1.36,0.91,,10.029999732971191,93.54000091552734,2476.830078125,4.4,1.92812155729698,,,,,2026-07-25 07:39:30,,1.8,5.450472297281683,1.16,0.0,0.3418784427030199,,
2017-08-07,4197.378,4466846.0,165407.0,104.061,2.26,1.36,0.9,,9.93000030517578,93.43000030517578,2480.909912109375,4.4,1.92812155729698,,,,,2026-07-25 07:39:30,,1.8,5.450472297281683,1.16,0.0,0.3318784427030197,,
2017-08-08,4197.826999999999,4466846.0,165407.0,103.612,2.29,1.36,0.93,,10.960000038146973,93.63999938964844,2474.919921875,4.4,1.92812155729698,,,,,2026-07-25 07:39:30,,1.83,5.450472297281683,1.16,0.0,0.3618784427030199,,
2017-08-09,4225.58,4469083.0,139553.0,103.95,2.24,1.33,0.91,,11.109999656677246,93.5199966430664,2474.02001953125,4.4,1.92812155729698,,,,,2026-07-25 07:39:30,,1.82,5.450472297281683,1.16,0.0,0.3118784427030201,,
2017-08-10,4239.257,4469083.0,139553.0,90.273,2.2,1.33,0.87,,16.040000915527344,93.4000015258789,2438.2099609375,4.4,1.92812155729698,,,,,2026-07-25 07:39:30,,1.8,5.450472297281683,1.16,0.0,0.2718784427030201,,
2017-08-11,4233.996,4469083.0,139553.0,95.534,2.19,1.3,0.89,,15.510000228881836,93.06999969482422,2441.320068359375,4.4,1.92812155729698,,,,,2026-07-25 07:39:30,,1.79,5.450472297281683,1.16,0.0,0.2618784427030198,,
2017-08-12,4233.996,4469083.0,139553.0,95.534,2.19,1.3,0.89,,15.510000228881836,93.06999969482422,2441.320068359375,4.4,1.92812155729698,,,,,2026-07-25 07:39:30,,1.79,5.450472297281683,1.16,0.0,0.2618784427030198,,
2017-08-13,4233.996,4469083.0,139553.0,95.534,2.19,1.3,0.89,,15.510000228881836,93.06999969482422,2441.320068359375,4.4,1.92812155729698,,,,,2026-07-25 07:39:30,,1.79,5.450472297281683,1.16,0.0,0.2618784427030198,,
2017-08-14,4254.848,4469083.0,139553.0,74.682,2.22,1.33,0.89,,12.329999923706056,93.45999908447266,2465.840087890625,4.4,1.92812155729698,,,,,2026-07-25 07:39:30,,1.77,5.450472297281683,1.16,0.0,0.2918784427030201,,
2017-08-15,4258.148,4469083.0,139553.0,71.382,2.27,1.35,0.92,,12.039999961853027,93.8499984741211,2464.610107421875,4.4,1.92812155729698,,,,,2026-07-25 07:39:30,,1.78,5.450472297281683,1.16,0.0,0.3418784427030199,,
2017-08-16,4274.002,4462871.0,96029.0,92.84,2.23,1.33,0.9,,11.739999771118164,93.48999786376952,2468.110107421875,4.4,1.92812155729698,,,,,2026-07-25 07:39:30,,1.78,5.450472297281683,1.16,0.0,0.3018784427030199,,
2017-08-17,4288.26,4462871.0,96029.0,78.582,2.19,1.32,0.87,,15.550000190734863,93.62000274658205,2430.010009765625,4.4,1.92812155729698,,,,,2026-07-25 07:39:30,,1.77,5.450472297281683,1.16,0.0,0.2618784427030198,,
2017-08-18,4237.737000000001,4462871.0,96029.0,129.105,2.19,1.33,0.86,,14.260000228881836,93.43000030517578,2425.550048828125,4.4,1.92812155729698,,,,,2026-07-25 07:39:30,,1.76,5.450472297281683,1.16,0.0,0.2618784427030198,,
2017-08-19,4237.737000000001,4462871.0,96029.0,129.105,2.19,1.33,0.86,,14.260000228881836,93.43000030517578,2425.550048828125,4.4,1.92812155729698,,,,,2026-07-25 07:39:30,,1.76,5.450472297281683,1.16,0.0,0.2618784427030198,,
2017-08-20,4237.737000000001,4462871.0,96029.0,129.105,2.19,1.33,0.86,,14.260000228881836,93.43000030517578,2425.550048828125,4.4,1.92812155729698,,,,,2026-07-25 07:39:30,,1.76,5.450472297281683,1.16,0.0,0.2618784427030198,,
2017-08-21,4222.742,4462871.0,96029.0,144.1,2.18,1.32,0.86,,13.1899995803833,93.0999984741211,2428.3701171875,4.4,1.92812155729698,,,,,2026-07-25 07:39:30,,1.75,5.450472297281683,1.16,0.0,0.25187844270302,,
2017-08-22,4200.7480000000005,4462871.0,96029.0,166.094,2.22,1.33,0.89,,11.350000381469728,93.5500030517578,2452.510009765625,4.4,1.92812155729698,,,,,2026-07-25 07:39:30,,1.77,5.450472297281683,1.16,0.0,0.2918784427030201,,
2017-08-23,4226.1140000000005,4463837.0,67930.0,169.793,2.17,1.32,0.85,,12.25,93.1500015258789,2444.0400390625,4.4,1.92812155729698,,,,,2026-07-25 07:39:30,,1.75,5.450472297281683,1.16,0.0,0.2418784427030198,,
2017-08-24,4265.028,4463837.0,67930.0,130.879,2.19,1.33,0.86,,12.229999542236328,93.27999877929688,2438.969970703125,4.4,1.92812155729698,,,,,2026-07-25 07:39:30,,1.75,5.450472297281683,1.16,0.0,0.2618784427030198,,
2017-08-25,4273.74,4463837.0,67930.0,122.167,2.17,1.35,0.82,,11.279999732971191,92.73999786376952,2443.050048828125,4.4,1.92812155729698,,,,,2026-07-25 07:39:30,,1.75,5.450472297281683,1.16,0.0,0.2418784427030198,,
2017-08-26,4273.74,4463837.0,67930.0,122.167,2.17,1.35,0.82,,11.279999732971191,92.73999786376952,2443.050048828125,4.4,1.92812155729698,,,,,2026-07-25 07:39:30,,1.75,5.450472297281683,1.16,0.0,0.2418784427030198,,
2017-08-27,4273.74,4463837.0,67930.0,122.167,2.17,1.35,0.82,,11.279999732971191,92.73999786376952,2443.050048828125,4.4,1.92812155729698,,,,,2026-07-25 07:39:30,,1.75,5.450472297281683,1.16,0.0,0.2418784427030198,,
2017-08-28,4273.96,4463837.0,67930.0,121.947,2.16,1.33,0.83,,11.31999969482422,92.20999908447266,2444.239990234375,4.4,1.92812155729698,,,,,2026-07-25 07:39:31,,1.75,5.450472297281683,1.16,0.0,0.23187844270302,,
2017-08-29,4268.664,4463837.0,67930.0,127.243,2.13,1.33,0.8,,11.699999809265137,92.3499984741211,2446.300048828125,4.4,1.92812155729698,,,,,2026-07-25 07:39:31,,1.74,5.450472297281683,1.16,0.0,0.2018784427030198,,
2017-08-30,4239.396999999999,4452360.0,66877.0,146.086,2.15,1.33,0.82,,11.220000267028809,92.87999725341795,2457.590087890625,4.4,1.92812155729698,,,,,2026-07-25 07:39:31,,1.76,5.450472297281683,1.16,0.0899999999999998,0.2218784427030198,,
2017-08-31,4171.996999999999,4452360.0,66877.0,213.486,2.12,1.33,0.79,,10.59000015258789,92.66999816894533,2471.64990234375,4.4,1.92812155729698,,,,,2026-07-25 07:39:31,,1.76,5.450472297281683,1.07,-0.0899999999999998,0.19187844270302,,
2017-09-01,4260.530999999999,4452360.0,66877.0,124.952,2.16,1.35,0.81,,10.130000114440918,92.80999755859376,2476.550048828125,4.3,2.1805652303711787,,,,,2026-07-25 07:39:31,,1.79,5.2869037679338815,1.16,0.0,-0.0205652303711785,,
2017-09-02,4260.530999999999,4452360.0,66877.0,124.952,2.16,1.35,0.81,,10.130000114440918,92.80999755859376,2476.550048828125,4.3,2.1805652303711787,,,,,2026-07-25 07:39:31,,1.79,5.2869037679338815,1.16,0.0,-0.0205652303711785,,
2017-09-03,4260.530999999999,4452360.0,66877.0,124.952,2.16,1.35,0.81,,10.130000114440918,92.80999755859376,2476.550048828125,4.3,2.1805652303711787,,,,,2026-07-25 07:39:31,,1.79,5.2869037679338815,1.16,0.0,-0.0205652303711785,,
2017-09-04,4260.530999999999,4452360.0,66877.0,124.952,2.16,1.35,0.81,,10.130000114440918,92.80999755859376,2476.550048828125,4.3,2.1805652303711787,,,,,2026-07-25 07:39:31,,1.79,5.2869037679338815,1.16,0.0,-0.0205652303711785,,
2017-09-05,4249.351999999999,4452360.0,66877.0,136.131,2.07,1.3,0.77,,12.229999542236328,92.30999755859376,2457.85009765625,4.3,2.1805652303711787,,,,,2026-07-25 07:39:31,,1.77,5.2869037679338815,1.16,0.0,-0.1105652303711788,,
2017-09-06,4269.684,4453474.0,38662.0,145.128,2.1,1.3,0.8,,11.630000114440918,92.29000091552734,2465.5400390625,4.3,2.1805652303711787,,,,,2026-07-25 07:39:31,,1.78,5.2869037679338815,1.16,0.0,-0.0805652303711785,,
2017-09-07,4288.205,4453474.0,38662.0,126.607,2.05,1.27,0.78,,11.550000190734863,91.52999877929688,2465.10009765625,4.3,2.1805652303711787,,,,,2026-07-25 07:39:31,,1.79,5.2869037679338815,1.16,0.0,-0.1305652303711788,,
2017-09-08,4300.97,4453474.0,38662.0,113.842,2.06,1.27,0.79,,12.119999885559082,91.33000183105467,2461.429931640625,4.3,2.1805652303711787,,,,,2026-07-25 07:39:31,,1.81,5.2869037679338815,1.16,0.0,-0.1205652303711786,,
2017-09-09,4300.97,4453474.0,38662.0,113.842,2.06,1.27,0.79,,12.119999885559082,91.33000183105467,2461.429931640625,4.3,2.1805652303711787,,,,,2026-07-25 07:39:31,,1.81,5.2869037679338815,1.16,0.0,-0.1205652303711786,,
2017-09-10,4300.97,4453474.0,38662.0,113.842,2.06,1.27,0.79,,12.119999885559082,91.33000183105467,2461.429931640625,4.3,2.1805652303711787,,,,,2026-07-25 07:39:31,,1.81,5.2869037679338815,1.16,0.0,-0.1205652303711786,,
2017-09-11,4298.84,4453474.0,38662.0,115.972,2.14,1.32,0.82,,10.729999542236328,91.86000061035156,2488.110107421875,4.3,2.1805652303711787,,,,,2026-07-25 07:39:31,,1.83,5.2869037679338815,1.16,0.0,-0.0405652303711785,,
2017-09-12,4287.793,4453474.0,38662.0,127.019,2.17,1.33,0.84,,10.579999923706056,91.91000366210938,2496.47998046875,4.3,2.1805652303711787,,,,,2026-07-25 07:39:31,,1.84,5.2869037679338815,1.16,0.0,-0.0105652303711787,,
2017-09-13,4272.286,4471174.0,73220.0,125.668,2.2,1.35,0.85,,10.5,92.5199966430664,2498.3701171875,4.3,2.1805652303711787,,,,,2026-07-25 07:39:31,,1.85,5.2869037679338815,1.16,0.0,0.0194347696288215,,
2017-09-14,4300.389999999999,4471174.0,73220.0,97.564,2.2,1.37,0.83,,10.4399995803833,92.12000274658205,2495.6201171875,4.3,2.1805652303711787,,,,,2026-07-25 07:39:31,,1.85,5.2869037679338815,1.16,0.0,0.0194347696288215,,
2017-09-15,4288.308999999999,4471174.0,73220.0,109.645,2.2,1.39,0.81,,10.170000076293944,91.87000274658205,2500.22998046875,4.3,2.1805652303711787,,,,,2026-07-25 07:39:31,,1.85,5.2869037679338815,1.16,0.0,0.0194347696288215,,
2017-09-16,4288.308999999999,4471174.0,73220.0,109.645,2.2,1.39,0.81,,10.170000076293944,91.87000274658205,2500.22998046875,4.3,2.1805652303711787,,,,,2026-07-25 07:39:31,,1.85,5.2869037679338815,1.16,0.0,0.0194347696288215,,
2017-09-17,4288.308999999999,4471174.0,73220.0,109.645,2.2,1.39,0.81,,10.170000076293944,91.87000274658205,2500.22998046875,4.3,2.1805652303711787,,,,,2026-07-25 07:39:31,,1.85,5.2869037679338815,1.16,0.0,0.0194347696288215,,
2017-09-18,4259.045,4471174.0,73220.0,138.909,2.23,1.4,0.83,,10.149999618530272,92.0500030517578,2503.8701171875,4.3,2.1805652303711787,,,,,2026-07-25 07:39:31,,1.87,5.2869037679338815,1.16,0.0,0.0494347696288213,,
2017-09-19,4241.226,4471174.0,73220.0,156.728,2.24,1.4,0.84,,10.18000030517578,91.79000091552734,2506.64990234375,4.3,2.1805652303711787,,,,,2026-07-25 07:39:31,,1.87,5.2869037679338815,1.16,0.0,0.0594347696288215,,
2017-09-20,4139.347000000001,4458576.0,151204.0,168.025,2.28,1.45,0.83,,9.779999732971191,92.51000213623048,2508.239990234375,4.3,2.1805652303711787,,,,,2026-07-25 07:39:31,,1.85,5.2869037679338815,1.16,0.0,0.0994347696288211,,
2017-09-21,4154.506,4458576.0,151204.0,152.866,2.27,1.45,0.82,,9.670000076293944,92.26000213623048,2500.60009765625,4.3,2.1805652303711787,,,,,2026-07-25 07:39:31,,1.83,5.2869037679338815,1.16,0.0,0.0894347696288213,,
2017-09-22,4150.042,4458576.0,151204.0,157.33,2.26,1.46,0.8,,9.59000015258789,92.16999816894533,2502.219970703125,4.3,2.1805652303711787,,,,,2026-07-25 07:39:31,,1.84,5.2869037679338815,1.16,0.0,0.0794347696288211,,
2017-09-23,4150.042,4458576.0,151204.0,157.33,2.26,1.46,0.8,,9.59000015258789,92.16999816894533,2502.219970703125,4.3,2.1805652303711787,,,,,2026-07-25 07:39:31,,1.84,5.2869037679338815,1.16,0.0,0.0794347696288211,,
2017-09-24,4150.042,4458576.0,151204.0,157.33,2.26,1.46,0.8,,9.59000015258789,92.16999816894533,2502.219970703125,4.3,2.1805652303711787,,,,,2026-07-25 07:39:31,,1.84,5.2869037679338815,1.16,0.0,0.0794347696288211,,
2017-09-25,4148.869000000001,4458576.0,151204.0,158.503,2.22,1.44,0.78,,10.210000038146973,92.6500015258789,2496.659912109375,4.3,2.1805652303711787,,,,,2026-07-25 07:39:31,,1.84,5.2869037679338815,1.16,0.0,0.0394347696288215,,
2017-09-26,4133.657,4458576.0,151204.0,173.715,2.24,1.45,0.79,,10.170000076293944,92.97000122070312,2496.840087890625,4.3,2.1805652303711787,,,,,2026-07-25 07:39:31,,1.84,5.2869037679338815,1.16,0.0,0.0594347696288215,,
2017-09-27,4080.419,4455661.0,155159.0,220.083,2.31,1.47,0.84,,9.869999885559082,93.36000061035156,2507.0400390625,4.3,2.1805652303711787,,,,,2026-07-25 07:39:31,,1.87,5.2869037679338815,1.16,0.0,0.1294347696288214,,
2017-09-28,4091.566,4455661.0,155159.0,208.936,2.31,1.45,0.86,,9.550000190734863,93.08999633789062,2510.06005859375,4.3,2.1805652303711787,,,,,2026-07-25 07:39:31,,1.87,5.2869037679338815,1.16,0.0,0.1294347696288214,,
2017-09-29,3984.412,4455661.0,155159.0,316.09,2.33,1.47,0.86,,9.510000228881836,93.08000183105467,2519.360107421875,4.3,2.1805652303711787,,,,,2026-07-25 07:39:31,,1.84,5.2869037679338815,1.06,-0.0999999999999998,0.1494347696288214,,
2017-09-30,3984.412,4455661.0,155159.0,316.09,2.33,1.47,0.86,,9.510000228881836,93.08000183105467,2519.360107421875,4.3,2.1805652303711787,,,,,2026-07-25 07:39:31,,1.84,5.2869037679338815,1.06,-0.01,0.1494347696288214,,
2017-10-01,3984.412,4455661.0,155159.0,316.09,2.33,1.47,0.86,,9.510000228881836,93.08000183105467,2519.360107421875,4.2,2.020757753132485,,,,,2026-07-25 07:39:31,,1.84,5.161246075532677,1.06,-0.0999999999999998,0.3092422468675151,,
2017-10-02,4110.125,4455661.0,155159.0,190.377,2.34,1.49,0.85,,9.449999809265137,93.55999755859376,2529.1201171875,4.2,2.020757753132485,,,,,2026-07-25 07:39:31,,1.83,5.161246075532677,1.16,0.0,0.3192422468675149,,
2017-10-03,4118.897000000001,4455661.0,155159.0,181.605,2.33,1.47,0.86,,9.510000228881836,93.56999969482422,2534.580078125,4.2,2.020757753132485,,,,,2026-07-25 07:39:31,,1.84,5.161246075532677,1.16,0.0,0.3092422468675151,,
2017-10-04,4127.065,4460422.0,154619.0,178.738,2.33,1.47,0.86,,9.630000114440918,93.45999908447266,2537.739990234375,4.2,2.020757753132485,,,,,2026-07-25 07:39:31,,1.85,5.161246075532677,1.16,0.0,0.3092422468675151,,
2017-10-05,4172.976,4460422.0,154619.0,132.827,2.35,1.49,0.86,,9.1899995803833,93.95999908447266,2552.070068359375,4.2,2.020757753132485,,,,,2026-07-25 07:39:31,,1.86,5.161246075532677,1.16,0.0,0.3292422468675151,,
2017-10-06,4186.273999999999,4460422.0,154619.0,119.529,2.37,1.54,0.83,,9.649999618530272,93.8000030517578,2549.330078125,4.2,2.020757753132485,,,,,2026-07-25 07:39:31,,1.87,5.161246075532677,1.16,0.0,0.3492422468675151,,
2017-10-07,4186.273999999999,4460422.0,154619.0,119.529,2.37,1.54,0.83,,9.649999618530272,93.8000030517578,2549.330078125,4.2,2.020757753132485,,,,,2026-07-25 07:39:31,,1.87,5.161246075532677,1.16,0.0,0.3492422468675151,,
2017-10-08,4186.273999999999,4460422.0,154619.0,119.529,2.37,1.54,0.83,,9.649999618530272,93.8000030517578,2549.330078125,4.2,2.020757753132485,,,,,2026-07-25 07:39:31,,1.87,5.161246075532677,1.16,0.0,0.3492422468675151,,
2017-10-09,4186.273999999999,4460422.0,154619.0,119.529,2.37,1.54,0.83,,10.329999923706056,93.73999786376952,2544.72998046875,4.2,2.020757753132485,,,,,2026-07-25 07:39:31,,1.87,5.161246075532677,1.16,0.0,0.3492422468675151,,
2017-10-10,4183.89,4460422.0,154619.0,121.913,2.35,1.51,0.84,,10.079999923706056,93.29000091552734,2550.639892578125,4.2,2.020757753132485,,,,,2026-07-25 07:39:31,,1.88,5.161246075532677,1.16,0.0,0.3292422468675151,,
2017-10-11,4174.303,4459415.0,155307.0,129.805,2.35,1.51,0.84,,9.850000381469728,92.95999908447266,2555.239990234375,4.2,2.020757753132485,,,,,2026-07-25 07:39:31,,1.89,5.161246075532677,1.16,0.0,0.3292422468675151,,
2017-10-12,4201.301,4459415.0,155307.0,102.807,2.33,1.51,0.82,,9.90999984741211,93.12000274658205,2550.929931640625,4.2,2.020757753132485,,,,,2026-07-25 07:39:31,,1.89,5.161246075532677,1.16,0.0,0.3092422468675151,,
2017-10-13,4204.147,4459415.0,155307.0,99.961,2.28,1.51,0.77,,9.609999656677246,93.08999633789062,2553.169921875,4.2,2.020757753132485,,,,,2026-07-25 07:39:31,,1.85,5.161246075532677,1.16,0.0,0.2592422468675148,,
2017-10-14,4204.147,4459415.0,155307.0,99.961,2.28,1.51,0.77,,9.609999656677246,93.08999633789062,2553.169921875,4.2,2.020757753132485,,,,,2026-07-25 07:39:31,,1.85,5.161246075532677,1.16,0.0,0.2592422468675148,,
2017-10-15,4204.147,4459415.0,155307.0,99.961,2.28,1.51,0.77,,9.609999656677246,93.08999633789062,2553.169921875,4.2,2.020757753132485,,,,,2026-07-25 07:39:31,,1.85,5.161246075532677,1.16,0.0,0.2592422468675148,,
2017-10-16,4225.577,4459415.0,155307.0,78.531,2.3,1.54,0.76,,9.90999984741211,93.27999877929688,2557.639892578125,4.2,2.020757753132485,,,,,2026-07-25 07:39:31,,1.84,5.161246075532677,1.16,0.0,0.2792422468675148,,
2017-10-17,4212.92,4459415.0,155307.0,91.188,2.3,1.54,0.76,,10.3100004196167,93.48999786376952,2559.360107421875,4.2,2.020757753132485,,,,,2026-07-25 07:39:31,,1.82,5.161246075532677,1.16,0.0,0.2792422468675148,,
2017-10-18,4152.16,4469723.0,196106.0,121.457,2.34,1.59,0.75,,10.06999969482422,93.36000061035156,2561.260009765625,4.2,2.020757753132485,,,,,2026-07-25 07:39:31,,1.84,5.161246075532677,1.16,0.0,0.3192422468675149,,
2017-10-19,4171.005,4469723.0,196106.0,102.612,2.33,1.58,0.75,,10.050000190734863,93.2699966430664,2562.10009765625,4.2,2.020757753132485,,,,,2026-07-25 07:39:32,,1.84,5.161246075532677,1.16,0.0,0.3092422468675151,,
2017-10-20,4171.129,4469723.0,196106.0,102.488,2.39,1.6,0.79,,9.970000267028809,93.6999969482422,2575.2099609375,4.2,2.020757753132485,,,,,2026-07-25 07:39:32,,1.87,5.161246075532677,1.16,0.0,0.3692422468675151,,
2017-10-21,4171.129,4469723.0,196106.0,102.488,2.39,1.6,0.79,,9.970000267028809,93.6999969482422,2575.2099609375,4.2,2.020757753132485,,,,,2026-07-25 07:39:32,,1.87,5.161246075532677,1.16,0.0,0.3692422468675151,,
2017-10-22,4171.129,4469723.0,196106.0,102.488,2.39,1.6,0.79,,9.970000267028809,93.6999969482422,2575.2099609375,4.2,2.020757753132485,,,,,2026-07-25 07:39:32,,1.87,5.161246075532677,1.16,0.0,0.3692422468675151,,
2017-10-23,4163.357,4469723.0,196106.0,110.26,2.38,1.58,0.8,,11.06999969482422,93.94000244140624,2564.97998046875,4.2,2.020757753132485,,,,,2026-07-25 07:39:32,,1.86,5.161246075532677,1.16,0.0,0.3592422468675149,,
2017-10-24,4176.415,4469723.0,196106.0,97.202,2.42,1.6,0.82,,11.15999984741211,93.95999908447266,2569.1298828125,4.2,2.020757753132485,,,,,2026-07-25 07:39:32,,1.87,5.161246075532677,1.16,0.0,0.3992422468675149,,
2017-10-25,4163.968000000001,4461117.0,185092.0,112.057,2.44,1.61,0.83,,11.229999542236328,93.70999908447266,2557.14990234375,4.2,2.020757753132485,,,,,2026-07-25 07:39:32,,1.88,5.161246075532677,1.16,0.0,0.419242246867515,,
2017-10-26,4177.613,4461117.0,185092.0,98.412,2.46,1.63,0.83,,11.300000190734863,94.61000061035156,2560.39990234375,4.2,2.020757753132485,,,,,2026-07-25 07:39:32,,1.89,5.161246075532677,1.16,0.0,0.439242246867515,,
2017-10-27,4170.122,4461117.0,185092.0,105.903,2.42,1.59,0.83,,9.800000190734863,94.91999816894533,2581.070068359375,4.2,2.020757753132485,,,,,2026-07-25 07:39:32,,1.88,5.161246075532677,1.16,0.0,0.3992422468675149,,
2017-10-28,4170.122,4461117.0,185092.0,105.903,2.42,1.59,0.83,,9.800000190734863,94.91999816894533,2581.070068359375,4.2,2.020757753132485,,,,,2026-07-25 07:39:32,,1.88,5.161246075532677,1.16,0.0,0.3992422468675149,,
2017-10-29,4170.122,4461117.0,185092.0,105.903,2.42,1.59,0.83,,9.800000190734863,94.91999816894533,2581.070068359375,4.2,2.020757753132485,,,,,2026-07-25 07:39:32,,1.88,5.161246075532677,1.16,0.0999999999999998,0.3992422468675149,,
2017-10-30,4173.878000000001,4461117.0,185092.0,102.147,2.37,1.58,0.79,,10.5,94.48999786376952,2572.830078125,4.2,2.020757753132485,,,,,2026-07-25 07:39:32,,1.87,5.161246075532677,1.16,0.0999999999999998,0.3492422468675151,,
2017-10-31,4102.420000000001,4461117.0,185092.0,173.605,2.38,1.6,0.78,,10.18000030517578,94.5500030517578,2575.260009765625,4.2,2.020757753132485,,,,,2026-07-25 07:39:32,,1.88,5.161246075532677,1.07,0.01,0.3592422468675149,,
2017-11-01,4186.958,4455887.0,181764.0,87.165,2.37,1.61,0.76,,10.199999809265137,94.81999969482422,2579.360107421875,4.2,2.172493864295566,,,,,2026-07-25 07:39:32,,1.88,4.805923368688814,1.16,0.0,0.1975061357044341,,
2017-11-02,4215.365,4455887.0,181764.0,58.758,2.35,1.61,0.74,,9.93000030517578,94.69000244140624,2579.85009765625,4.2,2.172493864295566,,,,,2026-07-25 07:39:32,,1.87,4.805923368688814,1.16,0.0,0.177506135704434,,
2017-11-03,4213.208,4455887.0,181764.0,60.915,2.34,1.63,0.71,,9.140000343322754,94.94000244140624,2587.840087890625,4.2,2.172493864295566,,,,,2026-07-25 07:39:32,,1.86,4.805923368688814,1.16,0.0,0.1675061357044338,,
2017-11-04,4213.208,4455887.0,181764.0,60.915,2.34,1.63,0.71,,9.140000343322754,94.94000244140624,2587.840087890625,4.2,2.172493864295566,,,,,2026-07-25 07:39:32,,1.86,4.805923368688814,1.16,0.0,0.1675061357044338,,
2017-11-05,4213.208,4455887.0,181764.0,60.915,2.34,1.63,0.71,,9.140000343322754,94.94000244140624,2587.840087890625,4.2,2.172493864295566,,,,,2026-07-25 07:39:32,,1.86,4.805923368688814,1.16,0.0,0.1675061357044338,,
2017-11-06,4203.758,4455887.0,181764.0,70.365,2.32,1.61,0.71,,9.399999618530272,94.72000122070312,2591.1298828125,4.2,2.172493864295566,,,,,2026-07-25 07:39:32,,1.86,4.805923368688814,1.16,0.0,0.1475061357044338,,
2017-11-07,4215.152,4455887.0,181764.0,58.971,2.32,1.63,0.69,,9.890000343322754,94.91000366210938,2590.639892578125,4.2,2.172493864295566,,,,,2026-07-25 07:39:32,,1.88,4.805923368688814,1.16,0.0,0.1475061357044338,,
2017-11-08,4223.5689999999995,4458552.0,160437.0,74.546,2.32,1.65,0.67,,9.779999732971191,94.87000274658205,2594.3798828125,4.2,2.172493864295566,,,,,2026-07-25 07:39:32,,1.87,4.805923368688814,1.16,0.0,0.1475061357044338,,
2017-11-09,4251.737,4458552.0,160437.0,46.378,2.33,1.63,0.7,,10.5,94.44000244140624,2584.6201171875,4.2,2.172493864295566,,,,,2026-07-25 07:39:32,,1.87,4.805923368688814,1.16,0.0,0.157506135704434,,
2017-11-10,4258.4439999999995,4458552.0,160437.0,39.671,2.4,1.67,0.73,,11.289999961853027,94.38999938964844,2582.300048828125,4.2,2.172493864295566,,,,,2026-07-25 07:39:32,,1.88,4.805923368688814,1.16,0.0,0.2275061357044339,,
2017-11-11,4258.4439999999995,4458552.0,160437.0,39.671,2.4,1.67,0.73,,11.289999961853027,94.38999938964844,2582.300048828125,4.2,2.172493864295566,,,,,2026-07-25 07:39:32,,1.88,4.805923368688814,1.16,0.0,0.2275061357044339,,
2017-11-12,4258.4439999999995,4458552.0,160437.0,39.671,2.4,1.67,0.73,,11.289999961853027,94.38999938964844,2582.300048828125,4.2,2.172493864295566,,,,,2026-07-25 07:39:32,,1.88,4.805923368688814,1.16,0.0,0.2275061357044339,,
2017-11-13,4262.871999999999,4458552.0,160437.0,35.243,2.4,1.7,0.7,,11.5,94.48999786376952,2584.840087890625,4.2,2.172493864295566,,,,,2026-07-25 07:39:32,,1.88,4.805923368688814,1.16,0.0,0.2275061357044339,,
2017-11-14,4265.896,4458552.0,160437.0,32.219,2.38,1.68,0.7,,11.59000015258789,93.83000183105467,2578.8701171875,4.2,2.172493864295566,,,,,2026-07-25 07:39:32,,1.87,4.805923368688814,1.16,0.0,0.2075061357044338,,
2017-11-15,4265.086,4448289.0,148165.0,35.038,2.33,1.68,0.65,,13.130000114440918,93.80999755859376,2564.6201171875,4.2,2.172493864295566,,,,,2026-07-25 07:39:32,,1.85,4.805923368688814,1.16,0.0,0.157506135704434,,
2017-11-16,4279.415,4448289.0,148165.0,20.709,2.37,1.72,0.65,,11.760000228881836,93.93000030517578,2585.639892578125,4.2,2.172493864295566,,,,,2026-07-25 07:39:32,,1.84,4.805923368688814,1.16,0.0,0.1975061357044341,,
2017-11-17,4261.286,4448289.0,148165.0,38.838,2.35,1.73,0.62,,11.43000030517578,93.66000366210938,2578.85009765625,4.2,2.172493864295566,,,,,2026-07-25 07:39:32,,1.86,4.805923368688814,1.16,0.0,0.177506135704434,,
2017-11-18,4261.286,4448289.0,148165.0,38.838,2.35,1.73,0.62,,11.43000030517578,93.66000366210938,2578.85009765625,4.2,2.172493864295566,,,,,2026-07-25 07:39:32,,1.86,4.805923368688814,1.16,0.0,0.177506135704434,,
2017-11-19,4261.286,4448289.0,148165.0,38.838,2.35,1.73,0.62,,11.43000030517578,93.66000366210938,2578.85009765625,4.2,2.172493864295566,,,,,2026-07-25 07:39:32,,1.86,4.805923368688814,1.16,0.0,0.177506135704434,,
2017-11-20,4265.548,4448289.0,148165.0,34.576,2.37,1.77,0.6,,10.649999618530272,94.08000183105467,2582.139892578125,4.2,2.172493864295566,,,,,2026-07-25 07:39:32,,1.85,4.805923368688814,1.16,0.0,0.1975061357044341,,
2017-11-21,4257.224999999999,4448289.0,148165.0,42.899,2.36,1.77,0.59,,9.729999542236328,93.9499969482422,2599.030029296875,4.2,2.172493864295566,,,,,2026-07-25 07:39:32,,1.84,4.805923368688814,1.16,0.0,0.1875061357044338,,
2017-11-22,4247.197999999999,4450615.0,151783.0,51.634,2.32,1.74,0.58,,9.880000114440918,93.22000122070312,2597.080078125,4.2,2.172493864295566,,,,,2026-07-25 07:39:32,,1.84,4.805923368688814,1.16,0.0,0.1475061357044338,,
2017-11-23,4247.197999999999,4450615.0,151783.0,51.634,2.32,1.74,0.58,,9.880000114440918,93.22000122070312,2597.080078125,4.2,2.172493864295566,,,,,2026-07-25 07:39:32,,1.84,4.805923368688814,1.16,0.0,0.1475061357044338,,
2017-11-24,4258.343999999999,4450615.0,151783.0,40.488,2.34,1.75,0.59,,9.670000076293944,92.76000213623048,2602.419921875,4.2,2.172493864295566,,,,,2026-07-25 07:39:32,,1.84,4.805923368688814,1.16,0.0,0.1675061357044338,,
2017-11-25,4258.343999999999,4450615.0,151783.0,40.488,2.34,1.75,0.59,,9.670000076293944,92.76000213623048,2602.419921875,4.2,2.172493864295566,,,,,2026-07-25 07:39:32,,1.84,4.805923368688814,1.16,0.0,0.1675061357044338,,
2017-11-26,4258.343999999999,4450615.0,151783.0,40.488,2.34,1.75,0.59,,9.670000076293944,92.76000213623048,2602.419921875,4.2,2.172493864295566,,,,,2026-07-25 07:39:32,,1.84,4.805923368688814,1.16,0.0,0.1675061357044338,,
2017-11-27,4259.450999999999,4450615.0,151783.0,39.381,2.32,1.74,0.58,,9.869999885559082,92.9000015258789,2601.419921875,4.2,2.172493864295566,,,,,2026-07-25 07:39:32,,1.83,4.805923368688814,1.16,0.0,0.1475061357044338,,
2017-11-28,4247.998,4450615.0,151783.0,50.834,2.34,1.75,0.59,,10.029999732971191,93.26000213623048,2627.0400390625,4.2,2.172493864295566,,,,,2026-07-25 07:39:32,,1.84,4.805923368688814,1.16,0.0,0.1675061357044338,,
2017-11-29,4192.887999999999,4438592.0,178685.0,67.019,2.37,1.78,0.59,,10.699999809265137,93.26000213623048,2626.070068359375,4.2,2.172493864295566,,,,,2026-07-25 07:39:32,,1.84,4.805923368688814,1.16,0.0,0.1975061357044341,,
2017-11-30,4157.187999999999,4438592.0,178685.0,102.719,2.42,1.78,0.64,,11.279999732971191,93.01000213623048,2647.580078125,4.2,2.172493864295566,,,,,2026-07-25 07:39:32,,1.86,4.805923368688814,1.07,0.0,0.2475061357044339,,
2017-12-01,4200.8769999999995,4438592.0,178685.0,59.03,2.37,1.78,0.59,,11.43000030517578,92.9000015258789,2642.219970703125,4.1,2.129930719552253,,,,,2026-07-25 07:39:32,,1.86,4.887078859681604,1.16,0.0,0.2400692804477469,,
2017-12-02,4200.8769999999995,4438592.0,178685.0,59.03,2.37,1.78,0.59,,11.43000030517578,92.9000015258789,2642.219970703125,4.1,2.129930719552253,,,,,2026-07-25 07:39:32,,1.86,4.887078859681604,1.16,0.0,0.2400692804477469,,
2017-12-03,4200.8769999999995,4438592.0,178685.0,59.03,2.37,1.78,0.59,,11.43000030517578,92.9000015258789,2642.219970703125,4.1,2.129930719552253,,,,,2026-07-25 07:39:32,,1.86,4.887078859681604,1.16,0.0,0.2400692804477469,,
2017-12-04,4187.517999999999,4438592.0,178685.0,72.389,2.37,1.8,0.57,,11.68000030517578,93.19000244140624,2639.43994140625,4.1,2.129930719552253,,,,,2026-07-25 07:39:32,,1.87,4.887078859681604,1.16,0.0,0.2400692804477469,,
2017-12-05,4191.61,4438592.0,178685.0,68.297,2.36,1.83,0.53,,11.329999923706056,93.37999725341795,2629.570068359375,4.1,2.129930719552253,,,,,2026-07-25 07:39:32,,1.86,4.887078859681604,1.16,0.0,0.2300692804477466,,
2017-12-06,4238.652999999999,4437148.0,122127.0,76.368,2.33,1.78,0.55,,11.020000457763672,93.61000061035156,2629.27001953125,4.1,2.129930719552253,,,,,2026-07-25 07:39:32,,1.86,4.887078859681604,1.16,0.0,0.2000692804477468,,
2017-12-07,4251.469,4437148.0,122127.0,63.552,2.37,1.8,0.57,,10.15999984741211,93.8000030517578,2636.97998046875,4.1,2.129930719552253,,,,,2026-07-25 07:39:32,,1.87,4.887078859681604,1.16,0.0,0.2400692804477469,,
2017-12-08,4232.307,4437148.0,122127.0,82.714,2.38,1.8,0.58,,9.579999923706056,93.9000015258789,2651.5,4.1,2.129930719552253,,,,,2026-07-25 07:39:32,,1.88,4.887078859681604,1.16,0.0,0.2500692804477467,,
2017-12-09,4232.307,4437148.0,122127.0,82.714,2.38,1.8,0.58,,9.579999923706056,93.9000015258789,2651.5,4.1,2.129930719552253,,,,,2026-07-25 07:39:32,,1.88,4.887078859681604,1.16,0.0,0.2500692804477467,,
2017-12-10,4232.307,4437148.0,122127.0,82.714,2.38,1.8,0.58,,9.579999923706056,93.9000015258789,2651.5,4.1,2.129930719552253,,,,,2026-07-25 07:39:32,,1.88,4.887078859681604,1.16,0.0,0.2500692804477467,,
2017-12-11,4207.548,4437148.0,122127.0,107.473,2.39,1.82,0.57,,9.34000015258789,93.87000274658205,2659.989990234375,4.1,2.129930719552253,,,,,2026-07-25 07:39:32,,1.88,4.887078859681604,1.16,0.0,0.2600692804477469,,
2017-12-12,4195.931,4437148.0,122127.0,119.09,2.4,1.83,0.57,,9.920000076293944,94.0999984741211,2664.110107421875,4.1,2.129930719552253,,,,,2026-07-25 07:39:32,,1.89,4.887078859681604,1.17,0.01,0.2700692804477467,,
2017-12-13,4244.599999999999,4452726.0,64734.0,143.392,2.36,1.79,0.57,,10.18000030517578,93.43000030517578,2662.85009765625,4.1,2.129930719552253,,,,,2026-07-25 07:39:32,,1.88,4.887078859681604,1.17,0.01,0.2300692804477466,,
2017-12-14,4280.312999999999,4452726.0,64734.0,107.679,2.35,1.82,0.53,,10.489999771118164,93.48999786376952,2652.010009765625,4.1,2.129930719552253,,,,,2026-07-25 07:39:32,,1.87,4.887078859681604,1.41,0.25,0.2200692804477468,,
2017-12-15,4307.785999999999,4452726.0,64734.0,80.206,2.35,1.84,0.51,,9.420000076293944,93.93000030517578,2675.81005859375,4.1,2.129930719552253,,,,,2026-07-25 07:39:32,,1.88,4.887078859681604,1.41,0.25,0.2200692804477468,,
2017-12-16,4307.785999999999,4452726.0,64734.0,80.206,2.35,1.84,0.51,,9.420000076293944,93.93000030517578,2675.81005859375,4.1,2.129930719552253,,,,,2026-07-25 07:39:32,,1.88,4.887078859681604,1.41,0.25,0.2200692804477468,,
2017-12-17,4307.785999999999,4452726.0,64734.0,80.206,2.35,1.84,0.51,,9.420000076293944,93.93000030517578,2675.81005859375,4.1,2.129930719552253,,,,,2026-07-25 07:39:32,,1.88,4.887078859681604,1.41,0.25,0.2200692804477468,,
2017-12-18,4270.715999999999,4452726.0,64734.0,117.276,2.39,1.84,0.55,,9.529999732971191,93.6999969482422,2690.159912109375,4.1,2.129930719552253,,,,,2026-07-25 07:39:33,,1.89,4.887078859681604,1.42,0.26,0.2600692804477469,,
2017-12-19,4275.364,4452726.0,64734.0,112.628,2.46,1.87,0.59,,10.029999732971191,93.47000122070312,2681.469970703125,4.1,2.129930719552253,,,,,2026-07-25 07:39:33,,1.91,4.887078859681604,1.42,0.26,0.3300692804477467,,
2017-12-20,4149.071,4447470.0,170817.0,127.582,2.49,1.87,0.62,,9.720000267028809,93.3499984741211,2679.25,4.1,2.129930719552253,,,,,2026-07-25 07:39:33,,1.92,4.887078859681604,1.42,0.26,0.360069280447747,,
2017-12-21,4159.675,4447470.0,170817.0,116.978,2.48,1.89,0.59,,9.619999885559082,93.27999877929688,2684.570068359375,4.1,2.129930719552253,,,,,2026-07-25 07:39:33,,1.93,4.887078859681604,1.42,0.26,0.3500692804477467,,
2017-12-22,4162.801,4447470.0,170817.0,113.852,2.48,1.91,0.57,,9.899999618530272,93.3499984741211,2683.340087890625,4.1,2.129930719552253,,,,,2026-07-25 07:39:33,,1.94,4.887078859681604,1.42,0.26,0.3500692804477467,,
2017-12-23,4162.801,4447470.0,170817.0,113.852,2.48,1.91,0.57,,9.899999618530272,93.3499984741211,2683.340087890625,4.1,2.129930719552253,,,,,2026-07-25 07:39:33,,1.94,4.887078859681604,1.42,0.26,0.3500692804477467,,
2017-12-24,4162.801,4447470.0,170817.0,113.852,2.48,1.91,0.57,,9.899999618530272,93.3499984741211,2683.340087890625,4.1,2.129930719552253,,,,,2026-07-25 07:39:33,,1.94,4.887078859681604,1.42,0.26,0.3500692804477467,,
2017-12-25,4162.801,4447470.0,170817.0,113.852,2.48,1.91,0.57,,9.899999618530272,93.3499984741211,2683.340087890625,4.1,2.129930719552253,,,,,2026-07-25 07:39:33,,1.94,4.887078859681604,1.42,0.26,0.3500692804477467,,
2017-12-26,4157.197,4447470.0,170817.0,119.456,2.47,1.92,0.55,,10.25,93.26000213623048,2680.5,4.1,2.129930719552253,,,,,2026-07-25 07:39:33,,1.94,4.887078859681604,1.42,0.26,0.340069280447747,,
2017-12-27,4114.445000000001,4448680.0,186486.0,147.749,2.42,1.89,0.53,,10.470000267028809,93.02999877929688,2682.6201171875,4.1,2.129930719552253,,,,,2026-07-25 07:39:33,,1.94,4.887078859681604,1.42,0.26,0.2900692804477467,,
2017-12-28,4103.716,4448680.0,186486.0,158.478,2.43,1.91,0.52,,10.18000030517578,92.5999984741211,2687.5400390625,4.1,2.129930719552253,,,,,2026-07-25 07:39:33,,1.96,4.887078859681604,1.42,0.26,0.3000692804477469,,
2017-12-29,3942.599,4448680.0,186486.0,319.595,2.4,1.89,0.51,,11.039999961853027,92.12000274658205,2673.610107421875,4.1,2.129930719552253,,,,,2026-07-25 07:39:33,,1.96,4.887078859681604,1.33,0.1700000000000001,0.2700692804477467,,
2017-12-30,3942.599,4448680.0,186486.0,319.595,2.4,1.89,0.51,,11.039999961853027,92.12000274658205,2673.610107421875,4.1,2.129930719552253,,,,,2026-07-25 07:39:33,,1.96,4.887078859681604,1.33,0.26,0.2700692804477467,,
2017-12-31,3942.599,4448680.0,186486.0,319.595,2.4,1.89,0.51,,11.039999961853027,92.12000274658205,2673.610107421875,4.1,2.129930719552253,,,,,2026-07-25 07:39:33,,1.96,4.887078859681604,1.33,0.1700000000000001,0.2700692804477467,,
2018-01-01,3942.599,4448680.0,186486.0,319.595,2.4,1.89,0.51,,11.039999961853027,92.12000274658205,2673.610107421875,4.0,2.151318868063945,,,,,2026-07-25 07:39:33,,1.96,4.3903061799229315,1.33,0.1700000000000001,0.2486811319360549,,
2018-01-02,4125.227000000001,4448680.0,186486.0,136.967,2.46,1.92,0.54,,9.770000457763672,91.8499984741211,2695.81005859375,4.0,2.151318868063945,,,,,2026-07-25 07:39:33,,2.0,4.3903061799229315,1.42,0.26,0.3086811319360549,,
2018-01-03,4142.138999999999,4443718.0,169957.0,131.622,2.44,1.94,0.5,,9.149999618530272,92.16000366210938,2713.06005859375,4.0,2.151318868063945,,,,,2026-07-25 07:39:33,,1.98,4.3903061799229315,1.42,0.26,0.2886811319360549,,
2018-01-04,4197.137,4443718.0,169957.0,76.624,2.46,1.96,0.5,,9.220000267028809,91.8499984741211,2723.989990234375,4.0,2.151318868063945,,,,,2026-07-25 07:39:33,,2.01,4.3903061799229315,1.42,0.26,0.3086811319360549,,
2018-01-05,4209.956999999999,4443718.0,169957.0,63.804,2.47,1.96,0.51,,9.220000267028809,91.9499969482422,2743.14990234375,4.0,2.151318868063945,,,,,2026-07-25 07:39:33,,2.01,4.3903061799229315,1.42,0.26,0.3186811319360552,,
2018-01-06,4209.956999999999,4443718.0,169957.0,63.804,2.47,1.96,0.51,,9.220000267028809,91.9499969482422,2743.14990234375,4.0,2.151318868063945,,,,,2026-07-25 07:39:33,,2.01,4.3903061799229315,1.42,0.26,0.3186811319360552,,
2018-01-07,4209.956999999999,4443718.0,169957.0,63.804,2.47,1.96,0.51,,9.220000267028809,91.9499969482422,2743.14990234375,4.0,2.151318868063945,,,,,2026-07-25 07:39:33,,2.01,4.3903061799229315,1.42,0.26,0.3186811319360552,,
2018-01-08,4210.23,4443718.0,169957.0,63.531,2.49,1.96,0.53,,9.520000457763672,92.33000183105467,2747.7099609375,4.0,2.151318868063945,,,,,2026-07-25 07:39:33,,2.02,4.3903061799229315,1.42,0.26,0.3386811319360552,,
2018-01-09,4217.293,4443718.0,169957.0,56.468,2.55,1.98,0.57,,10.079999923706056,92.52999877929688,2751.2900390625,4.0,2.151318868063945,,,,,2026-07-25 07:39:33,,2.03,4.3903061799229315,1.42,0.26,0.3986811319360548,,
2018-01-10,4189.535,4446062.0,198573.0,57.954,2.55,1.98,0.57,,9.81999969482422,92.33000183105467,2748.22998046875,4.0,2.151318868063945,,,,,2026-07-25 07:39:33,,2.03,4.3903061799229315,1.42,0.26,0.3986811319360548,,
2018-01-11,4213.892,4446062.0,198573.0,33.597,2.54,1.98,0.56,,9.880000114440918,91.8499984741211,2767.56005859375,4.0,2.151318868063945,,,,,2026-07-25 07:39:33,,2.0,4.3903061799229315,1.42,0.25,0.388681131936055,,
2018-01-12,4225.898999999999,4446062.0,198573.0,21.59,2.55,1.99,0.56,,10.15999984741211,90.97000122070312,2786.239990234375,4.0,2.151318868063945,,,,,2026-07-25 07:39:33,,2.01,4.3903061799229315,1.42,0.25,0.3986811319360548,,
2018-01-13,4225.898999999999,4446062.0,198573.0,21.59,2.55,1.99,0.56,,10.15999984741211,90.97000122070312,2786.239990234375,4.0,2.151318868063945,,,,,2026-07-25 07:39:33,,2.01,4.3903061799229315,1.42,0.01,0.3986811319360548,,
2018-01-14,4225.898999999999,4446062.0,198573.0,21.59,2.55,1.99,0.56,,10.15999984741211,90.97000122070312,2786.239990234375,4.0,2.151318868063945,,,,,2026-07-25 07:39:33,,2.01,4.3903061799229315,1.42,0.01,0.3986811319360548,,
2018-01-15,4225.898999999999,4446062.0,198573.0,21.59,2.55,1.99,0.56,,10.15999984741211,90.97000122070312,2786.239990234375,4.0,2.151318868063945,,,,,2026-07-25 07:39:33,,2.01,4.3903061799229315,1.42,0.01,0.3986811319360548,,
2018-01-16,4225.486,4446062.0,198573.0,22.003,2.54,2.03,0.51,,11.65999984741211,90.38999938964844,2776.419921875,4.0,2.151318868063945,,,,,2026-07-25 07:39:33,,2.03,4.3903061799229315,1.42,0.01,0.388681131936055,,
2018-01-17,4161.877,4439145.0,256720.0,20.548,2.57,2.05,0.52,,11.90999984741211,90.54000091552734,2802.56005859375,4.0,2.151318868063945,,,,,2026-07-25 07:39:33,,2.04,4.3903061799229315,1.42,0.0,0.4186811319360548,,
2018-01-18,4159.621,4439145.0,256720.0,22.804,2.62,2.05,0.57,,12.220000267028809,90.5,2798.030029296875,4.0,2.151318868063945,,,,,2026-07-25 07:39:33,,2.05,4.3903061799229315,1.42,0.0,0.4686811319360551,,
2018-01-19,4160.229,4439145.0,256720.0,22.196,2.64,2.06,0.58,,11.270000457763672,90.56999969482422,2810.300048828125,4.0,2.151318868063945,,,,,2026-07-25 07:39:33,,2.06,4.3903061799229315,1.42,0.0,0.4886811319360551,,
2018-01-20,4160.229,4439145.0,256720.0,22.196,2.64,2.06,0.58,,11.270000457763672,90.56999969482422,2810.300048828125,4.0,2.151318868063945,,,,,2026-07-25 07:39:33,,2.06,4.3903061799229315,1.42,0.0,0.4886811319360551,,
2018-01-21,4160.229,4439145.0,256720.0,22.196,2.64,2.06,0.58,,11.270000457763672,90.56999969482422,2810.300048828125,4.0,2.151318868063945,,,,,2026-07-25 07:39:33,,2.06,4.3903061799229315,1.42,0.0,0.4886811319360551,,
2018-01-22,4153.719,4439145.0,256720.0,28.706,2.66,2.08,0.58,,11.029999732971191,90.4000015258789,2832.969970703125,4.0,2.151318868063945,,,,,2026-07-25 07:39:33,,2.06,4.3903061799229315,1.42,0.0,0.5086811319360551,,
2018-01-23,4150.634,4439145.0,256720.0,31.791,2.63,2.06,0.57,,11.100000381469728,90.12000274658205,2839.1298828125,4.0,2.151318868063945,,,,,2026-07-25 07:39:33,,2.06,4.3903061799229315,1.42,0.0,0.4786811319360549,,
2018-01-24,4128.983,4441317.0,275963.0,36.371,2.65,2.08,0.57,,11.470000267028809,89.20999908447266,2837.5400390625,4.0,2.151318868063945,,,,,2026-07-25 07:39:33,,2.07,4.3903061799229315,1.42,0.0,0.4986811319360549,,
2018-01-25,4145.463000000001,4441317.0,275963.0,19.891,2.63,2.08,0.55,,11.579999923706056,89.38999938964844,2839.25,4.0,2.151318868063945,,,,,2026-07-25 07:39:33,,2.07,4.3903061799229315,1.42,0.0,0.4786811319360549,,
2018-01-26,4143.927000000001,4441317.0,275963.0,21.427,2.66,2.13,0.53,,11.079999923706056,89.06999969482422,2872.8701171875,4.0,2.151318868063945,,,,,2026-07-25 07:39:33,,2.09,4.3903061799229315,1.42,0.0,0.5086811319360551,,
2018-01-27,4143.927000000001,4441317.0,275963.0,21.427,2.66,2.13,0.53,,11.079999923706056,89.06999969482422,2872.8701171875,4.0,2.151318868063945,,,,,2026-07-25 07:39:33,,2.09,4.3903061799229315,1.42,0.0,0.5086811319360551,,
2018-01-28,4143.927000000001,4441317.0,275963.0,21.427,2.66,2.13,0.53,,11.079999923706056,89.06999969482422,2872.8701171875,4.0,2.151318868063945,,,,,2026-07-25 07:39:33,,2.09,4.3903061799229315,1.42,0.0899999999999998,0.5086811319360551,,
2018-01-29,4141.374000000001,4441317.0,275963.0,23.98,2.7,2.11,0.59,,13.84000015258789,89.30999755859375,2853.530029296875,4.0,2.151318868063945,,,,,2026-07-25 07:39:33,,2.09,4.3903061799229315,1.42,0.0899999999999998,0.5486811319360552,,
2018-01-30,4133.588000000001,4441317.0,275963.0,31.766,2.73,2.13,0.6,,14.789999961853027,89.19000244140625,2822.429931640625,4.0,2.151318868063945,,,,,2026-07-25 07:39:33,,2.1,4.3903061799229315,1.42,0.0899999999999998,0.578681131936055,,
2018-01-31,4077.634000000001,4419225.0,275794.0,65.797,2.72,2.14,0.58,,13.539999961853027,89.12999725341797,2823.81005859375,4.0,2.151318868063945,,,,,2026-07-25 07:39:33,,2.11,4.3903061799229315,1.34,0.01,0.5686811319360552,,
2018-02-01,4111.606000000001,4419225.0,275794.0,31.825,2.78,2.16,0.62,,13.470000267028809,88.66999816894531,2821.97998046875,4.1,2.263468931091861,,,,,2026-07-25 07:39:33,,2.11,4.139666139098752,1.42,0.0,0.5165310689081388,,
2018-02-02,4099.500000000001,4419225.0,275794.0,43.931,2.84,2.15,0.69,,17.309999465942383,89.19999694824219,2762.1298828125,4.1,2.263468931091861,,,,,2026-07-25 07:39:33,,2.14,4.139666139098752,1.42,0.0,0.5765310689081389,,
2018-02-03,4099.500000000001,4419225.0,275794.0,43.931,2.84,2.15,0.69,,17.309999465942383,89.19999694824219,2762.1298828125,4.1,2.263468931091861,,,,,2026-07-25 07:39:33,,2.14,4.139666139098752,1.42,0.0,0.5765310689081389,,
2018-02-04,4099.500000000001,4419225.0,275794.0,43.931,2.84,2.15,0.69,,17.309999465942383,89.19999694824219,2762.1298828125,4.1,2.263468931091861,,,,,2026-07-25 07:39:33,,2.14,4.139666139098752,1.42,0.0,0.5765310689081389,,
2018-02-05,4084.4230000000007,4419225.0,275794.0,59.008,2.77,2.08,0.69,,37.31999969482422,89.55000305175781,2648.93994140625,4.1,2.263468931091861,,,,,2026-07-25 07:39:33,,2.1,4.139666139098752,1.42,0.0,0.506531068908139,,
2018-02-06,4094.217000000001,4419225.0,275794.0,49.214,2.79,2.1,0.69,,29.979999542236328,89.58999633789062,2695.139892578125,4.1,2.263468931091861,,,,,2026-07-25 07:39:33,,2.1,4.139666139098752,1.42,0.0,0.526531068908139,,
2018-02-07,4170.4039999999995,4420745.0,202221.0,48.12,2.84,2.15,0.69,,27.729999542236328,90.26000213623048,2681.659912109375,4.1,2.263468931091861,,,,,2026-07-25 07:39:33,,2.1,4.139666139098752,1.42,0.0,0.5765310689081389,,
2018-02-08,4185.2519999999995,4420745.0,202221.0,33.272,2.85,2.13,0.72,,33.459999084472656,90.2300033569336,2581.0,4.1,2.263468931091861,,,,,2026-07-25 07:39:33,,2.09,4.139666139098752,1.42,0.0,0.5865310689081391,,
2018-02-09,4181.956999999999,4420745.0,202221.0,36.567,2.83,2.05,0.78,,29.059999465942383,90.44000244140624,2619.550048828125,4.1,2.263468931091861,,,,,2026-07-25 07:39:33,,2.05,4.139666139098752,1.42,0.0,0.5665310689081391,,
2018-02-10,4181.956999999999,4420745.0,202221.0,36.567,2.83,2.05,0.78,,29.059999465942383,90.44000244140624,2619.550048828125,4.1,2.263468931091861,,,,,2026-07-25 07:39:33,,2.05,4.139666139098752,1.42,0.0,0.5665310689081391,,
2018-02-11,4181.956999999999,4420745.0,202221.0,36.567,2.83,2.05,0.78,,29.059999465942383,90.44000244140624,2619.550048828125,4.1,2.263468931091861,,,,,2026-07-25 07:39:33,,2.05,4.139666139098752,1.42,0.0,0.5665310689081391,,
2018-02-12,4187.892999999999,4420745.0,202221.0,30.631,2.86,2.09,0.77,,25.61000061035156,90.20999908447266,2656.0,4.1,2.263468931091861,,,,,2026-07-25 07:39:33,,2.07,4.139666139098752,1.42,0.0,0.5965310689081389,,
2018-02-13,4175.387,4420745.0,202221.0,43.137,2.83,2.1,0.73,,24.969999313354492,89.69999694824219,2662.93994140625,4.1,2.263468931091861,,,,,2026-07-25 07:39:33,,2.05,4.139666139098752,1.42,0.0,0.5665310689081391,,
2018-02-14,4215.5,4434863.0,180845.0,38.518,2.91,2.17,0.74,,19.260000228881836,89.12000274658203,2698.6298828125,4.1,2.263468931091861,,,,,2026-07-25 07:39:33,,2.09,4.139666139098752,1.42,0.0,0.6465310689081392,,
2018-02-15,4224.938,4434863.0,180845.0,29.08,2.9,2.19,0.71,,19.1299991607666,88.58999633789062,2731.199951171875,4.1,2.263468931091861,,,,,2026-07-25 07:39:33,,2.11,4.139666139098752,1.42,0.0,0.6365310689081389,,
2018-02-16,4224.403,4434863.0,180845.0,29.615,2.87,2.21,0.66,,19.459999084472656,89.0999984741211,2732.219970703125,4.1,2.263468931091861,,,,,2026-07-25 07:39:33,,2.09,4.139666139098752,1.42,0.0,0.6065310689081391,,
2018-02-17,4224.403,4434863.0,180845.0,29.615,2.87,2.21,0.66,,19.459999084472656,89.0999984741211,2732.219970703125,4.1,2.263468931091861,,,,,2026-07-25 07:39:33,,2.09,4.139666139098752,1.42,0.0,0.6065310689081391,,
2018-02-18,4224.403,4434863.0,180845.0,29.615,2.87,2.21,0.66,,19.459999084472656,89.0999984741211,2732.219970703125,4.1,2.263468931091861,,,,,2026-07-25 07:39:33,,2.09,4.139666139098752,1.42,0.0,0.6065310689081391,,
2018-02-19,4224.403,4434863.0,180845.0,29.615,2.87,2.21,0.66,,19.459999084472656,89.0999984741211,2732.219970703125,4.1,2.263468931091861,,,,,2026-07-25 07:39:34,,2.09,4.139666139098752,1.42,0.0,0.6065310689081391,,
2018-02-20,4221.523,4434863.0,180845.0,32.495,2.88,2.25,0.63,,20.600000381469727,89.72000122070312,2716.260009765625,4.1,2.263468931091861,,,,,2026-07-25 07:39:34,,2.1,4.139666139098752,1.42,0.0,0.6165310689081389,,
2018-02-21,4157.672,4411660.0,208817.0,45.171,2.94,2.26,0.68,,20.020000457763672,90.08000183105467,2701.330078125,4.1,2.263468931091861,,,,,2026-07-25 07:39:34,,2.12,4.139666139098752,1.42,0.0,0.676531068908139,,
2018-02-22,4166.523,4411660.0,208817.0,36.32,2.92,2.25,0.67,,18.719999313354492,89.75,2703.9599609375,4.1,2.263468931091861,,,,,2026-07-25 07:39:34,,2.11,4.139666139098752,1.42,0.0,0.656531068908139,,
2018-02-23,4186.968,4411660.0,208817.0,15.875,2.88,2.25,0.63,,16.489999771118164,89.87999725341797,2747.300048828125,4.1,2.263468931091861,,,,,2026-07-25 07:39:34,,2.12,4.139666139098752,1.42,0.0,0.6165310689081389,,
2018-02-24,4186.968,4411660.0,208817.0,15.875,2.88,2.25,0.63,,16.489999771118164,89.87999725341797,2747.300048828125,4.1,2.263468931091861,,,,,2026-07-25 07:39:34,,2.12,4.139666139098752,1.42,0.0,0.6165310689081389,,
2018-02-25,4186.968,4411660.0,208817.0,15.875,2.88,2.25,0.63,,16.489999771118164,89.87999725341797,2747.300048828125,4.1,2.263468931091861,,,,,2026-07-25 07:39:34,,2.12,4.139666139098752,1.42,0.0,0.6165310689081389,,
2018-02-26,4193.483,4411660.0,208817.0,9.36,2.86,2.22,0.64,,15.800000190734863,89.81999969482422,2779.60009765625,4.1,2.263468931091861,,,,,2026-07-25 07:39:34,,2.13,4.139666139098752,1.42,0.0,0.5965310689081389,,
2018-02-27,4183.114,4411660.0,208817.0,19.729,2.9,2.27,0.63,,18.59000015258789,90.36000061035156,2744.280029296875,4.1,2.263468931091861,,,,,2026-07-25 07:39:34,,2.13,4.139666139098752,1.42,0.0,0.6365310689081389,,
2018-02-28,4149.500999999999,4393401.0,199390.0,44.51,2.87,2.25,0.62,,19.850000381469727,90.61000061035156,2713.830078125,4.1,2.263468931091861,,,,,2026-07-25 07:39:34,,2.12,4.139666139098752,1.35,-0.0699999999999998,0.6065310689081391,,
2018-03-01,4179.677,4393401.0,199390.0,14.334,2.81,2.22,0.59,,22.469999313354492,90.31999969482422,2677.669921875,4.0,2.3309497646499366,,,,,2026-07-25 07:39:34,,2.1,4.078403992988511,1.42,0.0,0.4790502353500634,,
2018-03-02,4178.369,4393401.0,199390.0,15.642,2.86,2.25,0.61,,19.59000015258789,89.94000244140625,2691.25,4.0,2.3309497646499366,,,,,2026-07-25 07:39:34,,2.12,4.078403992988511,1.42,0.0799999999999998,0.5290502353500632,,
2018-03-03,4178.369,4393401.0,199390.0,15.642,2.86,2.25,0.61,,19.59000015258789,89.94000244140625,2691.25,4.0,2.3309497646499366,,,,,2026-07-25 07:39:34,,2.12,4.078403992988511,1.42,0.0,0.5290502353500632,,
2018-03-04,4178.369,4393401.0,199390.0,15.642,2.86,2.25,0.61,,19.59000015258789,89.94000244140625,2691.25,4.0,2.3309497646499366,,,,,2026-07-25 07:39:34,,2.12,4.078403992988511,1.42,0.0,0.5290502353500632,,
2018-03-05,4178.781,4393401.0,199390.0,15.23,2.88,2.24,0.64,,18.729999542236328,90.08000183105467,2720.93994140625,4.0,2.3309497646499366,,,,,2026-07-25 07:39:34,,2.13,4.078403992988511,1.42,0.0,0.5490502353500633,,
2018-03-06,4182.806,4393401.0,199390.0,11.205,2.88,2.25,0.63,,18.36000061035156,89.62000274658203,2728.1201171875,4.0,2.3309497646499366,,,,,2026-07-25 07:39:34,,2.12,4.078403992988511,1.42,0.0,0.5490502353500633,,
2018-03-07,4194.286999999999,4396097.0,187515.0,14.295,2.89,2.25,0.64,,17.760000228881836,89.63999938964844,2726.800048828125,4.0,2.3309497646499366,,,,,2026-07-25 07:39:34,,2.13,4.078403992988511,1.42,0.0,0.5590502353500635,,
2018-03-08,4201.619,4396097.0,187515.0,6.963,2.86,2.25,0.61,,16.540000915527344,90.12000274658205,2738.969970703125,4.0,2.3309497646499366,,,,,2026-07-25 07:39:34,,2.11,4.078403992988511,1.42,0.0,0.5290502353500632,,
2018-03-09,4205.334999999999,4396097.0,187515.0,3.247,2.9,2.27,0.63,,14.640000343322754,90.08999633789062,2786.570068359375,4.0,2.3309497646499366,,,,,2026-07-25 07:39:34,,2.12,4.078403992988511,1.42,0.0,0.5690502353500633,,
2018-03-10,4205.334999999999,4396097.0,187515.0,3.247,2.9,2.27,0.63,,14.640000343322754,90.08999633789062,2786.570068359375,4.0,2.3309497646499366,,,,,2026-07-25 07:39:34,,2.12,4.078403992988511,1.42,0.0,0.5690502353500633,,
2018-03-11,4205.334999999999,4396097.0,187515.0,3.247,2.9,2.27,0.63,,14.640000343322754,90.08999633789062,2786.570068359375,4.0,2.3309497646499366,,,,,2026-07-25 07:39:34,,2.12,4.078403992988511,1.42,0.0,0.5690502353500633,,
2018-03-12,4206.811999999999,4396097.0,187515.0,1.77,2.87,2.27,0.6,,15.779999732971191,89.9000015258789,2783.02001953125,4.0,2.3309497646499366,,,,,2026-07-25 07:39:34,,2.1,4.078403992988511,1.42,0.0,0.5390502353500635,,
2018-03-13,4206.436999999999,4396097.0,187515.0,2.145,2.84,2.26,0.58,,16.350000381469727,89.66000366210938,2765.31005859375,4.0,2.3309497646499366,,,,,2026-07-25 07:39:34,,2.09,4.078403992988511,1.42,0.0,0.5090502353500632,,
2018-03-14,4166.128,4407258.0,236160.0,4.97,2.81,2.26,0.55,,17.229999542236328,89.69999694824219,2749.47998046875,4.0,2.3309497646499366,,,,,2026-07-25 07:39:34,,2.07,4.078403992988511,1.42,0.0,0.4790502353500634,,
2018-03-15,4167.352,4407258.0,236160.0,3.746,2.82,2.29,0.53,,16.59000015258789,90.13999938964844,2747.330078125,4.0,2.3309497646499366,,,,,2026-07-25 07:39:34,,2.08,4.078403992988511,1.43,0.01,0.4890502353500632,,
2018-03-16,4160.818,4407258.0,236160.0,10.28,2.85,2.31,0.54,,15.800000190734863,90.2300033569336,2752.010009765625,4.0,2.3309497646499366,,,,,2026-07-25 07:39:34,,2.08,4.078403992988511,1.43,0.01,0.5190502353500634,,
2018-03-17,4160.818,4407258.0,236160.0,10.28,2.85,2.31,0.54,,15.800000190734863,90.2300033569336,2752.010009765625,4.0,2.3309497646499366,,,,,2026-07-25 07:39:34,,2.08,4.078403992988511,1.43,0.01,0.5190502353500634,,
2018-03-18,4160.818,4407258.0,236160.0,10.28,2.85,2.31,0.54,,15.800000190734863,90.2300033569336,2752.010009765625,4.0,2.3309497646499366,,,,,2026-07-25 07:39:34,,2.08,4.078403992988511,1.43,0.01,0.5190502353500634,,
2018-03-19,4163.278,4407258.0,236160.0,7.82,2.85,2.31,0.54,,19.020000457763672,89.9000015258789,2712.919921875,4.0,2.3309497646499366,,,,,2026-07-25 07:39:34,,2.08,4.078403992988511,1.43,0.01,0.5190502353500634,,
2018-03-20,4159.148,4407258.0,236160.0,11.95,2.89,2.34,0.55,,18.200000762939453,90.37000274658205,2716.93994140625,4.0,2.3309497646499366,,,,,2026-07-25 07:39:34,,2.08,4.078403992988511,1.44,0.02,0.5590502353500635,,
2018-03-21,4081.663,4401222.0,298973.0,20.586,2.89,2.31,0.58,,17.860000610351562,89.77999877929688,2711.929931640625,4.0,2.3309497646499366,,,,,2026-07-25 07:39:34,,2.09,4.078403992988511,1.44,0.02,0.5590502353500635,,
2018-03-22,4090.657,4401222.0,298973.0,11.592,2.83,2.29,0.54,,23.34000015258789,89.86000061035156,2643.68994140625,4.0,2.3309497646499366,,,,,2026-07-25 07:39:34,,2.08,4.078403992988511,1.68,0.26,0.4990502353500634,,
2018-03-23,4091.799,4401222.0,298973.0,10.45,2.82,2.28,0.54,,24.8700008392334,89.44000244140625,2588.260009765625,4.0,2.3309497646499366,,,,,2026-07-25 07:39:34,,2.07,4.078403992988511,1.68,0.26,0.4890502353500632,,
2018-03-24,4091.799,4401222.0,298973.0,10.45,2.82,2.28,0.54,,24.8700008392334,89.44000244140625,2588.260009765625,4.0,2.3309497646499366,,,,,2026-07-25 07:39:34,,2.07,4.078403992988511,1.68,0.26,0.4890502353500632,,
2018-03-25,4091.799,4401222.0,298973.0,10.45,2.82,2.28,0.54,,24.8700008392334,89.44000244140625,2588.260009765625,4.0,2.3309497646499366,,,,,2026-07-25 07:39:34,,2.07,4.078403992988511,1.68,0.26,0.4890502353500632,,
2018-03-26,4096.3279999999995,4401222.0,298973.0,5.921,2.85,2.33,0.52,,21.030000686645508,89.02999877929688,2658.550048828125,4.0,2.3309497646499366,,,,,2026-07-25 07:39:34,,2.08,4.078403992988511,1.68,0.26,0.5190502353500634,,
2018-03-27,4092.629,4401222.0,298973.0,9.62,2.78,2.26,0.52,,22.5,89.37000274658203,2612.6201171875,4.0,2.3309497646499366,,,,,2026-07-25 07:39:34,,2.07,4.078403992988511,1.68,0.26,0.4490502353500631,,
2018-03-28,4073.945,4392198.0,300355.0,17.898,2.77,2.28,0.49,,22.8700008392334,90.05999755859375,2605.0,4.0,2.3309497646499366,,,,,2026-07-25 07:39:34,,2.05,4.078403992988511,1.68,0.26,0.4390502353500634,,
2018-03-29,4073.945,4392198.0,300355.0,17.898,2.74,2.27,0.47,,19.969999313354492,90.1500015258789,2640.8701171875,4.0,2.3309497646499366,,,,,2026-07-25 07:39:34,,2.05,4.078403992988511,1.68,0.26,0.4090502353500636,,
2018-03-30,4073.945,4392198.0,300355.0,17.898,2.74,2.27,0.47,,19.969999313354492,90.1500015258789,2640.8701171875,4.0,2.3309497646499366,,,,,2026-07-25 07:39:34,,2.05,4.078403992988511,1.67,0.3199999999999998,0.4090502353500636,,
2018-03-31,4073.945,4392198.0,300355.0,17.898,2.74,2.27,0.47,,19.969999313354492,90.1500015258789,2640.8701171875,4.0,2.3309497646499366,,,,,2026-07-25 07:39:34,,2.05,4.078403992988511,1.67,0.25,0.4090502353500636,,
2018-04-01,4073.945,4392198.0,300355.0,17.898,2.74,2.27,0.47,,19.969999313354492,90.1500015258789,2640.8701171875,4.0,2.4709963021052994,,,,,2026-07-25 07:39:34,,2.05,3.802776278130704,1.67,0.25,0.2690036978947008,,
2018-04-02,4088.02,4392198.0,300355.0,3.823,2.73,2.25,0.48,,23.6200008392334,90.05000305175781,2581.8798828125,4.0,2.4709963021052994,,,,,2026-07-25 07:39:34,,2.05,3.802776278130704,1.68,0.26,0.2590036978947005,,
2018-04-03,4083.148,4392198.0,300355.0,8.695,2.79,2.28,0.51,,21.100000381469727,90.1999969482422,2614.449951171875,4.0,2.4709963021052994,,,,,2026-07-25 07:39:34,,2.08,3.802776278130704,1.69,0.27,0.3190036978947006,,
2018-04-04,4080.93,4386104.0,300604.0,4.57,2.79,2.28,0.51,,20.059999465942383,90.13999938964844,2644.68994140625,4.0,2.4709963021052994,,,,,2026-07-25 07:39:34,,2.08,3.802776278130704,1.69,0.27,0.3190036978947006,,
2018-04-05,4080.855000000001,4386104.0,300604.0,4.645,2.83,2.3,0.53,,18.940000534057617,90.45999908447266,2662.840087890625,4.0,2.4709963021052994,,,,,2026-07-25 07:39:34,,2.08,3.802776278130704,1.69,0.27,0.3590036978947006,,
2018-04-06,4080.605000000001,4386104.0,300604.0,4.895,2.77,2.27,0.5,,21.489999771118164,90.11000061035156,2604.469970703125,4.0,2.4709963021052994,,,,,2026-07-25 07:39:34,,2.07,3.802776278130704,1.69,0.27,0.2990036978947006,,
2018-04-07,4080.605000000001,4386104.0,300604.0,4.895,2.77,2.27,0.5,,21.489999771118164,90.11000061035156,2604.469970703125,4.0,2.4709963021052994,,,,,2026-07-25 07:39:34,,2.07,3.802776278130704,1.69,0.27,0.2990036978947006,,
2018-04-08,4080.605000000001,4386104.0,300604.0,4.895,2.77,2.27,0.5,,21.489999771118164,90.11000061035156,2604.469970703125,4.0,2.4709963021052994,,,,,2026-07-25 07:39:34,,2.07,3.802776278130704,1.69,0.27,0.2990036978947006,,
2018-04-09,4081.43,4386104.0,300604.0,4.07,2.78,2.29,0.49,,21.770000457763672,89.83999633789062,2613.159912109375,4.0,2.4709963021052994,,,,,2026-07-25 07:39:34,,2.07,3.802776278130704,1.69,0.27,0.3090036978947004,,
2018-04-10,4081.5100000000007,4386104.0,300604.0,3.99,2.8,2.32,0.48,,20.469999313354492,89.58999633789062,2656.8701171875,4.0,2.4709963021052994,,,,,2026-07-25 07:39:34,,2.08,3.802776278130704,1.69,0.27,0.3290036978947004,,
2018-04-11,4093.519,4383684.0,287804.0,2.361,2.79,2.32,0.47,,20.239999771118164,89.56999969482422,2642.18994140625,4.0,2.4709963021052994,,,,,2026-07-25 07:39:34,,2.11,3.802776278130704,1.69,0.27,0.3190036978947006,,
2018-04-12,4091.76,4383684.0,287804.0,4.12,2.83,2.34,0.49,,18.489999771118164,89.75,2663.989990234375,4.0,2.4709963021052994,,,,,2026-07-25 07:39:34,,2.13,3.802776278130704,1.69,0.27,0.3590036978947006,,
2018-04-13,4092.409,4383684.0,287804.0,3.471,2.82,2.37,0.45,,17.40999984741211,89.80000305175781,2656.300048828125,4.0,2.4709963021052994,,,,,2026-07-25 07:39:34,,2.13,3.802776278130704,1.69,0.27,0.3490036978947004,,
2018-04-14,4092.409,4383684.0,287804.0,3.471,2.82,2.37,0.45,,17.40999984741211,89.80000305175781,2656.300048828125,4.0,2.4709963021052994,,,,,2026-07-25 07:39:34,,2.13,3.802776278130704,1.69,0.26,0.3490036978947004,,
2018-04-15,4092.409,4383684.0,287804.0,3.471,2.82,2.37,0.45,,17.40999984741211,89.80000305175781,2656.300048828125,4.0,2.4709963021052994,,,,,2026-07-25 07:39:34,,2.13,3.802776278130704,1.69,0.26,0.3490036978947004,,
2018-04-16,4092.508,4383684.0,287804.0,3.372,2.83,2.39,0.44,,16.559999465942383,89.43000030517578,2677.840087890625,4.0,2.4709963021052994,,,,,2026-07-25 07:39:34,,2.12,3.802776278130704,1.69,0.26,0.3590036978947006,,
2018-04-17,4091.909,4383684.0,287804.0,3.971,2.82,2.41,0.41,,15.25,89.5199966430664,2706.389892578125,4.0,2.4709963021052994,,,,,2026-07-25 07:39:34,,2.14,3.802776278130704,1.69,0.26,0.3490036978947004,,
2018-04-18,4020.939,4385903.0,350943.0,14.021,2.87,2.42,0.45,,15.600000381469728,89.62000274658203,2708.639892578125,4.0,2.4709963021052994,,,,,2026-07-25 07:39:34,,2.16,3.802776278130704,1.69,0.26,0.3990036978947007,,
2018-04-19,4021.04,4385903.0,350943.0,13.92,2.92,2.44,0.48,,15.960000038146973,89.94000244140625,2693.1298828125,4.0,2.4709963021052994,,,,,2026-07-25 07:39:34,,2.17,3.802776278130704,1.69,0.25,0.4490036978947005,,
2018-04-20,4022.94,4385903.0,350943.0,12.02,2.96,2.46,0.5,,16.8799991607666,90.31999969482422,2670.139892578125,4.0,2.4709963021052994,,,,,2026-07-25 07:39:34,,2.17,3.802776278130704,1.7,0.26,0.4890036978947005,,
2018-04-21,4022.94,4385903.0,350943.0,12.02,2.96,2.46,0.5,,16.8799991607666,90.31999969482422,2670.139892578125,4.0,2.4709963021052994,,,,,2026-07-25 07:39:35,,2.17,3.802776278130704,1.7,0.02,0.4890036978947005,,
2018-04-22,4022.94,4385903.0,350943.0,12.02,2.96,2.46,0.5,,16.8799991607666,90.31999969482422,2670.139892578125,4.0,2.4709963021052994,,,,,2026-07-25 07:39:35,,2.17,3.802776278130704,1.7,0.02,0.4890036978947005,,
2018-04-23,4024.139,4385903.0,350943.0,10.821,2.98,2.49,0.49,,16.34000015258789,90.94000244140624,2670.2900390625,4.0,2.4709963021052994,,,,,2026-07-25 07:39:35,,2.18,3.802776278130704,1.7,0.02,0.5090036978947006,,
2018-04-24,4025.428,4385903.0,350943.0,9.532,3.0,2.48,0.52,,18.020000457763672,90.7699966430664,2634.56005859375,4.0,2.4709963021052994,,,,,2026-07-25 07:39:35,,2.17,3.802776278130704,1.7,0.02,0.5290036978947006,,
2018-04-25,3966.249,4372886.0,403067.0,3.57,3.03,2.49,0.54,,17.84000015258789,91.16999816894533,2639.39990234375,4.0,2.4709963021052994,,,,,2026-07-25 07:39:35,,2.17,3.802776278130704,1.7,0.02,0.5590036978947004,,
2018-04-26,3966.024,4372886.0,403067.0,3.795,3.0,2.49,0.51,,16.239999771118164,91.55999755859376,2666.93994140625,4.0,2.4709963021052994,,,,,2026-07-25 07:39:35,,2.18,3.802776278130704,1.7,0.02,0.5290036978947006,,
2018-04-27,3966.899,4372886.0,403067.0,2.92,2.96,2.49,0.47,,15.40999984741211,91.54000091552734,2669.909912109375,4.0,2.4709963021052994,,,,,2026-07-25 07:39:35,,2.17,3.802776278130704,1.7,0.02,0.4890036978947005,,
2018-04-28,3966.899,4372886.0,403067.0,2.92,2.96,2.49,0.47,,15.40999984741211,91.54000091552734,2669.909912109375,4.0,2.4709963021052994,,,,,2026-07-25 07:39:35,,2.17,3.802776278130704,1.7,0.02,0.4890036978947005,,
2018-04-29,3966.899,4372886.0,403067.0,2.92,2.96,2.49,0.47,,15.40999984741211,91.54000091552734,2669.909912109375,4.0,2.4709963021052994,,,,,2026-07-25 07:39:35,,2.17,3.802776278130704,1.7,0.03,0.4890036978947005,,
2018-04-30,3955.989000000001,4372886.0,403067.0,13.83,2.95,2.49,0.46,,15.93000030517578,91.83999633789062,2648.050048828125,4.0,2.4709963021052994,,,,,2026-07-25 07:39:35,,2.17,3.802776278130704,1.69,0.02,0.4790036978947007,,
2018-05-01,3965.999,4372886.0,403067.0,3.82,2.97,2.5,0.47,,15.489999771118164,92.4499969482422,2654.800048828125,3.8,2.781921607842497,,,,,2026-07-25 07:39:35,,2.16,3.858087243623287,1.7,0.03,0.1880783921575033,,
2018-05-02,3964.648,4356129.0,384961.0,6.52,2.97,2.49,0.48,,15.970000267028809,92.51000213623048,2635.669921875,3.8,2.781921607842497,,,,,2026-07-25 07:39:35,,2.17,3.858087243623287,1.7,0.02,0.1880783921575033,,
2018-05-03,3965.393,4356129.0,384961.0,5.775,2.94,2.49,0.45,,15.899999618530272,92.41000366210938,2629.72998046875,3.8,2.781921607842497,,,,,2026-07-25 07:39:35,,2.16,3.858087243623287,1.7,0.01,0.158078392157503,,
2018-05-04,3965.753,4356129.0,384961.0,5.415,2.95,2.51,0.44,,14.770000457763672,92.56999969482422,2663.419921875,3.8,2.781921607842497,,,,,2026-07-25 07:39:35,,2.16,3.858087243623287,1.7,0.01,0.1680783921575033,,
2018-05-05,3965.753,4356129.0,384961.0,5.415,2.95,2.51,0.44,,14.770000457763672,92.56999969482422,2663.419921875,3.8,2.781921607842497,,,,,2026-07-25 07:39:35,,2.16,3.858087243623287,1.7,0.01,0.1680783921575033,,
2018-05-06,3965.753,4356129.0,384961.0,5.415,2.95,2.51,0.44,,14.770000457763672,92.56999969482422,2663.419921875,3.8,2.781921607842497,,,,,2026-07-25 07:39:35,,2.16,3.858087243623287,1.7,0.01,0.1680783921575033,,
2018-05-07,3967.948,4356129.0,384961.0,3.22,2.95,2.49,0.46,,14.75,92.75,2672.6298828125,3.8,2.781921607842497,,,,,2026-07-25 07:39:35,,2.17,3.858087243623287,1.7,0.01,0.1680783921575033,,
2018-05-08,3967.247,4356129.0,384961.0,3.921,2.97,2.51,0.46,,14.710000038146973,93.12000274658205,2671.919921875,3.8,2.781921607842497,,,,,2026-07-25 07:39:35,,2.16,3.858087243623287,1.7,0.01,0.1880783921575033,,
2018-05-09,4017.1100000000006,4358207.0,338377.0,2.72,3.0,2.54,0.46,,13.420000076293944,93.04000091552734,2697.7900390625,3.8,2.781921607842497,,,,,2026-07-25 07:39:35,,2.18,3.858087243623287,1.7,0.01,0.2180783921575031,,
2018-05-10,4015.185,4358207.0,338377.0,4.645,2.97,2.54,0.43,,13.229999542236328,92.6500015258789,2723.070068359375,3.8,2.781921607842497,,,,,2026-07-25 07:39:35,,2.17,3.858087243623287,1.7,0.01,0.1880783921575033,,
2018-05-11,4016.608,4358207.0,338377.0,3.222,2.97,2.54,0.43,,12.649999618530272,92.54000091552734,2727.719970703125,3.8,2.781921607842497,,,,,2026-07-25 07:39:35,,2.15,3.858087243623287,1.7,0.01,0.1880783921575033,,
2018-05-12,4016.608,4358207.0,338377.0,3.222,2.97,2.54,0.43,,12.649999618530272,92.54000091552734,2727.719970703125,3.8,2.781921607842497,,,,,2026-07-25 07:39:35,,2.15,3.858087243623287,1.7,0.01,0.1880783921575033,,
2018-05-13,4016.608,4358207.0,338377.0,3.222,2.97,2.54,0.43,,12.649999618530272,92.54000091552734,2727.719970703125,3.8,2.781921607842497,,,,,2026-07-25 07:39:35,,2.15,3.858087243623287,1.7,0.01,0.1880783921575033,,
2018-05-14,4015.971000000001,4358207.0,338377.0,3.859,3.0,2.55,0.45,,12.93000030517578,92.58999633789062,2730.1298828125,3.8,2.781921607842497,,,,,2026-07-25 07:39:35,,2.15,3.858087243623287,1.7,0.01,0.2180783921575031,,
2018-05-15,4017.7350000000006,4358207.0,338377.0,2.095,3.08,2.58,0.5,,14.630000114440918,93.22000122070312,2711.449951171875,3.8,2.781921607842497,,,,,2026-07-25 07:39:35,,2.18,3.858087243623287,1.7,0.01,0.2980783921575032,,
2018-05-16,4007.316,4337609.0,327748.0,2.545,3.09,2.58,0.51,,13.420000076293944,93.38999938964844,2722.4599609375,3.8,2.781921607842497,,,,,2026-07-25 07:39:35,,2.17,3.858087243623287,1.7,0.01,0.308078392157503,,
2018-05-17,4007.965,4337609.0,327748.0,1.896,3.11,2.57,0.54,,13.43000030517578,93.47000122070312,2720.1298828125,3.8,2.781921607842497,,,,,2026-07-25 07:39:35,,2.16,3.858087243623287,1.7,0.01,0.328078392157503,,
2018-05-18,4000.741,4337609.0,327748.0,9.12,3.06,2.55,0.51,,13.420000076293944,93.63999938964844,2712.969970703125,3.8,2.781921607842497,,,,,2026-07-25 07:39:35,,2.15,3.858087243623287,1.7,0.01,0.2780783921575032,,
2018-05-19,4000.741,4337609.0,327748.0,9.12,3.06,2.55,0.51,,13.420000076293944,93.63999938964844,2712.969970703125,3.8,2.781921607842497,,,,,2026-07-25 07:39:35,,2.15,3.858087243623287,1.7,0.01,0.2780783921575032,,
2018-05-20,4000.741,4337609.0,327748.0,9.12,3.06,2.55,0.51,,13.420000076293944,93.63999938964844,2712.969970703125,3.8,2.781921607842497,,,,,2026-07-25 07:39:35,,2.15,3.858087243623287,1.7,0.0,0.2780783921575032,,
2018-05-21,4004.457,4337609.0,327748.0,5.404,3.06,2.58,0.48,,13.079999923706056,93.68000030517578,2733.010009765625,3.8,2.781921607842497,,,,,2026-07-25 07:39:35,,2.16,3.858087243623287,1.7,0.0,0.2780783921575032,,
2018-05-22,4005.91,4337609.0,327748.0,3.951,3.06,2.59,0.47,,13.220000267028809,93.61000061035156,2724.43994140625,3.8,2.781921607842497,,,,,2026-07-25 07:39:35,,2.15,3.858087243623287,1.7,0.0,0.2780783921575032,,
2018-05-23,4022.203,4337301.0,312169.0,2.929,3.01,2.53,0.48,,12.579999923706056,94.01000213623048,2733.2900390625,3.8,2.781921607842497,,,,,2026-07-25 07:39:35,,2.14,3.858087243623287,1.7,0.0,0.2280783921575029,,
2018-05-24,4018.5120000000006,4337301.0,312169.0,6.62,2.98,2.5,0.48,,12.529999732971191,93.77999877929688,2727.760009765625,3.8,2.781921607842497,,,,,2026-07-25 07:39:35,,2.12,3.858087243623287,1.7,0.0,0.1980783921575031,,
2018-05-25,4025.112000000001,4337301.0,312169.0,0.02,2.93,2.48,0.45,,13.220000267028809,94.19000244140624,2721.330078125,3.8,2.781921607842497,,,,,2026-07-25 07:39:35,,2.09,3.858087243623287,1.7,0.0,0.1480783921575033,,
2018-05-26,4025.112000000001,4337301.0,312169.0,0.02,2.93,2.48,0.45,,13.220000267028809,94.19000244140624,2721.330078125,3.8,2.781921607842497,,,,,2026-07-25 07:39:35,,2.09,3.858087243623287,1.7,0.0,0.1480783921575033,,
2018-05-27,4025.112000000001,4337301.0,312169.0,0.02,2.93,2.48,0.45,,13.220000267028809,94.19000244140624,2721.330078125,3.8,2.781921607842497,,,,,2026-07-25 07:39:35,,2.09,3.858087243623287,1.7,0.0,0.1480783921575033,,
2018-05-28,4025.112000000001,4337301.0,312169.0,0.02,2.93,2.48,0.45,,13.220000267028809,94.19000244140624,2721.330078125,3.8,2.781921607842497,,,,,2026-07-25 07:39:35,,2.09,3.858087243623287,1.7,0.0,0.1480783921575033,,
2018-05-29,4024.252,4337301.0,312169.0,0.88,2.77,2.32,0.45,,17.020000457763672,94.83000183105467,2689.860107421875,3.8,2.781921607842497,,,,,2026-07-25 07:39:35,,2.04,3.858087243623287,1.7,0.0,-0.0119216078424968,,
2018-05-30,3990.887,4327519.0,332712.0,3.92,2.84,2.42,0.42,,14.9399995803833,94.1500015258789,2724.010009765625,3.8,2.781921607842497,,,,,2026-07-25 07:39:35,,2.06,3.858087243623287,1.7,0.01,0.0580783921575029,,
2018-05-31,3973.332,4327519.0,332712.0,21.475,2.83,2.4,0.43,,15.43000030517578,93.98999786376952,2705.27001953125,3.8,2.781921607842497,,,,,2026-07-25 07:39:35,,2.07,3.858087243623287,1.7,0.0,0.0480783921575032,,
2018-06-01,3982.261,4327519.0,332712.0,12.546,2.89,2.47,0.42,,13.460000038146973,94.19000244140624,2734.6201171875,4.0,2.8075506935940187,,,,,2026-07-25 07:39:35,,2.09,4.099259968336955,1.7,0.0,0.0824493064059814,,
2018-06-02,3982.261,4327519.0,332712.0,12.546,2.89,2.47,0.42,,13.460000038146973,94.19000244140624,2734.6201171875,4.0,2.8075506935940187,,,,,2026-07-25 07:39:35,,2.09,4.099259968336955,1.7,0.0,0.0824493064059814,,
2018-06-03,3982.261,4327519.0,332712.0,12.546,2.89,2.47,0.42,,13.460000038146973,94.19000244140624,2734.6201171875,4.0,2.8075506935940187,,,,,2026-07-25 07:39:35,,2.09,4.099259968336955,1.7,0.0,0.0824493064059814,,
2018-06-04,3983.641,4327519.0,332712.0,11.166,2.94,2.52,0.42,,12.739999771118164,94.0199966430664,2746.8701171875,4.0,2.8075506935940187,,,,,2026-07-25 07:39:35,,2.12,4.099259968336955,1.7,0.0,0.1324493064059813,,
2018-06-05,3988.172,4327519.0,332712.0,6.635,2.92,2.49,0.43,,12.399999618530272,93.88999938964844,2748.800048828125,4.0,2.8075506935940187,,,,,2026-07-25 07:39:35,,2.13,4.099259968336955,1.7,0.0,0.1124493064059812,,
2018-06-06,4012.965,4319191.0,289454.0,16.772,2.97,2.52,0.45,,11.640000343322754,93.66000366210938,2772.35009765625,4.0,2.8075506935940187,,,,,2026-07-25 07:39:35,,2.14,4.099259968336955,1.7,0.0,0.1624493064059815,,
2018-06-07,4023.965999999999,4319191.0,289454.0,5.771,2.93,2.5,0.43,,12.130000114440918,93.4000015258789,2770.3701171875,4.0,2.8075506935940187,,,,,2026-07-25 07:39:35,,2.13,4.099259968336955,1.7,0.0,0.1224493064059815,,
2018-06-08,4026.965999999999,4319191.0,289454.0,2.771,2.93,2.5,0.43,,12.18000030517578,93.5500030517578,2779.030029296875,4.0,2.8075506935940187,,,,,2026-07-25 07:39:35,,2.11,4.099259968336955,1.7,0.0,0.1224493064059815,,
2018-06-09,4026.965999999999,4319191.0,289454.0,2.771,2.93,2.5,0.43,,12.18000030517578,93.5500030517578,2779.030029296875,4.0,2.8075506935940187,,,,,2026-07-25 07:39:35,,2.11,4.099259968336955,1.7,0.0,0.1224493064059815,,
2018-06-10,4026.965999999999,4319191.0,289454.0,2.771,2.93,2.5,0.43,,12.18000030517578,93.5500030517578,2779.030029296875,4.0,2.8075506935940187,,,,,2026-07-25 07:39:35,,2.11,4.099259968336955,1.7,0.0,0.1224493064059815,,
2018-06-11,4024.901,4319191.0,289454.0,4.836,2.96,2.52,0.44,,12.350000381469728,93.58000183105467,2782.0,4.0,2.8075506935940187,,,,,2026-07-25 07:39:35,,2.13,4.099259968336955,1.7,0.0,0.1524493064059813,,
2018-06-12,4028.429,4319191.0,289454.0,1.308,2.96,2.54,0.42,,12.34000015258789,93.8000030517578,2786.85009765625,4.0,2.8075506935940187,,,,,2026-07-25 07:39:35,,2.13,4.099259968336955,1.7,0.0,0.1524493064059813,,
2018-06-13,4038.913,4324906.0,282968.0,3.025,2.98,2.59,0.39,,12.9399995803833,93.70999908447266,2775.6298828125,4.0,2.8075506935940187,,,,,2026-07-25 07:39:35,,2.12,4.099259968336955,1.7,0.0,0.1724493064059813,,
2018-06-14,4039.003,4324906.0,282968.0,2.935,2.94,2.59,0.35,,12.119999885559082,94.7699966430664,2782.489990234375,4.0,2.8075506935940187,,,,,2026-07-25 07:39:35,,2.12,4.099259968336955,1.9,0.1999999999999999,0.1324493064059813,,
2018-06-15,4041.668,4324906.0,282968.0,0.27,2.93,2.55,0.38,,11.979999542236328,94.79000091552734,2779.659912109375,4.0,2.8075506935940187,,,,,2026-07-25 07:39:35,,2.12,4.099259968336955,1.9,0.1999999999999999,0.1224493064059815,,
2018-06-16,4041.668,4324906.0,282968.0,0.27,2.93,2.55,0.38,,11.979999542236328,94.79000091552734,2779.659912109375,4.0,2.8075506935940187,,,,,2026-07-25 07:39:35,,2.12,4.099259968336955,1.9,0.1999999999999999,0.1224493064059815,,
2018-06-17,4041.668,4324906.0,282968.0,0.27,2.93,2.55,0.38,,11.979999542236328,94.79000091552734,2779.659912109375,4.0,2.8075506935940187,,,,,2026-07-25 07:39:35,,2.12,4.099259968336955,1.9,0.1999999999999999,0.1224493064059815,,
2018-06-18,4041.568,4324906.0,282968.0,0.37,2.92,2.56,0.36,,12.3100004196167,94.75,2773.75,4.0,2.8075506935940187,,,,,2026-07-25 07:39:35,,2.12,4.099259968336955,1.9,0.1999999999999999,0.1124493064059812,,
2018-06-19,4041.743,4324906.0,282968.0,0.195,2.89,2.54,0.35,,13.350000381469728,95.08999633789062,2762.590087890625,4.0,2.8075506935940187,,,,,2026-07-25 07:39:35,,2.12,4.099259968336955,1.91,0.2099999999999999,0.0824493064059814,,
2018-06-20,3935.4859999999994,4315896.0,380090.0,0.32,2.93,2.56,0.37,,12.789999961853027,95.05999755859376,2767.320068359375,4.0,2.8075506935940187,,,,,2026-07-25 07:39:35,,2.12,4.099259968336955,1.92,0.2199999999999999,0.1224493064059815,,
2018-06-21,3934.436,4315896.0,380090.0,1.37,2.9,2.56,0.34,,14.640000343322754,94.87000274658205,2749.760009765625,4.0,2.8075506935940187,,,,,2026-07-25 07:39:35,,2.11,4.099259968336955,1.92,0.2199999999999999,0.0924493064059812,,
2018-06-22,3934.376,4315896.0,380090.0,1.43,2.9,2.56,0.34,,13.770000457763672,94.5199966430664,2754.8798828125,4.0,2.8075506935940187,,,,,2026-07-25 07:39:36,,2.12,4.099259968336955,1.92,0.2199999999999999,0.0924493064059812,,
2018-06-23,3934.376,4315896.0,380090.0,1.43,2.9,2.56,0.34,,13.770000457763672,94.5199966430664,2754.8798828125,4.0,2.8075506935940187,,,,,2026-07-25 07:39:36,,2.12,4.099259968336955,1.92,0.2199999999999999,0.0924493064059812,,
2018-06-24,3934.376,4315896.0,380090.0,1.43,2.9,2.56,0.34,,13.770000457763672,94.5199966430664,2754.8798828125,4.0,2.8075506935940187,,,,,2026-07-25 07:39:36,,2.12,4.099259968336955,1.92,0.2199999999999999,0.0924493064059812,,
2018-06-25,3923.076,4315896.0,380090.0,12.73,2.87,2.54,0.33,,17.329999923706055,94.27999877929688,2717.070068359375,4.0,2.8075506935940187,,,,,2026-07-25 07:39:36,,2.1,4.099259968336955,1.92,0.2199999999999999,0.0624493064059814,,
2018-06-26,3925.4209999999994,4315896.0,380090.0,10.385,2.88,2.53,0.35,,15.920000076293944,94.68000030517578,2723.06005859375,4.0,2.8075506935940187,,,,,2026-07-25 07:39:36,,2.12,4.099259968336955,1.92,0.2199999999999999,0.0724493064059812,,
2018-06-27,3922.636,4305491.0,362175.0,20.68,2.83,2.52,0.31,,17.90999984741211,95.29000091552734,2699.6298828125,4.0,2.8075506935940187,,,,,2026-07-25 07:39:36,,2.11,4.099259968336955,1.91,0.2099999999999999,0.0224493064059814,,
2018-06-28,3922.897,4305491.0,362175.0,20.419,2.84,2.52,0.32,,16.850000381469727,95.38999938964844,2716.31005859375,4.0,2.8075506935940187,,,,,2026-07-25 07:39:36,,2.1,4.099259968336955,1.91,0.2099999999999999,0.0324493064059812,,
2018-06-29,3846.346,4305491.0,362175.0,96.97,2.85,2.52,0.33,,16.09000015258789,94.62999725341795,2718.3701171875,4.0,2.8075506935940187,,,,,2026-07-25 07:39:36,,2.11,4.099259968336955,1.91,0.2099999999999999,0.0424493064059814,,
2018-06-30,3846.346,4305491.0,362175.0,96.97,2.85,2.52,0.33,,16.09000015258789,94.62999725341795,2718.3701171875,4.0,2.8075506935940187,,,,,2026-07-25 07:39:36,,2.11,4.099259968336955,1.91,0.2099999999999999,0.0424493064059814,,
2018-07-01,3846.346,4305491.0,362175.0,96.97,2.85,2.52,0.33,,16.09000015258789,94.62999725341795,2718.3701171875,3.8,2.854124785561929,,,,,2026-07-25 07:39:36,,2.11,3.8957421700346777,1.91,0.2099999999999999,-0.0041247855619288,,
2018-07-02,3911.177,4305491.0,362175.0,32.139,2.87,2.57,0.3,,15.600000381469728,94.87000274658205,2726.7099609375,3.8,2.854124785561929,,,,,2026-07-25 07:39:36,,2.14,3.8957421700346777,1.91,0.2099999999999999,0.0158752144380711,,
2018-07-03,3938.464,4305491.0,362175.0,4.852,2.83,2.53,0.3,,16.139999389648438,94.58999633789062,2713.219970703125,3.8,2.854124785561929,,,,,2026-07-25 07:39:36,,2.12,3.8957421700346777,1.91,0.2099999999999999,-0.0241247855619288,,
2018-07-04,3959.369,4289764.0,325543.0,4.852,2.83,2.53,0.3,,16.139999389648438,94.58999633789062,2713.219970703125,3.8,2.854124785561929,,,,,2026-07-25 07:39:36,,2.12,3.8957421700346777,1.91,0.2099999999999999,-0.0241247855619288,,
2018-07-05,3956.016,4289764.0,325543.0,8.205,2.84,2.55,0.29,,14.970000267028809,94.47000122070312,2736.610107421875,3.8,2.854124785561929,,,,,2026-07-25 07:39:36,,2.13,3.8957421700346777,1.91,0.2099999999999999,-0.014124785561929,,
2018-07-06,3960.026,4289764.0,325543.0,4.195,2.82,2.53,0.29,,13.369999885559082,94.04000091552734,2759.820068359375,3.8,2.854124785561929,,,,,2026-07-25 07:39:36,,2.12,3.8957421700346777,1.91,0.2099999999999999,-0.0341247855619291,,
2018-07-07,3960.026,4289764.0,325543.0,4.195,2.82,2.53,0.29,,13.369999885559082,94.04000091552734,2759.820068359375,3.8,2.854124785561929,,,,,2026-07-25 07:39:36,,2.12,3.8957421700346777,1.91,0.2099999999999999,-0.0341247855619291,,
2018-07-08,3960.026,4289764.0,325543.0,4.195,2.82,2.53,0.29,,13.369999885559082,94.04000091552734,2759.820068359375,3.8,2.854124785561929,,,,,2026-07-25 07:39:36,,2.12,3.8957421700346777,1.91,0.2099999999999999,-0.0341247855619291,,
2018-07-09,3960.625,4289764.0,325543.0,3.596,2.86,2.57,0.29,,12.6899995803833,94.08000183105467,2784.169921875,3.8,2.854124785561929,,,,,2026-07-25 07:39:36,,2.13,3.8957421700346777,1.91,0.2099999999999999,0.0058752144380709,,
2018-07-10,3962.266,4289764.0,325543.0,1.955,2.87,2.59,0.28,,12.640000343322754,94.11000061035156,2793.840087890625,3.8,2.854124785561929,,,,,2026-07-25 07:39:36,,2.13,3.8957421700346777,1.91,0.2099999999999999,0.0158752144380711,,
2018-07-11,3973.537,4291201.0,316434.0,1.23,2.85,2.58,0.27,,13.630000114440918,94.72000122070312,2774.02001953125,3.8,2.854124785561929,,,,,2026-07-25 07:39:36,,2.11,3.8957421700346777,1.91,0.2099999999999999,-0.0041247855619288,,
2018-07-12,3972.312,4291201.0,316434.0,2.455,2.85,2.6,0.25,,12.579999923706056,94.80999755859376,2798.2900390625,3.8,2.854124785561929,,,,,2026-07-25 07:39:36,,2.1,3.8957421700346777,1.91,0.2099999999999999,-0.0041247855619288,,
2018-07-13,3973.896,4291201.0,316434.0,0.871,2.83,2.59,0.24,,12.18000030517578,94.75,2801.31005859375,3.8,2.854124785561929,,,,,2026-07-25 07:39:36,,2.11,3.8957421700346777,1.91,0.2099999999999999,-0.0241247855619288,,
2018-07-14,3973.896,4291201.0,316434.0,0.871,2.83,2.59,0.24,,12.18000030517578,94.75,2801.31005859375,3.8,2.854124785561929,,,,,2026-07-25 07:39:36,,2.11,3.8957421700346777,1.91,0.01,-0.0241247855619288,,
2018-07-15,3973.896,4291201.0,316434.0,0.871,2.83,2.59,0.24,,12.18000030517578,94.75,2801.31005859375,3.8,2.854124785561929,,,,,2026-07-25 07:39:36,,2.11,3.8957421700346777,1.91,0.01,-0.0241247855619288,,
2018-07-16,3973.897,4291201.0,316434.0,0.87,2.85,2.59,0.26,,12.829999923706056,94.51000213623048,2798.429931640625,3.8,2.854124785561929,,,,,2026-07-25 07:39:36,,2.1,3.8957421700346777,1.91,0.01,-0.0041247855619288,,
2018-07-17,3973.547,4291201.0,316434.0,1.22,2.86,2.62,0.24,,12.0600004196167,94.97000122070312,2809.550048828125,3.8,2.854124785561929,,,,,2026-07-25 07:39:36,,2.09,3.8957421700346777,1.91,0.01,0.0058752144380709,,
2018-07-18,3949.793,4291615.0,335801.0,6.021,2.88,2.6,0.28,,12.100000381469728,95.08000183105467,2815.6201171875,3.8,2.854124785561929,,,,,2026-07-25 07:39:36,,2.09,3.8957421700346777,1.91,0.01,0.0258752144380709,,
2018-07-19,3952.194,4291615.0,335801.0,3.62,2.84,2.6,0.24,,12.869999885559082,95.16999816894533,2804.489990234375,3.8,2.854124785561929,,,,,2026-07-25 07:39:36,,2.09,3.8957421700346777,1.91,0.0,-0.014124785561929,,
2018-07-20,3954.644,4291615.0,335801.0,1.17,2.89,2.6,0.29,,12.859999656677246,94.45999908447266,2801.830078125,3.8,2.854124785561929,,,,,2026-07-25 07:39:36,,2.11,3.8957421700346777,1.91,-0.01,0.0358752144380711,,
2018-07-21,3954.644,4291615.0,335801.0,1.17,2.89,2.6,0.29,,12.859999656677246,94.45999908447266,2801.830078125,3.8,2.854124785561929,,,,,2026-07-25 07:39:36,,2.11,3.8957421700346777,1.91,-0.01,0.0358752144380711,,
2018-07-22,3954.644,4291615.0,335801.0,1.17,2.89,2.6,0.29,,12.859999656677246,94.45999908447266,2801.830078125,3.8,2.854124785561929,,,,,2026-07-25 07:39:36,,2.11,3.8957421700346777,1.91,-0.01,0.0358752144380711,,
2018-07-23,3953.544,4291615.0,335801.0,2.27,2.96,2.64,0.32,,12.619999885559082,94.66999816894533,2806.97998046875,3.8,2.854124785561929,,,,,2026-07-25 07:39:36,,2.11,3.8957421700346777,1.91,-0.01,0.105875214438071,,
2018-07-24,3950.919,4291615.0,335801.0,4.895,2.95,2.63,0.32,,12.40999984741211,94.61000061035156,2820.39990234375,3.8,2.854124785561929,,,,,2026-07-25 07:39:36,,2.11,3.8957421700346777,1.91,-0.01,0.0958752144380712,,
2018-07-25,3937.983,4277681.0,338978.0,0.72,2.94,2.66,0.28,,12.289999961853027,94.36000061035156,2846.070068359375,3.8,2.854124785561929,,,,,2026-07-25 07:39:36,,2.13,3.8957421700346777,1.91,-0.01,0.085875214438071,,
2018-07-26,3937.132,4277681.0,338978.0,1.571,2.98,2.69,0.29,,12.140000343322754,94.75,2837.43994140625,3.8,2.854124785561929,,,,,2026-07-25 07:39:36,,2.11,3.8957421700346777,1.91,-0.01,0.125875214438071,,
2018-07-27,3937.233,4277681.0,338978.0,1.47,2.96,2.67,0.29,,13.029999732971191,94.68000030517578,2818.820068359375,3.8,2.854124785561929,,,,,2026-07-25 07:39:36,,2.12,3.8957421700346777,1.91,0.0,0.105875214438071,,
2018-07-29,3937.233,4277681.0,338978.0,1.47,2.96,2.67,0.29,,13.029999732971191,94.68000030517578,2818.820068359375,3.8,2.854124785561929,,,,,2026-07-25 07:39:36,,2.12,3.8957421700346777,1.91,0.0,0.105875214438071,,
2018-07-30,3936.708,4277681.0,338978.0,1.995,2.98,2.66,0.32,,14.260000228881836,94.36000061035156,2802.60009765625,3.8,2.854124785561929,,,,,2026-07-25 07:39:36,,2.13,3.8957421700346777,1.91,0.0,0.125875214438071,,
2018-07-31,3929.657999999999,4277681.0,338978.0,9.045,2.96,2.67,0.29,,12.829999923706056,94.48999786376952,2816.2900390625,3.8,2.854124785561929,,,,,2026-07-25 07:39:36,,2.12,3.8957421700346777,1.91,0.0,0.105875214438071,,
2018-08-01,3944.654,4255653.0,310204.0,0.795,3.0,2.67,0.33,,13.149999618530272,94.62000274658205,2813.360107421875,3.8,2.6429238568742575,,,,,2026-07-25 07:39:36,,2.13,3.836410492272435,1.91,0.0,0.3570761431257425,,
2018-08-02,3943.632,4255653.0,310204.0,1.817,2.98,2.66,0.32,,12.1899995803833,95.16999816894533,2827.219970703125,3.8,2.6429238568742575,,,,,2026-07-25 07:39:36,,2.12,3.836410492272435,1.91,0.0,0.3370761431257425,,
2018-08-03,3943.776,4255653.0,310204.0,1.673,2.95,2.63,0.32,,11.640000343322754,95.13999938964844,2840.35009765625,3.8,2.6429238568742575,,,,,2026-07-25 07:39:36,,2.12,3.836410492272435,1.91,0.0,0.3070761431257427,,
2018-08-04,3943.776,4255653.0,310204.0,1.673,2.95,2.63,0.32,,11.640000343322754,95.13999938964844,2840.35009765625,3.8,2.6429238568742575,,,,,2026-07-25 07:39:36,,2.12,3.836410492272435,1.91,0.0,0.3070761431257427,,
2018-08-05,3943.776,4255653.0,310204.0,1.673,2.95,2.63,0.32,,11.640000343322754,95.13999938964844,2840.35009765625,3.8,2.6429238568742575,,,,,2026-07-25 07:39:36,,2.12,3.836410492272435,1.91,0.0,0.3070761431257427,,
2018-08-06,3943.354,4255653.0,310204.0,2.095,2.94,2.64,0.3,,11.270000457763672,95.36000061035156,2850.39990234375,3.8,2.6429238568742575,,,,,2026-07-25 07:39:36,,2.11,3.836410492272435,1.91,0.0,0.2970761431257425,,
2018-08-07,3943.112,4255653.0,310204.0,2.337,2.98,2.68,0.3,,10.93000030517578,95.22000122070312,2858.449951171875,3.8,2.6429238568742575,,,,,2026-07-25 07:39:36,,2.13,3.836410492272435,1.91,0.0,0.3370761431257425,,
2018-08-08,3944.681,4258030.0,311690.0,1.659,2.96,2.68,0.28,,10.850000381469728,95.0999984741211,2857.699951171875,3.8,2.6429238568742575,,,,,2026-07-25 07:39:36,,2.11,3.836410492272435,1.91,0.0,0.3170761431257425,,
2018-08-09,3944.595,4258030.0,311690.0,1.745,2.93,2.64,0.29,,11.270000457763672,95.5,2853.580078125,3.8,2.6429238568742575,,,,,2026-07-25 07:39:36,,2.11,3.836410492272435,1.91,0.0,0.2870761431257427,,
2018-08-10,3943.87,4258030.0,311690.0,2.47,2.87,2.61,0.26,,13.15999984741211,96.36000061035156,2833.280029296875,3.8,2.6429238568742575,,,,,2026-07-25 07:39:36,,2.09,3.836410492272435,1.91,0.0,0.2270761431257426,,
2018-08-11,3943.87,4258030.0,311690.0,2.47,2.87,2.61,0.26,,13.15999984741211,96.36000061035156,2833.280029296875,3.8,2.6429238568742575,,,,,2026-07-25 07:39:36,,2.09,3.836410492272435,1.91,0.0,0.2270761431257426,,
2018-08-12,3943.87,4258030.0,311690.0,2.47,2.87,2.61,0.26,,13.15999984741211,96.36000061035156,2833.280029296875,3.8,2.6429238568742575,,,,,2026-07-25 07:39:36,,2.09,3.836410492272435,1.91,0.0,0.2270761431257426,,
2018-08-13,3944.957,4258030.0,311690.0,1.383,2.88,2.61,0.27,,14.779999732971191,96.38999938964844,2821.929931640625,3.8,2.6429238568742575,,,,,2026-07-25 07:39:36,,2.1,3.836410492272435,1.91,0.0,0.2370761431257424,,
2018-08-14,3945.655,4258030.0,311690.0,0.685,2.89,2.63,0.26,,13.3100004196167,96.7300033569336,2839.9599609375,3.8,2.6429238568742575,,,,,2026-07-25 07:39:36,,2.09,3.836410492272435,1.91,0.0,0.2470761431257426,,
2018-08-15,3910.492,4228924.0,318117.0,0.315,2.86,2.61,0.25,,14.640000343322754,96.6999969482422,2818.3701171875,3.8,2.6429238568742575,,,,,2026-07-25 07:39:36,,2.08,3.836410492272435,1.91,0.0,0.2170761431257424,,
2018-08-16,3910.275,4228924.0,318117.0,0.532,2.87,2.63,0.24,,13.449999809265137,96.6500015258789,2840.68994140625,3.8,2.6429238568742575,,,,,2026-07-25 07:39:36,,2.08,3.836410492272435,1.92,0.01,0.2270761431257426,,
2018-08-17,3906.791,4228924.0,318117.0,4.016,2.87,2.61,0.26,,12.640000343322754,96.0999984741211,2850.1298828125,3.8,2.6429238568742575,,,,,2026-07-25 07:39:36,,2.08,3.836410492272435,1.92,0.01,0.2270761431257426,,
2018-08-18,3906.791,4228924.0,318117.0,4.016,2.87,2.61,0.26,,12.640000343322754,96.0999984741211,2850.1298828125,3.8,2.6429238568742575,,,,,2026-07-25 07:39:36,,2.08,3.836410492272435,1.92,0.01,0.2270761431257426,,
2018-08-19,3906.791,4228924.0,318117.0,4.016,2.87,2.61,0.26,,12.640000343322754,96.0999984741211,2850.1298828125,3.8,2.6429238568742575,,,,,2026-07-25 07:39:36,,2.08,3.836410492272435,1.92,0.01,0.2270761431257426,,
2018-08-20,3909.161,4228924.0,318117.0,1.646,2.82,2.6,0.22,,12.489999771118164,95.9000015258789,2857.050048828125,3.8,2.6429238568742575,,,,,2026-07-25 07:39:36,,2.07,3.836410492272435,1.92,0.01,0.1770761431257423,,
2018-08-21,3909.341,4228924.0,318117.0,1.466,2.85,2.61,0.24,,12.859999656677246,95.26000213623048,2862.9599609375,3.8,2.6429238568742575,,,,,2026-07-25 07:39:37,,2.08,3.836410492272435,1.92,0.01,0.2070761431257426,,
2018-08-22,3892.7,4228818.0,334992.0,1.126,2.82,2.6,0.22,,12.25,95.1500015258789,2861.820068359375,3.8,2.6429238568742575,,,,,2026-07-25 07:39:37,,2.08,3.836410492272435,1.92,0.01,0.1770761431257423,,
2018-08-23,3891.41,4228818.0,334992.0,2.416,2.82,2.61,0.21,,12.40999984741211,95.62000274658205,2856.97998046875,3.8,2.6429238568742575,,,,,2026-07-25 07:39:37,,2.09,3.836410492272435,1.92,0.01,0.1770761431257423,,
2018-08-24,3889.161,4228818.0,334992.0,4.665,2.82,2.63,0.19,,11.989999771118164,95.1500015258789,2874.68994140625,3.8,2.6429238568742575,,,,,2026-07-25 07:39:37,,2.09,3.836410492272435,1.92,0.01,0.1770761431257423,,
2018-08-25,3889.161,4228818.0,334992.0,4.665,2.82,2.63,0.19,,11.989999771118164,95.1500015258789,2874.68994140625,3.8,2.6429238568742575,,,,,2026-07-25 07:39:37,,2.09,3.836410492272435,1.92,0.01,0.1770761431257423,,
2018-08-26,3889.161,4228818.0,334992.0,4.665,2.82,2.63,0.19,,11.989999771118164,95.1500015258789,2874.68994140625,3.8,2.6429238568742575,,,,,2026-07-25 07:39:37,,2.09,3.836410492272435,1.92,0.01,0.1770761431257423,,
2018-08-27,3892.83,4228818.0,334992.0,0.996,2.85,2.67,0.18,,12.15999984741211,94.77999877929688,2896.739990234375,3.8,2.6429238568742575,,,,,2026-07-25 07:39:37,,2.11,3.836410492272435,1.92,0.01,0.2070761431257426,,
2018-08-28,3892.411,4228818.0,334992.0,1.415,2.88,2.67,0.21,,12.5,94.72000122070312,2897.52001953125,3.8,2.6429238568742575,,,,,2026-07-25 07:39:37,,2.11,3.836410492272435,1.92,0.01,0.2370761431257424,,
2018-08-29,3872.818999999999,4218914.0,345255.0,0.84,2.89,2.67,0.22,,12.25,94.5999984741211,2914.0400390625,3.8,2.6429238568742575,,,,,2026-07-25 07:39:37,,2.12,3.836410492272435,1.92,0.01,0.2470761431257426,,
2018-08-30,3872.673999999999,4218914.0,345255.0,0.985,2.86,2.64,0.22,,13.529999732971191,94.72000122070312,2901.1298828125,3.8,2.6429238568742575,,,,,2026-07-25 07:39:37,,2.1,3.836410492272435,1.92,0.01,0.2170761431257424,,
2018-08-31,3873.269,4218914.0,345255.0,0.39,2.86,2.62,0.24,,12.859999656677246,95.13999938964844,2901.52001953125,3.8,2.6429238568742575,,,,,2026-07-25 07:39:37,,2.08,3.836410492272435,1.91,0.0,0.2170761431257424,,
2018-09-01,3873.269,4218914.0,345255.0,0.39,2.86,2.62,0.24,,12.859999656677246,95.13999938964844,2901.52001953125,3.7,2.332055105808828,,,,,2026-07-25 07:39:37,,2.08,3.640570094069884,1.91,0.0,0.527944894191172,,
2018-09-02,3873.269,4218914.0,345255.0,0.39,2.86,2.62,0.24,,12.859999656677246,95.13999938964844,2901.52001953125,3.7,2.332055105808828,,,,,2026-07-25 07:39:37,,2.08,3.640570094069884,1.91,0.0,0.527944894191172,,
2018-09-03,3873.269,4218914.0,345255.0,0.39,2.86,2.62,0.24,,12.859999656677246,95.13999938964844,2901.52001953125,3.7,2.332055105808828,,,,,2026-07-25 07:39:37,,2.08,3.640570094069884,1.91,0.0,0.527944894191172,,
2018-09-04,3873.064,4218914.0,345255.0,0.595,2.9,2.66,0.24,,13.15999984741211,95.41999816894533,2896.719970703125,3.7,2.332055105808828,,,,,2026-07-25 07:39:37,,2.1,3.640570094069884,1.92,0.01,0.567944894191172,,
2018-09-05,3884.049,4208496.0,324437.0,0.01,2.9,2.66,0.24,,13.90999984741211,95.12999725341795,2888.60009765625,3.7,2.332055105808828,,,,,2026-07-25 07:39:37,,2.09,3.640570094069884,1.92,0.01,0.567944894191172,,
2018-09-06,3883.244,4208496.0,324437.0,0.815,2.88,2.64,0.24,,14.649999618530272,95.0199966430664,2878.050048828125,3.7,2.332055105808828,,,,,2026-07-25 07:39:37,,2.08,3.640570094069884,1.92,0.01,0.547944894191172,,
2018-09-07,3884.044,4208496.0,324437.0,0.015,2.94,2.71,0.23,,14.880000114440918,95.37000274658205,2871.679931640625,3.7,2.332055105808828,,,,,2026-07-25 07:39:37,,2.1,3.640570094069884,1.92,0.01,0.607944894191172,,
2018-09-08,3884.044,4208496.0,324437.0,0.015,2.94,2.71,0.23,,14.880000114440918,95.37000274658205,2871.679931640625,3.7,2.332055105808828,,,,,2026-07-25 07:39:37,,2.1,3.640570094069884,1.92,0.01,0.607944894191172,,
2018-09-09,3884.044,4208496.0,324437.0,0.015,2.94,2.71,0.23,,14.880000114440918,95.37000274658205,2871.679931640625,3.7,2.332055105808828,,,,,2026-07-25 07:39:37,,2.1,3.640570094069884,1.92,0.01,0.607944894191172,,
2018-09-10,3884.044,4208496.0,324437.0,0.015,2.94,2.73,0.21,,14.15999984741211,95.1500015258789,2877.1298828125,3.7,2.332055105808828,,,,,2026-07-25 07:39:37,,2.1,3.640570094069884,1.92,0.01,0.607944894191172,,
2018-09-11,3882.818,4208496.0,324437.0,1.241,2.98,2.76,0.22,,13.220000267028809,95.05999755859376,2887.889892578125,3.7,2.332055105808828,,,,,2026-07-25 07:39:37,,2.12,3.640570094069884,1.92,0.01,0.6479448941911721,,
2018-09-12,3911.8,4210812.0,297697.0,1.315,2.97,2.74,0.23,,13.140000343322754,94.8000030517578,2888.919921875,3.7,2.332055105808828,,,,,2026-07-25 07:39:37,,2.12,3.640570094069884,1.92,0.01,0.6379448941911723,,
2018-09-13,3911.324,4210812.0,297697.0,1.791,2.97,2.76,0.21,,12.369999885559082,94.54000091552734,2904.179931640625,3.7,2.332055105808828,,,,,2026-07-25 07:39:37,,2.1,3.640570094069884,1.92,0.01,0.6379448941911723,,
2018-09-14,3911.8,4210812.0,297697.0,1.315,2.99,2.78,0.21,,12.06999969482422,94.9800033569336,2904.97998046875,3.7,2.332055105808828,,,,,2026-07-25 07:39:37,,2.1,3.640570094069884,1.92,0.01,0.6579448941911723,,
2018-09-15,3911.8,4210812.0,297697.0,1.315,2.99,2.78,0.21,,12.06999969482422,94.9800033569336,2904.97998046875,3.7,2.332055105808828,,,,,2026-07-25 07:39:37,,2.1,3.640570094069884,1.92,0.0,0.6579448941911723,,
2018-09-16,3911.8,4210812.0,297697.0,1.315,2.99,2.78,0.21,,12.06999969482422,94.9800033569336,2904.97998046875,3.7,2.332055105808828,,,,,2026-07-25 07:39:37,,2.1,3.640570094069884,1.92,0.0,0.6579448941911723,,
2018-09-17,3912.4,4210812.0,297697.0,0.715,2.99,2.78,0.21,,13.68000030517578,94.51000213623048,2888.800048828125,3.7,2.332055105808828,,,,,2026-07-25 07:39:37,,2.1,3.640570094069884,1.92,0.0,0.6579448941911723,,
2018-09-18,3903.0,4210812.0,297697.0,10.115,3.05,2.81,0.24,,12.789999961853027,94.62000274658205,2904.31005859375,3.7,2.332055105808828,,,,,2026-07-25 07:39:37,,2.13,3.640570094069884,1.92,0.0,0.7179448941911719,,
2018-09-19,3799.625,4208059.0,399519.0,8.915,3.08,2.81,0.27,,11.75,94.5500030517578,2907.949951171875,3.7,2.332055105808828,,,,,2026-07-25 07:39:37,,2.15,3.640570094069884,1.92,0.0,0.7479448941911722,,
2018-09-20,3790.672,4208059.0,399519.0,17.868,3.07,2.81,0.26,,11.800000190734863,93.91000366210938,2930.75,3.7,2.332055105808828,,,,,2026-07-25 07:39:37,,2.15,3.640570094069884,1.92,0.0,0.7379448941911719,,
2018-09-21,3791.075,4208059.0,399519.0,17.465,3.07,2.81,0.26,,11.68000030517578,94.22000122070312,2929.669921875,3.7,2.332055105808828,,,,,2026-07-25 07:39:37,,2.15,3.640570094069884,1.92,0.0,0.7379448941911719,,
2018-09-22,3791.075,4208059.0,399519.0,17.465,3.07,2.81,0.26,,11.68000030517578,94.22000122070312,2929.669921875,3.7,2.332055105808828,,,,,2026-07-25 07:39:37,,2.15,3.640570094069884,1.92,0.0,0.7379448941911719,,
2018-09-23,3791.075,4208059.0,399519.0,17.465,3.07,2.81,0.26,,11.68000030517578,94.22000122070312,2929.669921875,3.7,2.332055105808828,,,,,2026-07-25 07:39:37,,2.15,3.640570094069884,1.92,0.0,0.7379448941911719,,
2018-09-24,3799.2,4208059.0,399519.0,9.34,3.08,2.83,0.25,,12.199999809265137,94.26000213623048,2919.3701171875,3.7,2.332055105808828,,,,,2026-07-25 07:39:37,,2.16,3.640570094069884,1.93,0.01,0.7479448941911722,,
2018-09-25,3805.1,4208059.0,399519.0,3.44,3.1,2.83,0.27,,12.420000076293944,94.12999725341795,2915.56005859375,3.7,2.332055105808828,,,,,2026-07-25 07:39:37,,2.16,3.640570094069884,1.93,0.01,0.7679448941911722,,
2018-09-26,3820.041,4192909.0,367243.0,5.625,3.06,2.83,0.23,,12.890000343322754,94.19000244140624,2905.969970703125,3.7,2.332055105808828,,,,,2026-07-25 07:39:37,,2.14,3.640570094069884,1.93,0.01,0.7279448941911721,,
2018-09-27,3795.61,4192909.0,367243.0,30.056,3.06,2.83,0.23,,12.40999984741211,95.0,2914.0,3.7,2.332055105808828,,,,,2026-07-25 07:39:37,,2.15,3.640570094069884,2.18,0.2600000000000002,0.7279448941911721,,
2018-09-28,3777.236,4192909.0,367243.0,48.43,3.05,2.81,0.24,,12.119999885559082,95.19000244140624,2913.97998046875,3.7,2.332055105808828,,,,,2026-07-25 07:39:37,,2.14,3.640570094069884,2.18,0.2600000000000002,0.7179448941911719,,
2018-09-29,3777.236,4192909.0,367243.0,48.43,3.05,2.81,0.24,,12.119999885559082,95.19000244140624,2913.97998046875,3.7,2.332055105808828,,,,,2026-07-25 07:39:37,,2.14,3.640570094069884,2.18,0.2600000000000002,0.7179448941911719,,
2018-09-30,3777.236,4192909.0,367243.0,48.43,3.05,2.81,0.24,,12.119999885559082,95.19000244140624,2913.97998046875,3.7,2.332055105808828,,,,,2026-07-25 07:39:37,,2.14,3.640570094069884,2.18,0.2700000000000002,0.7179448941911719,,
2018-10-01,3821.481,4192909.0,367243.0,4.185,3.09,2.82,0.27,,12.0,95.3000030517578,2924.590087890625,3.8,2.492032470218053,,,,,2026-07-25 07:39:37,,2.14,3.307947043861992,2.18,0.2700000000000002,0.5979675297819469,,
2018-10-02,3822.371,4192909.0,367243.0,3.295,3.05,2.82,0.23,,12.050000190734863,95.51000213623048,2923.429931640625,3.8,2.492032470218053,,,,,2026-07-25 07:39:37,,2.12,3.307947043861992,2.18,0.2700000000000002,0.5579675297819469,,
2018-10-03,3821.469,4174704.0,350281.0,2.954,3.15,2.85,0.3,,11.609999656677246,95.76000213623048,2925.510009765625,3.8,2.492032470218053,,,,,2026-07-25 07:39:37,,2.16,3.307947043861992,2.18,0.2700000000000002,0.657967529781947,,
2018-10-04,3821.158,4174704.0,350281.0,3.265,3.19,2.87,0.32,,14.220000267028809,95.75,2901.610107421875,3.8,2.492032470218053,,,,,2026-07-25 07:39:37,,2.16,3.307947043861992,2.18,0.2600000000000002,0.697967529781947,,
2018-10-05,3822.858,4174704.0,350281.0,1.565,3.23,2.88,0.35,,14.81999969482422,95.62000274658205,2885.570068359375,3.8,2.492032470218053,,,,,2026-07-25 07:39:37,,2.16,3.307947043861992,2.18,0.2600000000000002,0.737967529781947,,
2018-10-06,3822.858,4174704.0,350281.0,1.565,3.23,2.88,0.35,,14.81999969482422,95.62000274658205,2885.570068359375,3.8,2.492032470218053,,,,,2026-07-25 07:39:37,,2.16,3.307947043861992,2.18,0.2600000000000002,0.737967529781947,,
2018-10-07,3822.858,4174704.0,350281.0,1.565,3.23,2.88,0.35,,14.81999969482422,95.62000274658205,2885.570068359375,3.8,2.492032470218053,,,,,2026-07-25 07:39:37,,2.16,3.307947043861992,2.18,0.2600000000000002,0.737967529781947,,
2018-10-08,3822.858,4174704.0,350281.0,1.565,3.23,2.88,0.35,,15.6899995803833,95.7699966430664,2884.429931640625,3.8,2.492032470218053,,,,,2026-07-25 07:39:37,,2.16,3.307947043861992,2.18,0.2600000000000002,0.737967529781947,,
2018-10-09,3822.033,4174704.0,350281.0,2.39,3.21,2.88,0.33,,15.949999809265137,95.68000030517578,2880.340087890625,3.8,2.492032470218053,,,,,2026-07-25 07:39:37,,2.17,3.307947043861992,2.18,0.2600000000000002,0.717967529781947,,
2018-10-10,3865.647,4176906.0,308869.0,2.39,3.22,2.88,0.34,,22.959999084472656,95.51000213623048,2785.679931640625,3.8,2.492032470218053,,,,,2026-07-25 07:39:37,,2.16,3.307947043861992,2.18,0.2600000000000002,0.7279675297819472,,
2018-10-11,3866.021,4176906.0,308869.0,2.016,3.14,2.85,0.29,,24.979999542236328,95.0199966430664,2728.3701171875,3.8,2.492032470218053,,,,,2026-07-25 07:39:37,,2.12,3.307947043861992,2.18,0.2600000000000002,0.6479675297819472,,
2018-10-12,3867.077,4176906.0,308869.0,0.96,3.15,2.85,0.3,,21.309999465942383,95.22000122070312,2767.1298828125,3.8,2.492032470218053,,,,,2026-07-25 07:39:37,,2.12,3.307947043861992,2.18,0.2600000000000002,0.657967529781947,,
2018-10-13,3867.077,4176906.0,308869.0,0.96,3.15,2.85,0.3,,21.309999465942383,95.22000122070312,2767.1298828125,3.8,2.492032470218053,,,,,2026-07-25 07:39:37,,2.12,3.307947043861992,2.18,0.2600000000000002,0.657967529781947,,
2018-10-14,3867.077,4176906.0,308869.0,0.96,3.15,2.85,0.3,,21.309999465942383,95.22000122070312,2767.1298828125,3.8,2.492032470218053,,,,,2026-07-25 07:39:37,,2.12,3.307947043861992,2.18,0.2600000000000002,0.657967529781947,,
2018-10-15,3867.671,4176906.0,308869.0,0.366,3.16,2.85,0.31,,21.299999237060547,95.06999969482422,2750.7900390625,3.8,2.492032470218053,,,,,2026-07-25 07:39:37,,2.13,3.307947043861992,2.18,0.2600000000000002,0.6679675297819472,,
2018-10-16,3867.571,4176906.0,308869.0,0.466,3.16,2.87,0.29,,17.6200008392334,95.0500030517578,2809.919921875,3.8,2.492032470218053,,,,,2026-07-25 07:39:37,,2.13,3.307947043861992,2.18,0.2600000000000002,0.6679675297819472,,
2018-10-17,3814.634,4175446.0,360638.0,0.174,3.19,2.89,0.3,,17.399999618530273,95.58000183105467,2809.2099609375,3.8,2.492032470218053,,,,,2026-07-25 07:39:38,,2.13,3.307947043861992,2.19,0.27,0.697967529781947,,
2018-10-18,3804.518,4175446.0,360638.0,10.29,3.17,2.87,0.3,,20.059999465942383,95.9000015258789,2768.780029296875,3.8,2.492032470218053,,,,,2026-07-25 07:39:38,,2.1,3.307947043861992,2.19,0.27,0.677967529781947,,
2018-10-19,3810.892,4175446.0,360638.0,3.916,3.2,2.92,0.28,,19.88999938964844,95.70999908447266,2767.780029296875,3.8,2.492032470218053,,,,,2026-07-25 07:39:38,,2.11,3.307947043861992,2.19,0.27,0.7079675297819472,,
2018-10-20,3810.892,4175446.0,360638.0,3.916,3.2,2.92,0.28,,19.88999938964844,95.70999908447266,2767.780029296875,3.8,2.492032470218053,,,,,2026-07-25 07:39:38,,2.11,3.307947043861992,2.19,0.27,0.7079675297819472,,
2018-10-21,3810.892,4175446.0,360638.0,3.916,3.2,2.92,0.28,,19.88999938964844,95.70999908447266,2767.780029296875,3.8,2.492032470218053,,,,,2026-07-25 07:39:38,,2.11,3.307947043861992,2.19,0.27,0.7079675297819472,,
2018-10-22,3811.619,4175446.0,360638.0,3.189,3.2,2.92,0.28,,19.63999938964844,96.01000213623048,2755.8798828125,3.8,2.492032470218053,,,,,2026-07-25 07:39:38,,2.11,3.307947043861992,2.19,0.27,0.7079675297819472,,
2018-10-23,3810.342,4175446.0,360638.0,4.466,3.17,2.89,0.28,,20.709999084472656,95.95999908447266,2740.68994140625,3.8,2.492032470218053,,,,,2026-07-25 07:39:38,,2.09,3.307947043861992,2.2,0.2800000000000002,0.677967529781947,,
2018-10-24,3805.945,4173070.0,360681.0,6.444,3.1,2.84,0.26,,25.229999542236328,96.43000030517578,2656.10009765625,3.8,2.492032470218053,,,,,2026-07-25 07:39:38,,2.07,3.307947043861992,2.2,0.2700000000000002,0.6079675297819471,,
2018-10-25,3810.445,4173070.0,360681.0,1.944,3.14,2.86,0.28,,24.219999313354492,96.68000030517578,2705.570068359375,3.8,2.492032470218053,,,,,2026-07-25 07:39:38,,2.05,3.307947043861992,2.2,0.2700000000000002,0.6479675297819472,,
2018-10-26,3810.385,4173070.0,360681.0,2.004,3.08,2.81,0.27,,24.15999984741211,96.36000061035156,2658.68994140625,3.8,2.492032470218053,,,,,2026-07-25 07:39:38,,2.06,3.307947043861992,2.2,0.2700000000000002,0.5879675297819471,,
2018-10-27,3810.385,4173070.0,360681.0,2.004,3.08,2.81,0.27,,24.15999984741211,96.36000061035156,2658.68994140625,3.8,2.492032470218053,,,,,2026-07-25 07:39:38,,2.06,3.307947043861992,2.2,0.02,0.5879675297819471,,
2018-10-28,3810.385,4173070.0,360681.0,2.004,3.08,2.81,0.27,,24.15999984741211,96.36000061035156,2658.68994140625,3.8,2.492032470218053,,,,,2026-07-25 07:39:38,,2.06,3.307947043861992,2.2,0.02,0.5879675297819471,,
2018-10-29,3810.641,4173070.0,360681.0,1.748,3.08,2.81,0.27,,24.700000762939453,96.58000183105467,2641.25,3.8,2.492032470218053,,,,,2026-07-25 07:39:38,,2.06,3.307947043861992,2.2,0.02,0.5879675297819471,,
2018-10-30,3811.673999999999,4173070.0,360681.0,0.715,3.12,2.84,0.28,,23.350000381469727,97.01000213623048,2682.6298828125,3.8,2.492032470218053,,,,,2026-07-25 07:39:38,,2.05,3.307947043861992,2.2,0.02,0.6279675297819471,,
2018-10-31,3768.32,4139731.0,366596.0,4.815,3.15,2.87,0.28,,21.229999542236328,97.12999725341795,2711.739990234375,3.8,2.492032470218053,,,,,2026-07-25 07:39:38,,2.05,3.307947043861992,2.2,0.02,0.657967529781947,,
2018-11-01,3768.495,4139731.0,366596.0,4.64,3.14,2.84,0.3,,19.34000015258789,96.27999877929688,2740.3701171875,3.8,2.147328577667773,,,,,2026-07-25 07:39:38,,2.02,3.173330443890632,2.2,0.02,0.992671422332227,,
2018-11-02,3771.624999999999,4139731.0,366596.0,1.51,3.22,2.91,0.31,,19.510000228881836,96.54000091552734,2723.06005859375,3.8,2.147328577667773,,,,,2026-07-25 07:39:38,,2.06,3.173330443890632,2.19,0.0099999999999997,1.0726714223322271,,
2018-11-03,3771.624999999999,4139731.0,366596.0,1.51,3.22,2.91,0.31,,19.510000228881836,96.54000091552734,2723.06005859375,3.8,2.147328577667773,,,,,2026-07-25 07:39:38,,2.06,3.173330443890632,2.19,0.0099999999999997,1.0726714223322271,,
2018-11-04,3771.624999999999,4139731.0,366596.0,1.51,3.22,2.91,0.31,,19.510000228881836,96.54000091552734,2723.06005859375,3.8,2.147328577667773,,,,,2026-07-25 07:39:38,,2.06,3.173330443890632,2.19,0.0099999999999997,1.0726714223322271,,
2018-11-05,3771.67,4139731.0,366596.0,1.465,3.2,2.91,0.29,,19.959999084472656,96.3499984741211,2738.31005859375,3.8,2.147328577667773,,,,,2026-07-25 07:39:38,,2.06,3.173330443890632,2.2,0.02,1.052671422332227,,
2018-11-06,3770.595,4139731.0,366596.0,2.54,3.22,2.93,0.29,,19.90999984741211,96.31999969482422,2755.449951171875,3.8,2.147328577667773,,,,,2026-07-25 07:39:38,,2.07,3.173330443890632,2.2,0.02,1.0726714223322271,,
2018-11-07,3823.903999999999,4141936.0,316157.0,1.875,3.22,2.96,0.26,,16.360000610351562,96.0,2813.889892578125,3.8,2.147328577667773,,,,,2026-07-25 07:39:38,,2.07,3.173330443890632,2.2,0.02,1.0726714223322271,,
2018-11-08,3824.6129999999994,4141936.0,316157.0,1.166,3.24,2.98,0.26,,16.719999313354492,96.63999938964844,2806.830078125,3.8,2.147328577667773,,,,,2026-07-25 07:39:38,,2.07,3.173330443890632,2.2,0.02,1.0926714223322271,,
2018-11-09,3825.378,4141936.0,316157.0,0.401,3.19,2.94,0.25,,17.360000610351562,96.91000366210938,2781.010009765625,3.8,2.147328577667773,,,,,2026-07-25 07:39:38,,2.04,3.173330443890632,2.19,0.0099999999999997,1.0426714223322269,,
2018-11-10,3825.378,4141936.0,316157.0,0.401,3.19,2.94,0.25,,17.360000610351562,96.91000366210938,2781.010009765625,3.8,2.147328577667773,,,,,2026-07-25 07:39:38,,2.04,3.173330443890632,2.19,0.0099999999999997,1.0426714223322269,,
2018-11-11,3825.378,4141936.0,316157.0,0.401,3.19,2.94,0.25,,17.360000610351562,96.91000366210938,2781.010009765625,3.8,2.147328577667773,,,,,2026-07-25 07:39:38,,2.04,3.173330443890632,2.19,0.0099999999999997,1.0426714223322269,,
2018-11-12,3825.378,4141936.0,316157.0,0.401,3.19,2.94,0.25,,20.450000762939453,97.54000091552734,2726.219970703125,3.8,2.147328577667773,,,,,2026-07-25 07:39:38,,2.04,3.173330443890632,2.19,0.0099999999999997,1.0426714223322269,,
2018-11-13,3824.713999999999,4141936.0,316157.0,1.065,3.14,2.89,0.25,,20.020000457763672,97.3000030517578,2722.179931640625,3.8,2.147328577667773,,,,,2026-07-25 07:39:38,,2.02,3.173330443890632,2.2,0.02,0.992671422332227,,
2018-11-14,3816.546,4145892.0,328686.0,0.66,3.12,2.86,0.26,,21.25,96.8000030517578,2701.580078125,3.8,2.147328577667773,,,,,2026-07-25 07:39:38,,2.0,3.173330443890632,2.2,0.02,0.972671422332227,,
2018-11-15,3816.711999999999,4145892.0,328686.0,0.494,3.11,2.86,0.25,,19.979999542236328,96.93000030517578,2730.199951171875,3.8,2.147328577667773,,,,,2026-07-25 07:39:38,,2.0,3.173330443890632,2.2,0.02,0.9626714223322268,,
2018-11-16,3798.641,4145892.0,328686.0,18.565,3.08,2.81,0.27,,18.13999938964844,96.47000122070312,2736.27001953125,3.8,2.147328577667773,,,,,2026-07-25 07:39:38,,2.02,3.173330443890632,2.2,0.0100000000000002,0.932671422332227,,
2018-11-17,3798.641,4145892.0,328686.0,18.565,3.08,2.81,0.27,,18.13999938964844,96.47000122070312,2736.27001953125,3.8,2.147328577667773,,,,,2026-07-25 07:39:38,,2.02,3.173330443890632,2.2,0.0100000000000002,0.932671422332227,,
2018-11-18,3798.641,4145892.0,328686.0,18.565,3.08,2.81,0.27,,18.13999938964844,96.47000122070312,2736.27001953125,3.8,2.147328577667773,,,,,2026-07-25 07:39:38,,2.02,3.173330443890632,2.2,0.0100000000000002,0.932671422332227,,
2018-11-19,3800.911,4145892.0,328686.0,16.295,3.06,2.79,0.27,,20.100000381469727,96.19000244140624,2690.72998046875,3.8,2.147328577667773,,,,,2026-07-25 07:39:38,,1.99,3.173330443890632,2.2,0.0100000000000002,0.912671422332227,,
2018-11-20,3801.970999999999,4145892.0,328686.0,15.235,3.06,2.79,0.27,,22.479999542236328,96.80999755859376,2641.889892578125,3.8,2.147328577667773,,,,,2026-07-25 07:39:38,,1.97,3.173330443890632,2.2,0.0100000000000002,0.912671422332227,,
2018-11-21,3772.662,4106198.0,317331.0,16.205,3.06,2.81,0.25,,20.799999237060547,96.70999908447266,2649.929931640625,3.8,2.147328577667773,,,,,2026-07-25 07:39:38,,1.97,3.173330443890632,2.2,0.0100000000000002,0.912671422332227,,
2018-11-22,3772.662,4106198.0,317331.0,16.205,3.06,2.81,0.25,,20.799999237060547,96.70999908447266,2649.929931640625,3.8,2.147328577667773,,,,,2026-07-25 07:39:38,,1.97,3.173330443890632,2.2,0.0,0.912671422332227,,
2018-11-23,3775.762,4106198.0,317331.0,13.105,3.05,2.81,0.24,,21.520000457763672,96.91999816894533,2632.56005859375,3.8,2.147328577667773,,,,,2026-07-25 07:39:38,,1.96,3.173330443890632,2.2,0.0,0.9026714223322267,,
2018-11-24,3775.762,4106198.0,317331.0,13.105,3.05,2.81,0.24,,21.520000457763672,96.91999816894533,2632.56005859375,3.8,2.147328577667773,,,,,2026-07-25 07:39:38,,1.96,3.173330443890632,2.2,0.0,0.9026714223322267,,
2018-11-25,3775.762,4106198.0,317331.0,13.105,3.05,2.81,0.24,,21.520000457763672,96.91999816894533,2632.56005859375,3.8,2.147328577667773,,,,,2026-07-25 07:39:38,,1.96,3.173330443890632,2.2,0.0,0.9026714223322267,,
2018-11-26,3788.252,4106198.0,317331.0,0.615,3.07,2.84,0.23,,18.899999618530273,97.06999969482422,2673.449951171875,3.8,2.147328577667773,,,,,2026-07-25 07:39:38,,1.96,3.173330443890632,2.2,0.0,0.9226714223322268,,
2018-11-27,3788.427,4106198.0,317331.0,0.44,3.06,2.83,0.23,,19.020000457763672,97.37000274658205,2682.169921875,3.8,2.147328577667773,,,,,2026-07-25 07:39:38,,1.91,3.173330443890632,2.2,0.0,0.912671422332227,,
2018-11-28,3763.37,4097170.0,332336.0,1.464,3.06,2.81,0.25,,18.489999771118164,96.79000091552734,2743.7900390625,3.8,2.147328577667773,,,,,2026-07-25 07:39:38,,1.94,3.173330443890632,2.2,0.0,0.912671422332227,,
2018-11-29,3763.02,4097170.0,332336.0,1.814,3.03,2.81,0.22,,18.790000915527344,96.77999877929688,2737.800048828125,3.8,2.147328577667773,,,,,2026-07-25 07:39:38,,1.98,3.173330443890632,2.2,0.0,0.8826714223322267,,
2018-11-30,3762.344,4097170.0,332336.0,2.49,3.01,2.8,0.21,,18.06999969482422,97.2699966430664,2760.169921875,3.8,2.147328577667773,,,,,2026-07-25 07:39:38,,1.97,3.173330443890632,2.2,0.0,0.8626714223322267,,
2018-12-01,3762.344,4097170.0,332336.0,2.49,3.01,2.8,0.21,,18.06999969482422,97.2699966430664,2760.169921875,3.9,2.0023809043401064,,,,,2026-07-25 07:39:38,,1.97,3.6386033410893415,2.2,0.0,1.0076190956598934,,
2018-12-02,3762.344,4097170.0,332336.0,2.49,3.01,2.8,0.21,,18.06999969482422,97.2699966430664,2760.169921875,3.9,2.0023809043401064,,,,,2026-07-25 07:39:38,,1.97,3.6386033410893415,2.2,0.0100000000000002,1.0076190956598934,,
2018-12-03,3762.624,4097170.0,332336.0,2.21,2.98,2.83,0.15,,16.440000534057617,97.04000091552734,2790.3701171875,3.9,2.0023809043401064,,,,,2026-07-25 07:39:38,,1.96,3.6386033410893415,2.19,0.0,0.9776190956598936,,
2018-12-04,3762.624,4097170.0,332336.0,2.21,2.91,2.8,0.11,,20.739999771118164,96.97000122070312,2700.06005859375,3.9,2.0023809043401064,,,,,2026-07-25 07:39:38,,1.94,3.6386033410893415,2.2,0.0100000000000002,0.9076190956598936,,
2018-12-05,3755.221,4086044.0,328613.0,2.21,2.91,2.8,0.11,,20.739999771118164,96.97000122070312,2700.06005859375,3.9,2.0023809043401064,,,,,2026-07-25 07:39:38,,1.94,3.6386033410893415,2.2,0.0,0.9076190956598936,,
2018-12-06,3754.071,4086044.0,328613.0,3.36,2.87,2.75,0.12,,21.190000534057617,96.80999755859376,2695.949951171875,3.9,2.0023809043401064,,,,,2026-07-25 07:39:38,,1.9,3.6386033410893415,2.2,0.0,0.8676190956598937,,
2018-12-07,3751.796,4086044.0,328613.0,5.635,2.85,2.72,0.13,,23.229999542236328,96.51000213623048,2633.080078125,3.9,2.0023809043401064,,,,,2026-07-25 07:39:38,,1.89,3.6386033410893415,2.19,-0.0100000000000002,0.8476190956598937,,
2018-12-08,3751.796,4086044.0,328613.0,5.635,2.85,2.72,0.13,,23.229999542236328,96.51000213623048,2633.080078125,3.9,2.0023809043401064,,,,,2026-07-25 07:39:38,,1.89,3.6386033410893415,2.19,-0.0100000000000002,0.8476190956598937,,
2018-12-09,3751.796,4086044.0,328613.0,5.635,2.85,2.72,0.13,,23.229999542236328,96.51000213623048,2633.080078125,3.9,2.0023809043401064,,,,,2026-07-25 07:39:38,,1.89,3.6386033410893415,2.19,0.0,0.8476190956598937,,
2018-12-10,3756.007,4086044.0,328613.0,1.424,2.85,2.72,0.13,,22.63999938964844,97.22000122070312,2637.719970703125,3.9,2.0023809043401064,,,,,2026-07-25 07:39:38,,1.86,3.6386033410893415,2.2,0.0100000000000002,0.8476190956598937,,
2018-12-11,3757.079,4086044.0,328613.0,0.352,2.89,2.78,0.11,,21.760000228881836,97.38999938964844,2636.780029296875,3.9,2.0023809043401064,,,,,2026-07-25 07:39:38,,1.83,3.6386033410893415,2.19,0.0,0.8876190956598937,,
2018-12-12,3765.19,4088314.0,322663.0,0.461,2.91,2.77,0.14,,21.459999084472656,97.04000091552734,2651.070068359375,3.9,2.0023809043401064,,,,,2026-07-25 07:39:38,,1.83,3.6386033410893415,2.19,0.0,0.9076190956598936,,
2018-12-13,3765.236,4088314.0,322663.0,0.415,2.91,2.75,0.16,,20.649999618530273,97.05999755859376,2650.5400390625,3.9,2.0023809043401064,,,,,2026-07-25 07:39:38,,1.83,3.6386033410893415,2.19,-0.0100000000000002,0.9076190956598936,,
2018-12-14,3765.336,4088314.0,322663.0,0.315,2.89,2.73,0.16,,21.6299991607666,97.44000244140624,2599.949951171875,3.9,2.0023809043401064,,,,,2026-07-25 07:39:38,,1.82,3.6386033410893415,2.19,-0.0100000000000002,0.8876190956598937,,
2018-12-15,3765.336,4088314.0,322663.0,0.315,2.89,2.73,0.16,,21.6299991607666,97.44000244140624,2599.949951171875,3.9,2.0023809043401064,,,,,2026-07-25 07:39:38,,1.82,3.6386033410893415,2.19,-0.0100000000000002,0.8876190956598937,,
2018-12-16,3765.336,4088314.0,322663.0,0.315,2.89,2.73,0.16,,21.6299991607666,97.44000244140624,2599.949951171875,3.9,2.0023809043401064,,,,,2026-07-25 07:39:39,,1.82,3.6386033410893415,2.19,-0.0100000000000002,0.8876190956598937,,
2018-12-17,3765.236,4088314.0,322663.0,0.415,2.86,2.7,0.16,,24.520000457763672,97.0999984741211,2545.93994140625,3.9,2.0023809043401064,,,,,2026-07-25 07:39:39,,1.81,3.6386033410893415,2.2,0.0,0.8576190956598935,,
2018-12-18,3759.435,4088314.0,322663.0,6.216,2.82,2.65,0.17,,25.579999923706055,97.13999938964844,2546.159912109375,3.9,2.0023809043401064,,,,,2026-07-25 07:39:39,,1.81,3.6386033410893415,2.2,0.0,0.8176190956598934,,
2018-12-19,3681.999,4084274.0,396293.0,5.982,2.77,2.63,0.14,,25.579999923706055,97.04000091552734,2506.9599609375,3.9,2.0023809043401064,,,,,2026-07-25 07:39:39,,1.8,3.6386033410893415,2.2,0.0,0.7676190956598936,,
2018-12-20,3678.46,4084274.0,396293.0,9.521,2.79,2.67,0.12,,28.3799991607666,96.27999877929688,2467.419921875,3.9,2.0023809043401064,,,,,2026-07-25 07:39:39,,1.76,3.6386033410893415,2.4,0.1999999999999997,0.7876190956598936,,
2018-12-21,3679.176,4084274.0,396293.0,8.805,2.79,2.63,0.16,,30.11000061035156,96.95999908447266,2416.6201171875,3.9,2.0023809043401064,,,,,2026-07-25 07:39:39,,1.77,3.6386033410893415,2.4,0.1999999999999997,0.7876190956598936,,
2018-12-22,3679.176,4084274.0,396293.0,8.805,2.79,2.63,0.16,,30.11000061035156,96.95999908447266,2416.6201171875,3.9,2.0023809043401064,,,,,2026-07-25 07:39:39,,1.77,3.6386033410893415,2.4,0.1999999999999997,0.7876190956598936,,
2018-12-23,3679.176,4084274.0,396293.0,8.805,2.79,2.63,0.16,,30.11000061035156,96.95999908447266,2416.6201171875,3.9,2.0023809043401064,,,,,2026-07-25 07:39:39,,1.77,3.6386033410893415,2.4,0.1999999999999997,0.7876190956598936,,
2018-12-24,3680.021,4084274.0,396293.0,7.96,2.74,2.55,0.19,,36.06999969482422,96.5500030517578,2351.10009765625,3.9,2.0023809043401064,,,,,2026-07-25 07:39:39,,1.75,3.6386033410893415,2.4,0.1999999999999997,0.7376190956598938,,
2018-12-25,3680.021,4084274.0,396293.0,7.96,2.74,2.55,0.19,,36.06999969482422,96.5500030517578,2351.10009765625,3.9,2.0023809043401064,,,,,2026-07-25 07:39:39,,1.75,3.6386033410893415,2.4,0.1999999999999997,0.7376190956598938,,
2018-12-26,3706.395,4075636.0,368236.0,1.005,2.81,2.61,0.2,,30.40999984741211,97.0500030517578,2467.699951171875,3.9,2.0023809043401064,,,,,2026-07-25 07:39:39,,1.77,3.6386033410893415,2.4,0.1999999999999997,0.8076190956598936,,
2018-12-27,3704.3,4075636.0,368236.0,3.1,2.77,2.56,0.21,,29.959999084472656,96.4800033569336,2488.830078125,3.9,2.0023809043401064,,,,,2026-07-25 07:39:39,,1.74,3.6386033410893415,2.4,0.1999999999999997,0.7676190956598936,,
2018-12-28,3704.19,4075636.0,368236.0,3.21,2.72,2.52,0.2,,28.34000015258789,96.38999938964844,2485.739990234375,3.9,2.0023809043401064,,,,,2026-07-25 07:39:39,,1.73,3.6386033410893415,2.4,0.1999999999999997,0.7176190956598938,,
2018-12-29,3704.19,4075636.0,368236.0,3.21,2.72,2.52,0.2,,28.34000015258789,96.38999938964844,2485.739990234375,3.9,2.0023809043401064,,,,,2026-07-25 07:39:39,,1.73,3.6386033410893415,2.4,0.1999999999999997,0.7176190956598938,,
2018-12-30,3704.19,4075636.0,368236.0,3.21,2.72,2.52,0.2,,28.34000015258789,96.38999938964844,2485.739990234375,3.9,2.0023809043401064,,,,,2026-07-25 07:39:39,,1.73,3.6386033410893415,2.4,0.1999999999999997,0.7176190956598938,,
2018-12-31,3665.552,4075636.0,368236.0,41.848,2.69,2.48,0.21,,25.420000076293945,96.16999816894533,2506.85009765625,3.9,2.0023809043401064,,,,,2026-07-25 07:39:39,,1.71,3.6386033410893415,2.4,0.1999999999999997,0.6876190956598935,,
2019-01-01,3665.552,4075636.0,368236.0,41.848,2.69,2.48,0.21,,25.420000076293945,96.16999816894533,2506.85009765625,4.0,1.4875893578291333,,,,,2026-07-25 07:39:39,,1.71,4.02437357467107,2.4,0.1999999999999997,1.202410642170867,,
2019-01-02,3656.281,4058378.0,382616.0,19.481,2.66,2.5,0.16,,23.219999313354492,96.81999969482422,2510.030029296875,4.0,1.4875893578291333,,,,,2026-07-25 07:39:39,,1.7,4.02437357467107,2.4,0.2099999999999999,1.1724106421708669,,
2019-01-03,3668.564,4058378.0,382616.0,7.198,2.56,2.39,0.17,,25.450000762939453,96.30999755859376,2447.889892578125,4.0,1.4875893578291333,,,,,2026-07-25 07:39:39,,1.68,4.02437357467107,2.4,0.1999999999999997,1.0724106421708668,,
2019-01-04,3672.902,4058378.0,382616.0,2.86,2.67,2.5,0.17,,21.3799991607666,96.19000244140624,2531.93994140625,4.0,1.4875893578291333,,,,,2026-07-25 07:39:39,,1.76,4.02437357467107,2.4,0.1999999999999997,1.1824106421708669,,
2019-01-05,3672.902,4058378.0,382616.0,2.86,2.67,2.5,0.17,,21.3799991607666,96.19000244140624,2531.93994140625,4.0,1.4875893578291333,,,,,2026-07-25 07:39:39,,1.76,4.02437357467107,2.4,0.1999999999999997,1.1824106421708669,,
2019-01-06,3672.902,4058378.0,382616.0,2.86,2.67,2.5,0.17,,21.3799991607666,96.19000244140624,2531.93994140625,4.0,1.4875893578291333,,,,,2026-07-25 07:39:39,,1.76,4.02437357467107,2.4,0.2099999999999999,1.1824106421708669,,
2019-01-07,3672.976,4058378.0,382616.0,2.786,2.7,2.53,0.17,,21.399999618530273,95.70999908447266,2549.68994140625,4.0,1.4875893578291333,,,,,2026-07-25 07:39:39,,1.78,4.02437357467107,2.4,0.2099999999999999,1.212410642170867,,
2019-01-08,3672.951,4058378.0,382616.0,2.811,2.73,2.58,0.15,,20.469999313354492,95.9000015258789,2574.409912109375,4.0,1.4875893578291333,,,,,2026-07-25 07:39:39,,1.82,4.02437357467107,2.4,0.2099999999999999,1.2424106421708667,,
2019-01-09,3704.583,4056563.0,349443.0,2.537,2.74,2.56,0.18,,19.979999542236328,95.22000122070312,2584.9599609375,4.0,1.4875893578291333,,,,,2026-07-25 07:39:39,,1.83,4.02437357467107,2.4,0.1999999999999997,1.252410642170867,,
2019-01-10,3704.904,4056563.0,349443.0,2.216,2.74,2.56,0.18,,19.5,95.54000091552734,2596.639892578125,4.0,1.4875893578291333,,,,,2026-07-25 07:39:39,,1.81,4.02437357467107,2.4,0.2099999999999999,1.252410642170867,,
2019-01-11,3705.104,4056563.0,349443.0,2.016,2.71,2.55,0.16,,18.190000534057617,95.66999816894533,2596.260009765625,4.0,1.4875893578291333,,,,,2026-07-25 07:39:39,,1.83,4.02437357467107,2.4,0.2099999999999999,1.2224106421708667,,
2019-01-12,3705.104,4056563.0,349443.0,2.016,2.71,2.55,0.16,,18.190000534057617,95.66999816894533,2596.260009765625,4.0,1.4875893578291333,,,,,2026-07-25 07:39:39,,1.83,4.02437357467107,2.4,0.2099999999999999,1.2224106421708667,,
2019-01-13,3705.104,4056563.0,349443.0,2.016,2.71,2.55,0.16,,18.190000534057617,95.66999816894533,2596.260009765625,4.0,1.4875893578291333,,,,,2026-07-25 07:39:39,,1.83,4.02437357467107,2.4,0.2099999999999999,1.2224106421708667,,
2019-01-14,3705.915,4056563.0,349443.0,1.205,2.71,2.53,0.18,,19.06999969482422,95.58999633789062,2582.610107421875,4.0,1.4875893578291333,,,,,2026-07-25 07:39:39,,1.81,4.02437357467107,2.4,0.2099999999999999,1.2224106421708667,,
2019-01-15,3705.104,4056563.0,349443.0,2.016,2.72,2.53,0.19,,18.600000381469727,95.97000122070312,2610.300048828125,4.0,1.4875893578291333,,,,,2026-07-25 07:39:39,,1.81,4.02437357467107,2.4,0.2099999999999999,1.232410642170867,,
2019-01-16,3652.314,4050044.0,396414.0,1.316,2.73,2.55,0.18,,19.040000915527344,96.05999755859376,2616.10009765625,4.0,1.4875893578291333,,,,,2026-07-25 07:39:39,,1.82,4.02437357467107,2.4,0.1999999999999997,1.2424106421708667,,
2019-01-17,3651.565,4050044.0,396414.0,2.065,2.75,2.56,0.19,,18.059999465942383,96.06999969482422,2635.9599609375,4.0,1.4875893578291333,,,,,2026-07-25 07:39:39,,1.79,4.02437357467107,2.4,0.1999999999999997,1.2624106421708667,,
2019-01-18,3640.465,4050044.0,396414.0,13.165,2.79,2.62,0.17,,17.799999237060547,96.33999633789062,2670.7099609375,4.0,1.4875893578291333,,,,,2026-07-25 07:39:39,,1.83,4.02437357467107,2.4,0.1999999999999997,1.3024106421708668,,
2019-01-19,3640.465,4050044.0,396414.0,13.165,2.79,2.62,0.17,,17.799999237060547,96.33999633789062,2670.7099609375,4.0,1.4875893578291333,,,,,2026-07-25 07:39:39,,1.83,4.02437357467107,2.4,0.0,1.3024106421708668,,
2019-01-20,3640.465,4050044.0,396414.0,13.165,2.79,2.62,0.17,,17.799999237060547,96.33999633789062,2670.7099609375,4.0,1.4875893578291333,,,,,2026-07-25 07:39:39,,1.83,4.02437357467107,2.4,0.0,1.3024106421708668,,
2019-01-21,3640.465,4050044.0,396414.0,13.165,2.79,2.62,0.17,,17.799999237060547,96.33999633789062,2670.7099609375,4.0,1.4875893578291333,,,,,2026-07-25 07:39:39,,1.83,4.02437357467107,2.4,0.0,1.3024106421708668,,
2019-01-22,3643.165,4050044.0,396414.0,10.465,2.74,2.58,0.16,,20.799999237060547,96.3000030517578,2632.89990234375,4.0,1.4875893578291333,,,,,2026-07-25 07:39:39,,1.79,4.02437357467107,2.4,0.0,1.252410642170867,,
2019-01-23,3633.41,4047052.0,402227.0,11.415,2.76,2.58,0.18,,19.520000457763672,96.12000274658205,2638.699951171875,4.0,1.4875893578291333,,,,,2026-07-25 07:39:39,,1.8,4.02437357467107,2.4,0.0,1.2724106421708663,,
2019-01-24,3629.765,4047052.0,402227.0,15.06,2.72,2.56,0.16,,18.88999938964844,96.5999984741211,2642.330078125,4.0,1.4875893578291333,,,,,2026-07-25 07:39:39,,1.77,4.02437357467107,2.4,0.0,1.232410642170867,,
2019-01-25,3643.31,4047052.0,402227.0,1.515,2.76,2.6,0.16,,17.420000076293945,95.79000091552734,2664.760009765625,4.0,1.4875893578291333,,,,,2026-07-25 07:39:39,,1.79,4.02437357467107,2.4,0.0,1.2724106421708663,,
2019-01-26,3643.31,4047052.0,402227.0,1.515,2.76,2.6,0.16,,17.420000076293945,95.79000091552734,2664.760009765625,4.0,1.4875893578291333,,,,,2026-07-25 07:39:39,,1.79,4.02437357467107,2.4,0.0,1.2724106421708663,,
2019-01-27,3643.31,4047052.0,402227.0,1.515,2.76,2.6,0.16,,17.420000076293945,95.79000091552734,2664.760009765625,4.0,1.4875893578291333,,,,,2026-07-25 07:39:39,,1.79,4.02437357467107,2.4,0.0,1.2724106421708663,,
2019-01-28,3643.56,4047052.0,402227.0,1.265,2.75,2.6,0.15,,18.8700008392334,95.75,2643.85009765625,4.0,1.4875893578291333,,,,,2026-07-25 07:39:39,,1.78,4.02437357467107,2.4,0.0,1.2624106421708667,,
2019-01-29,3642.985,4047052.0,402227.0,1.84,2.72,2.56,0.16,,19.1299991607666,95.81999969482422,2640.0,4.0,1.4875893578291333,,,,,2026-07-25 07:39:39,,1.78,4.02437357467107,2.4,0.0,1.232410642170867,,
2019-01-30,3627.304,4039678.0,411384.0,0.99,2.7,2.52,0.18,,17.65999984741211,95.33999633789062,2681.050048828125,4.0,1.4875893578291333,,,,,2026-07-25 07:39:39,,1.84,4.02437357467107,2.4,0.0,1.212410642170867,,
2019-01-31,3627.243,4039678.0,411384.0,1.051,2.63,2.45,0.18,,16.56999969482422,95.58000183105467,2704.10009765625,4.0,1.4875893578291333,,,,,2026-07-25 07:39:39,,1.85,4.02437357467107,2.4,0.0,1.1424106421708666,,
2019-02-01,3627.629,4039678.0,411384.0,0.665,2.7,2.52,0.18,,16.139999389648438,95.58000183105467,2706.530029296875,3.8,1.5188615351321877,,,,,2026-07-25 07:39:39,,1.88,3.993031908411182,2.4,0.0,1.1811384648678125,,
2019-02-02,3627.629,4039678.0,411384.0,0.665,2.7,2.52,0.18,,16.139999389648438,95.58000183105467,2706.530029296875,3.8,1.5188615351321877,,,,,2026-07-25 07:39:39,,1.88,3.993031908411182,2.4,0.0,1.1811384648678125,,
2019-02-03,3627.629,4039678.0,411384.0,0.665,2.7,2.52,0.18,,16.139999389648438,95.58000183105467,2706.530029296875,3.8,1.5188615351321877,,,,,2026-07-25 07:39:39,,1.88,3.993031908411182,2.4,0.0,1.1811384648678125,,
2019-02-04,3623.779,4039678.0,411384.0,4.515,2.73,2.53,0.2,,15.729999542236328,95.8499984741211,2724.8701171875,3.8,1.5188615351321877,,,,,2026-07-25 07:39:39,,1.87,3.993031908411182,2.4,0.0,1.2111384648678123,,
2019-02-05,3626.608,4039678.0,411384.0,1.686,2.71,2.53,0.18,,15.56999969482422,96.0999984741211,2737.699951171875,3.8,1.5188615351321877,,,,,2026-07-25 07:39:39,,1.87,3.993031908411182,2.4,0.0,1.1911384648678125,,
2019-02-06,3670.528,4026350.0,353896.0,1.926,2.7,2.52,0.18,,15.380000114440918,96.41999816894533,2731.610107421875,3.8,1.5188615351321877,,,,,2026-07-25 07:39:39,,1.86,3.993031908411182,2.4,0.0,1.1811384648678125,,
2019-02-07,3670.134,4026350.0,353896.0,2.32,2.65,2.48,0.17,,16.3700008392334,96.51000213623048,2706.050048828125,3.8,1.5188615351321877,,,,,2026-07-25 07:39:39,,1.84,3.993031908411182,2.4,0.0,1.1311384648678122,,
2019-02-08,3670.438,4026350.0,353896.0,2.016,2.63,2.45,0.18,,15.720000267028809,96.63999938964844,2707.8798828125,3.8,1.5188615351321877,,,,,2026-07-25 07:39:39,,1.82,3.993031908411182,2.4,0.0,1.1111384648678122,,
2019-02-09,3670.438,4026350.0,353896.0,2.016,2.63,2.45,0.18,,15.720000267028809,96.63999938964844,2707.8798828125,3.8,1.5188615351321877,,,,,2026-07-25 07:39:39,,1.82,3.993031908411182,2.4,0.0,1.1111384648678122,,
2019-02-10,3670.438,4026350.0,353896.0,2.016,2.63,2.45,0.18,,15.720000267028809,96.63999938964844,2707.8798828125,3.8,1.5188615351321877,,,,,2026-07-25 07:39:39,,1.82,3.993031908411182,2.4,0.0,1.1111384648678122,,
2019-02-11,3670.448,4026350.0,353896.0,2.006,2.65,2.48,0.17,,15.970000267028809,97.05999755859376,2709.800048828125,3.8,1.5188615351321877,,,,,2026-07-25 07:39:39,,1.82,3.993031908411182,2.4,0.0,1.1311384648678122,,
2019-02-12,3670.796,4026350.0,353896.0,1.658,2.68,2.5,0.18,,15.43000030517578,96.70999908447266,2744.72998046875,3.8,1.5188615351321877,,,,,2026-07-25 07:39:39,,1.83,3.993031908411182,2.4,0.0,1.1611384648678125,,
2019-02-13,3651.615,4028431.0,375119.0,1.697,2.71,2.53,0.18,,15.649999618530272,97.12999725341795,2753.030029296875,3.8,1.5188615351321877,,,,,2026-07-25 07:39:40,,1.86,3.993031908411182,2.4,0.0,1.1911384648678125,,
2019-02-14,3651.971,4028431.0,375119.0,1.341,2.66,2.5,0.16,,16.219999313354492,96.9800033569336,2745.72998046875,3.8,1.5188615351321877,,,,,2026-07-25 07:39:40,,1.85,3.993031908411182,2.4,0.0,1.1411384648678125,,
2019-02-15,3648.041,4028431.0,375119.0,5.271,2.66,2.52,0.14,,14.90999984741211,96.91999816894533,2775.60009765625,3.8,1.5188615351321877,,,,,2026-07-25 07:39:40,,1.86,3.993031908411182,2.4,0.0,1.1411384648678125,,
2019-02-16,3648.041,4028431.0,375119.0,5.271,2.66,2.52,0.14,,14.90999984741211,96.91999816894533,2775.60009765625,3.8,1.5188615351321877,,,,,2026-07-25 07:39:40,,1.86,3.993031908411182,2.4,0.0,1.1411384648678125,,
2019-02-17,3648.041,4028431.0,375119.0,5.271,2.66,2.52,0.14,,14.90999984741211,96.91999816894533,2775.60009765625,3.8,1.5188615351321877,,,,,2026-07-25 07:39:40,,1.86,3.993031908411182,2.4,0.0,1.1411384648678125,,
2019-02-18,3648.041,4028431.0,375119.0,5.271,2.66,2.52,0.14,,14.90999984741211,96.91999816894533,2775.60009765625,3.8,1.5188615351321877,,,,,2026-07-25 07:39:40,,1.86,3.993031908411182,2.4,0.0,1.1411384648678125,,
2019-02-19,3651.345,4028431.0,375119.0,1.967,2.65,2.5,0.15,,14.880000114440918,96.5199966430664,2779.760009765625,3.8,1.5188615351321877,,,,,2026-07-25 07:39:40,,1.87,3.993031908411182,2.4,0.0,1.1311384648678122,,
2019-02-20,3648.142,3981420.0,331003.0,2.275,2.65,2.5,0.15,,14.020000457763672,96.4499969482422,2784.699951171875,3.8,1.5188615351321877,,,,,2026-07-25 07:39:40,,1.89,3.993031908411182,2.4,0.0,1.1311384648678122,,
2019-02-21,3648.692,3981420.0,331003.0,1.725,2.69,2.53,0.16,,14.460000038146973,96.61000061035156,2774.8798828125,3.8,1.5188615351321877,,,,,2026-07-25 07:39:40,,1.91,3.993031908411182,2.4,0.0,1.1711384648678125,,
2019-02-22,3643.752,3981420.0,331003.0,6.665,2.65,2.48,0.17,,13.510000228881836,96.51000213623048,2792.669921875,3.8,1.5188615351321877,,,,,2026-07-25 07:39:40,,1.91,3.993031908411182,2.4,0.0,1.1311384648678122,,
2019-02-23,3643.752,3981420.0,331003.0,6.665,2.65,2.48,0.17,,13.510000228881836,96.51000213623048,2792.669921875,3.8,1.5188615351321877,,,,,2026-07-25 07:39:40,,1.91,3.993031908411182,2.4,0.0,1.1311384648678122,,
2019-02-24,3643.752,3981420.0,331003.0,6.665,2.65,2.48,0.17,,13.510000228881836,96.51000213623048,2792.669921875,3.8,1.5188615351321877,,,,,2026-07-25 07:39:40,,1.91,3.993031908411182,2.4,0.0,1.1311384648678122,,
2019-02-25,3649.042,3981420.0,331003.0,1.375,2.67,2.51,0.16,,14.850000381469728,96.41000366210938,2796.110107421875,3.8,1.5188615351321877,,,,,2026-07-25 07:39:40,,1.92,3.993031908411182,2.4,0.0,1.1511384648678122,,
2019-02-26,3648.602,3981420.0,331003.0,1.815,2.64,2.48,0.16,,15.170000076293944,96.0,2793.89990234375,3.8,1.5188615351321877,,,,,2026-07-25 07:39:40,,1.92,3.993031908411182,2.4,0.0,1.1211384648678124,,
2019-02-27,3706.651,3974590.0,266024.0,1.915,2.69,2.5,0.19,,14.699999809265137,96.1500015258789,2792.3798828125,3.8,1.5188615351321877,,,,,2026-07-25 07:39:40,,1.93,3.993031908411182,2.4,0.0,1.1711384648678125,,
2019-02-28,3705.151,3974590.0,266024.0,3.415,2.73,2.52,0.21,,14.779999732971191,96.16000366210938,2784.489990234375,3.8,1.5188615351321877,,,,,2026-07-25 07:39:40,,1.95,3.993031908411182,2.4,0.0,1.2111384648678123,,
2019-03-01,3706.551,3974590.0,266024.0,2.015,2.76,2.55,0.21,,13.56999969482422,96.52999877929688,2803.68994140625,3.8,1.8831863513063984,,,,,2026-07-25 07:39:40,,1.96,3.8879016891819607,2.4,0.0,0.8768136486936013,,
2019-03-02,3706.551,3974590.0,266024.0,2.015,2.76,2.55,0.21,,13.56999969482422,96.52999877929688,2803.68994140625,3.8,1.8831863513063984,,,,,2026-07-25 07:39:40,,1.96,3.8879016891819607,2.4,0.0,0.8768136486936013,,
2019-03-03,3706.551,3974590.0,266024.0,2.015,2.76,2.55,0.21,,13.56999969482422,96.52999877929688,2803.68994140625,3.8,1.8831863513063984,,,,,2026-07-25 07:39:40,,1.96,3.8879016891819607,2.4,0.0,0.8768136486936013,,
2019-03-04,3705.649,3974590.0,266024.0,2.917,2.72,2.55,0.17,,14.630000114440918,96.68000030517578,2792.81005859375,3.8,1.8831863513063984,,,,,2026-07-25 07:39:40,,1.94,3.8879016891819607,2.4,0.0,0.8368136486936018,,
2019-03-05,3705.447,3974590.0,266024.0,3.119,2.72,2.55,0.17,,14.739999771118164,96.8499984741211,2789.64990234375,3.8,1.8831863513063984,,,,,2026-07-25 07:39:40,,1.93,3.8879016891819607,2.4,0.0,0.8368136486936018,,
2019-03-06,3753.408,3969134.0,213611.0,2.115,2.69,2.52,0.17,,15.739999771118164,96.87000274658205,2771.449951171875,3.8,1.8831863513063984,,,,,2026-07-25 07:39:40,,1.91,3.8879016891819607,2.4,0.0,0.8068136486936015,,
2019-03-07,3754.806,3969134.0,213611.0,0.717,2.64,2.47,0.17,,16.59000015258789,97.66999816894533,2748.929931640625,3.8,1.8831863513063984,,,,,2026-07-25 07:39:40,,1.9,3.8879016891819607,2.4,0.0,0.7568136486936017,,
2019-03-08,3755.508,3969134.0,213611.0,0.015,2.62,2.45,0.17,,16.049999237060547,97.37000274658205,2743.070068359375,3.8,1.8831863513063984,,,,,2026-07-25 07:39:40,,1.9,3.8879016891819607,2.4,0.0,0.7368136486936017,,
2019-03-09,3755.508,3969134.0,213611.0,0.015,2.62,2.45,0.17,,16.049999237060547,97.37000274658205,2743.070068359375,3.8,1.8831863513063984,,,,,2026-07-25 07:39:40,,1.9,3.8879016891819607,2.4,0.0,0.7368136486936017,,
2019-03-10,3755.508,3969134.0,213611.0,0.015,2.62,2.45,0.17,,16.049999237060547,97.37000274658205,2743.070068359375,3.8,1.8831863513063984,,,,,2026-07-25 07:39:40,,1.9,3.8879016891819607,2.4,0.0,0.7368136486936017,,
2019-03-11,3755.504,3969134.0,213611.0,0.019,2.64,2.47,0.17,,14.329999923706056,97.22000122070312,2783.300048828125,3.8,1.8831863513063984,,,,,2026-07-25 07:39:40,,1.91,3.8879016891819607,2.4,0.0,0.7568136486936017,,
2019-03-12,3755.496,3969134.0,213611.0,0.027,2.61,2.45,0.16,,13.770000457763672,96.94000244140624,2791.52001953125,3.8,1.8831863513063984,,,,,2026-07-25 07:39:40,,1.9,3.8879016891819607,2.4,0.0,0.7268136486936014,,
2019-03-13,3733.162,3971559.0,238381.0,0.016,2.61,2.45,0.16,,13.40999984741211,96.5500030517578,2810.919921875,3.8,1.8831863513063984,,,,,2026-07-25 07:39:40,,1.92,3.8879016891819607,2.4,0.0,0.7268136486936014,,
2019-03-14,3733.159000000001,3971559.0,238381.0,0.019,2.63,2.46,0.17,,13.5,96.79000091552734,2808.47998046875,3.8,1.8831863513063984,,,,,2026-07-25 07:39:40,,1.94,3.8879016891819607,2.4,0.0,0.7468136486936015,,
2019-03-15,3733.163000000001,3971559.0,238381.0,0.015,2.59,2.43,0.16,,12.880000114440918,96.5999984741211,2822.47998046875,3.8,1.8831863513063984,,,,,2026-07-25 07:39:40,,1.94,3.8879016891819607,2.4,0.0,0.7068136486936014,,
2019-03-16,3733.163000000001,3971559.0,238381.0,0.015,2.59,2.43,0.16,,12.880000114440918,96.5999984741211,2822.47998046875,3.8,1.8831863513063984,,,,,2026-07-25 07:39:40,,1.94,3.8879016891819607,2.4,0.0,0.7068136486936014,,
2019-03-17,3733.163000000001,3971559.0,238381.0,0.015,2.59,2.43,0.16,,12.880000114440918,96.5999984741211,2822.47998046875,3.8,1.8831863513063984,,,,,2026-07-25 07:39:40,,1.94,3.8879016891819607,2.4,0.0,0.7068136486936014,,
2019-03-18,3730.009000000001,3971559.0,238381.0,3.169,2.6,2.45,0.15,,13.100000381469728,96.5199966430664,2832.93994140625,3.8,1.8831863513063984,,,,,2026-07-25 07:39:40,,1.96,3.8879016891819607,2.4,0.0,0.7168136486936016,,
2019-03-19,3730.663000000001,3971559.0,238381.0,2.515,2.61,2.46,0.15,,13.5600004196167,96.37999725341795,2832.570068359375,3.8,1.8831863513063984,,,,,2026-07-25 07:39:40,,1.95,3.8879016891819607,2.4,0.0,0.7268136486936014,,
2019-03-20,3647.382,3962748.0,314749.0,0.617,2.54,2.4,0.14,,13.90999984741211,95.76000213623048,2824.22998046875,3.8,1.8831863513063984,,,,,2026-07-25 07:39:40,,1.96,3.8879016891819607,2.41,0.0100000000000002,0.6568136486936016,,
2019-03-21,3647.588,3962748.0,314749.0,0.411,2.54,2.41,0.13,,13.630000114440918,96.5,2854.8798828125,3.8,1.8831863513063984,,,,,2026-07-25 07:39:40,,1.96,3.8879016891819607,2.41,0.0100000000000002,0.6568136486936016,,
2019-03-22,3642.983,3962748.0,314749.0,5.016,2.44,2.31,0.13,,16.479999542236328,96.6500015258789,2800.7099609375,3.8,1.8831863513063984,,,,,2026-07-25 07:39:40,,1.9,3.8879016891819607,2.41,0.0100000000000002,0.5568136486936015,,
2019-03-23,3642.983,3962748.0,314749.0,5.016,2.44,2.31,0.13,,16.479999542236328,96.6500015258789,2800.7099609375,3.8,1.8831863513063984,,,,,2026-07-25 07:39:40,,1.9,3.8879016891819607,2.41,0.0100000000000002,0.5568136486936015,,
2019-03-24,3642.983,3962748.0,314749.0,5.016,2.44,2.31,0.13,,16.479999542236328,96.6500015258789,2800.7099609375,3.8,1.8831863513063984,,,,,2026-07-25 07:39:40,,1.9,3.8879016891819607,2.41,0.0100000000000002,0.5568136486936015,,
2019-03-25,3647.87,3962748.0,314749.0,0.129,2.43,2.26,0.17,,16.329999923706055,96.56999969482422,2798.360107421875,3.8,1.8831863513063984,,,,,2026-07-25 07:39:40,,1.88,3.8879016891819607,2.4,0.0,0.5468136486936017,,
2019-03-26,3647.433,3962748.0,314749.0,0.566,2.41,2.24,0.17,,14.68000030517578,96.73999786376952,2818.4599609375,3.8,1.8831863513063984,,,,,2026-07-25 07:39:40,,1.86,3.8879016891819607,2.4,0.0,0.5268136486936017,,
2019-03-27,3659.858,3955617.0,295593.0,0.166,2.39,2.22,0.17,,15.149999618530272,96.7699966430664,2805.3701171875,3.8,1.8831863513063984,,,,,2026-07-25 07:39:40,,1.84,3.8879016891819607,2.41,0.0100000000000002,0.5068136486936017,,
2019-03-28,3659.509000000001,3955617.0,295593.0,0.515,2.39,2.23,0.16,,14.43000030517578,97.1999969482422,2815.43994140625,3.8,1.8831863513063984,,,,,2026-07-25 07:39:40,,1.83,3.8879016891819607,2.41,0.0100000000000002,0.5068136486936017,,
2019-03-29,3659.293,3955617.0,295593.0,0.731,2.41,2.27,0.14,,13.710000038146973,97.27999877929688,2834.39990234375,3.8,1.8831863513063984,,,,,2026-07-25 07:39:40,,1.88,3.8879016891819607,2.43,0.0300000000000002,0.5268136486936017,,
2019-03-30,3659.293,3955617.0,295593.0,0.731,2.41,2.27,0.14,,13.710000038146973,97.27999877929688,2834.39990234375,3.8,1.8831863513063984,,,,,2026-07-25 07:39:40,,1.88,3.8879016891819607,2.43,0.0300000000000002,0.5268136486936017,,
2019-03-31,3659.293,3955617.0,295593.0,0.731,2.41,2.27,0.14,,13.710000038146973,97.27999877929688,2834.39990234375,3.8,1.8831863513063984,,,,,2026-07-25 07:39:40,,1.88,3.8879016891819607,2.43,0.0300000000000002,0.5268136486936017,,
2019-04-01,3660.013,3955617.0,295593.0,0.011,2.49,2.33,0.16,,13.399999618530272,97.25,2867.18994140625,3.7,2.000583470209061,,,,,2026-07-25 07:39:40,,1.9,3.981219586916418,2.41,0.0100000000000002,0.4894165297909394,,
2019-04-02,3660.005000000001,3955617.0,295593.0,0.019,2.48,2.3,0.18,,13.359999656677246,97.36000061035156,2867.239990234375,3.7,2.000583470209061,,,,,2026-07-25 07:39:40,,1.9,3.981219586916418,2.41,0.0100000000000002,0.4794165297909392,,
2019-04-03,3665.023,3935509.0,270470.0,0.016,2.52,2.33,0.19,,13.739999771118164,97.08999633789062,2873.39990234375,3.7,2.000583470209061,,,,,2026-07-25 07:39:40,,1.91,3.981219586916418,2.41,0.0100000000000002,0.5194165297909392,,
2019-04-04,3664.424,3935509.0,270470.0,0.615,2.51,2.33,0.18,,13.579999923706056,97.30999755859376,2879.389892578125,3.7,2.000583470209061,,,,,2026-07-25 07:39:40,,1.9,3.981219586916418,2.41,0.0100000000000002,0.509416529790939,,
2019-04-05,3665.024,3935509.0,270470.0,0.015,2.5,2.35,0.15,,12.81999969482422,97.4000015258789,2892.739990234375,3.7,2.000583470209061,,,,,2026-07-25 07:39:40,,1.9,3.981219586916418,2.41,0.0100000000000002,0.4994165297909392,,
2019-04-06,3665.024,3935509.0,270470.0,0.015,2.5,2.35,0.15,,12.81999969482422,97.4000015258789,2892.739990234375,3.7,2.000583470209061,,,,,2026-07-25 07:39:40,,1.9,3.981219586916418,2.41,0.0100000000000002,0.4994165297909392,,
2019-04-07,3665.024,3935509.0,270470.0,0.015,2.5,2.35,0.15,,12.81999969482422,97.4000015258789,2892.739990234375,3.7,2.000583470209061,,,,,2026-07-25 07:39:40,,1.9,3.981219586916418,2.41,0.0100000000000002,0.4994165297909392,,
2019-04-08,3664.755,3935509.0,270470.0,0.284,2.52,2.36,0.16,,13.18000030517578,97.0500030517578,2895.77001953125,3.7,2.000583470209061,,,,,2026-07-25 07:39:40,,1.91,3.981219586916418,2.41,0.0100000000000002,0.5194165297909392,,
2019-04-09,3664.629,3935509.0,270470.0,0.41,2.51,2.35,0.16,,14.279999732971191,97.01000213623048,2878.199951171875,3.7,2.000583470209061,,,,,2026-07-25 07:39:40,,1.91,3.981219586916418,2.41,0.0100000000000002,0.509416529790939,,
2019-04-10,3688.389,3936784.0,245664.0,2.731,2.48,2.31,0.17,,13.300000190734863,96.9499969482422,2888.2099609375,3.7,2.000583470209061,,,,,2026-07-25 07:39:40,,1.94,3.981219586916418,2.41,0.0100000000000002,0.4794165297909392,,
2019-04-11,3690.998,3936784.0,245664.0,0.122,2.51,2.35,0.16,,13.020000457763672,97.18000030517578,2888.320068359375,3.7,2.000583470209061,,,,,2026-07-25 07:39:40,,1.94,3.981219586916418,2.41,0.0100000000000002,0.509416529790939,,
2019-04-12,3691.104,3936784.0,245664.0,0.016,2.56,2.4,0.16,,12.010000228881836,96.97000122070312,2907.409912109375,3.7,2.000583470209061,,,,,2026-07-25 07:39:40,,1.95,3.981219586916418,2.41,0.0100000000000002,0.5594165297909393,,
2019-04-13,3691.104,3936784.0,245664.0,0.016,2.56,2.4,0.16,,12.010000228881836,96.97000122070312,2907.409912109375,3.7,2.000583470209061,,,,,2026-07-25 07:39:40,,1.95,3.981219586916418,2.41,0.0100000000000002,0.5594165297909393,,
2019-04-14,3691.104,3936784.0,245664.0,0.016,2.56,2.4,0.16,,12.010000228881836,96.97000122070312,2907.409912109375,3.7,2.000583470209061,,,,,2026-07-25 07:39:40,,1.95,3.981219586916418,2.41,0.0100000000000002,0.5594165297909393,,
2019-04-15,3691.102,3936784.0,245664.0,0.018,2.55,2.4,0.15,,12.31999969482422,96.94000244140624,2905.580078125,3.7,2.000583470209061,,,,,2026-07-25 07:39:40,,1.94,3.981219586916418,2.41,0.0100000000000002,0.549416529790939,,
2019-04-16,3690.42,3936784.0,245664.0,0.7,2.6,2.41,0.19,,12.18000030517578,97.04000091552734,2907.06005859375,3.7,2.000583470209061,,,,,2026-07-25 07:39:41,,1.96,3.981219586916418,2.41,0.0100000000000002,0.5994165297909393,,
2019-04-17,3562.447000000001,3931827.0,369365.0,0.015,2.59,2.4,0.19,,12.600000381469728,97.01000213623048,2900.449951171875,3.7,2.000583470209061,,,,,2026-07-25 07:39:41,,1.94,3.981219586916418,2.42,0.02,0.5894165297909391,,
2019-04-18,3562.447000000001,3931827.0,369365.0,0.015,2.57,2.38,0.19,,12.09000015258789,97.47000122070312,2905.030029296875,3.7,2.000583470209061,,,,,2026-07-25 07:39:41,,1.95,3.981219586916418,2.43,0.0300000000000002,0.569416529790939,,
2019-04-19,3562.447000000001,3931827.0,369365.0,0.015,2.57,2.38,0.19,,12.09000015258789,97.47000122070312,2905.030029296875,3.7,2.000583470209061,,,,,2026-07-25 07:39:41,,1.95,3.981219586916418,2.44,0.0299999999999998,0.569416529790939,,
2019-04-20,3562.447000000001,3931827.0,369365.0,0.015,2.57,2.38,0.19,,12.09000015258789,97.47000122070312,2905.030029296875,3.7,2.000583470209061,,,,,2026-07-25 07:39:41,,1.95,3.981219586916418,2.44,0.0299999999999998,0.569416529790939,,
2019-04-21,3562.447000000001,3931827.0,369365.0,0.015,2.57,2.38,0.19,,12.09000015258789,97.47000122070312,2905.030029296875,3.7,2.000583470209061,,,,,2026-07-25 07:39:41,,1.95,3.981219586916418,2.44,0.0299999999999998,0.569416529790939,,
2019-04-22,3561.3450000000003,3931827.0,369365.0,1.117,2.59,2.38,0.21,,12.420000076293944,97.27999877929688,2907.969970703125,3.7,2.000583470209061,,,,,2026-07-25 07:39:41,,1.95,3.981219586916418,2.44,0.0299999999999998,0.5894165297909391,,
2019-04-23,3556.7720000000004,3931827.0,369365.0,5.69,2.57,2.36,0.21,,12.279999732971191,97.56999969482422,2933.679931640625,3.7,2.000583470209061,,,,,2026-07-25 07:39:41,,1.95,3.981219586916418,2.44,0.0299999999999998,0.569416529790939,,
2019-04-24,3519.842,3928273.0,398916.0,9.515,2.53,2.32,0.21,,13.140000343322754,98.0999984741211,2927.25,3.7,2.000583470209061,,,,,2026-07-25 07:39:41,,1.96,3.981219586916418,2.44,0.04,0.529416529790939,,
2019-04-25,3528.747,3928273.0,398916.0,0.61,2.54,2.33,0.21,,13.25,98.1999969482422,2926.169921875,3.7,2.000583470209061,,,,,2026-07-25 07:39:41,,1.98,3.981219586916418,2.44,0.04,0.5394165297909392,,
2019-04-26,3528.442,3928273.0,398916.0,0.915,2.51,2.28,0.23,,12.729999542236328,98.01000213623048,2939.8798828125,3.7,2.000583470209061,,,,,2026-07-25 07:39:41,,1.97,3.981219586916418,2.44,0.0299999999999998,0.509416529790939,,
2019-04-27,3528.442,3928273.0,398916.0,0.915,2.51,2.28,0.23,,12.729999542236328,98.01000213623048,2939.8798828125,3.7,2.000583470209061,,,,,2026-07-25 07:39:41,,1.97,3.981219586916418,2.44,0.0299999999999998,0.509416529790939,,
2019-04-28,3528.442,3928273.0,398916.0,0.915,2.51,2.28,0.23,,12.729999542236328,98.01000213623048,2939.8798828125,3.7,2.000583470209061,,,,,2026-07-25 07:39:41,,1.97,3.981219586916418,2.44,0.0099999999999997,0.509416529790939,,
2019-04-29,3528.742,3928273.0,398916.0,0.615,2.54,2.3,0.24,,13.109999656677246,97.86000061035156,2943.030029296875,3.7,2.000583470209061,,,,,2026-07-25 07:39:41,,1.96,3.981219586916418,2.45,0.02,0.5394165297909392,,
2019-04-30,3529.342,3928273.0,398916.0,0.015,2.51,2.27,0.24,,13.119999885559082,97.4800033569336,2945.830078125,3.7,2.000583470209061,,,,,2026-07-25 07:39:41,,1.95,3.981219586916418,2.45,0.02,0.509416529790939,,
2019-05-01,3520.8999999999996,3889691.0,368764.0,0.027,2.52,2.31,0.21,,14.800000190734863,97.69000244140624,2923.72998046875,3.6,1.7959105553606136,,,,,2026-07-25 07:39:41,,1.93,4.342766313757762,2.45,0.04,0.7240894446393864,,
2019-05-02,3520.9039999999995,3889691.0,368764.0,0.023,2.55,2.35,0.2,,14.420000076293944,97.83000183105467,2917.52001953125,3.6,1.7959105553606136,,,,,2026-07-25 07:39:41,,1.89,4.342766313757762,2.41,0.0,0.7540894446393862,,
2019-05-03,3520.9169999999995,3889691.0,368764.0,0.01,2.54,2.33,0.21,,12.869999885559082,97.5199966430664,2945.639892578125,3.6,1.7959105553606136,,,,,2026-07-25 07:39:41,,1.91,4.342766313757762,2.4,-0.0100000000000002,0.7440894446393864,,
2019-05-04,3520.9169999999995,3889691.0,368764.0,0.01,2.54,2.33,0.21,,12.869999885559082,97.5199966430664,2945.639892578125,3.6,1.7959105553606136,,,,,2026-07-25 07:39:41,,1.91,4.342766313757762,2.4,-0.0100000000000002,0.7440894446393864,,
2019-05-05,3520.9169999999995,3889691.0,368764.0,0.01,2.54,2.33,0.21,,12.869999885559082,97.5199966430664,2945.639892578125,3.6,1.7959105553606136,,,,,2026-07-25 07:39:41,,1.91,4.342766313757762,2.4,-0.0100000000000002,0.7440894446393864,,
2019-05-06,3520.8599999999997,3889691.0,368764.0,0.067,2.51,2.31,0.2,,15.4399995803833,97.5199966430664,2932.469970703125,3.6,1.7959105553606136,,,,,2026-07-25 07:39:41,,1.91,4.342766313757762,2.4,-0.0100000000000002,0.7140894446393862,,
2019-05-07,3519.966,3889691.0,368764.0,0.961,2.45,2.28,0.17,,19.31999969482422,97.62999725341795,2884.050048828125,3.6,1.7959105553606136,,,,,2026-07-25 07:39:41,,1.87,4.342766313757762,2.4,-0.0100000000000002,0.6540894446393866,,
2019-05-08,3547.734,3892216.0,344461.0,0.021,2.49,2.3,0.19,,19.399999618530273,97.62000274658205,2879.419921875,3.6,1.7959105553606136,,,,,2026-07-25 07:39:41,,1.87,4.342766313757762,2.39,-0.02,0.6940894446393866,,
2019-05-09,3547.239,3892216.0,344461.0,0.516,2.45,2.26,0.19,,19.100000381469727,97.37000274658205,2870.719970703125,3.6,1.7959105553606136,,,,,2026-07-25 07:39:41,,1.85,4.342766313757762,2.38,-0.0300000000000002,0.6540894446393866,,
2019-05-10,3547.484,3892216.0,344461.0,0.271,2.47,2.26,0.21,,16.040000915527344,97.33000183105467,2881.39990234375,3.6,1.7959105553606136,,,,,2026-07-25 07:39:41,,1.88,4.342766313757762,2.38,-0.0300000000000002,0.6740894446393866,,
2019-05-11,3547.484,3892216.0,344461.0,0.271,2.47,2.26,0.21,,16.040000915527344,97.33000183105467,2881.39990234375,3.6,1.7959105553606136,,,,,2026-07-25 07:39:41,,1.88,4.342766313757762,2.38,-0.0300000000000002,0.6740894446393866,,
2019-05-12,3547.484,3892216.0,344461.0,0.271,2.47,2.26,0.21,,16.040000915527344,97.33000183105467,2881.39990234375,3.6,1.7959105553606136,,,,,2026-07-25 07:39:41,,1.88,4.342766313757762,2.38,-0.0300000000000002,0.6740894446393866,,
2019-05-13,3547.644,3892216.0,344461.0,0.111,2.4,2.18,0.22,,20.549999237060547,97.31999969482422,2811.8701171875,3.6,1.7959105553606136,,,,,2026-07-25 07:39:41,,1.85,4.342766313757762,2.38,-0.0300000000000002,0.6040894446393863,,
2019-05-14,3546.385,3892216.0,344461.0,1.37,2.42,2.2,0.22,,18.059999465942383,97.52999877929688,2834.409912109375,3.6,1.7959105553606136,,,,,2026-07-25 07:39:41,,1.86,4.342766313757762,2.38,-0.0300000000000002,0.6240894446393863,,
2019-05-15,3569.3199999999997,3864749.0,294969.0,0.46,2.37,2.16,0.21,,16.440000534057617,97.56999969482422,2850.9599609375,3.6,1.7959105553606136,,,,,2026-07-25 07:39:41,,1.83,4.342766313757762,2.4,-0.0100000000000002,0.5740894446393865,,
2019-05-16,3568.0299999999997,3864749.0,294969.0,1.75,2.4,2.2,0.2,,15.289999961853027,97.83999633789062,2876.320068359375,3.6,1.7959105553606136,,,,,2026-07-25 07:39:41,,1.84,4.342766313757762,2.39,-0.02,0.6040894446393863,,
2019-05-17,3560.08,3864749.0,294969.0,9.7,2.39,2.2,0.19,,15.960000038146973,98.0,2859.530029296875,3.6,1.7959105553606136,,,,,2026-07-25 07:39:41,,1.81,4.342766313757762,2.39,-0.0299999999999998,0.5940894446393865,,
2019-05-18,3560.08,3864749.0,294969.0,9.7,2.39,2.2,0.19,,15.960000038146973,98.0,2859.530029296875,3.6,1.7959105553606136,,,,,2026-07-25 07:39:41,,1.81,4.342766313757762,2.39,-0.04,0.5940894446393865,,
2019-05-19,3560.08,3864749.0,294969.0,9.7,2.39,2.2,0.19,,15.960000038146973,98.0,2859.530029296875,3.6,1.7959105553606136,,,,,2026-07-25 07:39:41,,1.81,4.342766313757762,2.39,-0.0499999999999998,0.5940894446393865,,
2019-05-20,3561.6749999999997,3864749.0,294969.0,8.105,2.41,2.21,0.2,,16.309999465942383,97.93000030517578,2840.22998046875,3.6,1.7959105553606136,,,,,2026-07-25 07:39:41,,1.81,4.342766313757762,2.39,-0.0499999999999998,0.6140894446393865,,
2019-05-21,3566.075,3864749.0,294969.0,3.705,2.43,2.26,0.17,,14.949999809265137,98.05999755859376,2864.360107421875,3.6,1.7959105553606136,,,,,2026-07-25 07:39:41,,1.83,4.342766313757762,2.39,-0.0499999999999998,0.6340894446393865,,
2019-05-22,3592.1029999999996,3860435.0,264581.0,3.751,2.39,2.23,0.16,,14.75,98.11000061035156,2856.27001953125,3.6,1.7959105553606136,,,,,2026-07-25 07:39:41,,1.79,4.342766313757762,2.38,-0.06,0.5940894446393865,,
2019-05-23,3590.924,3860435.0,264581.0,4.93,2.31,2.12,0.19,,16.920000076293945,97.8499984741211,2822.239990234375,3.6,1.7959105553606136,,,,,2026-07-25 07:39:41,,1.73,4.342766313757762,2.38,-0.06,0.5140894446393864,,
2019-05-24,3589.8979999999997,3860435.0,264581.0,5.956,2.32,2.16,0.16,,15.850000381469728,97.61000061035156,2826.06005859375,3.6,1.7959105553606136,,,,,2026-07-25 07:39:41,,1.76,4.342766313757762,2.38,-0.06,0.5240894446393862,,
2019-05-25,3589.8979999999997,3860435.0,264581.0,5.956,2.32,2.16,0.16,,15.850000381469728,97.61000061035156,2826.06005859375,3.6,1.7959105553606136,,,,,2026-07-25 07:39:41,,1.76,4.342766313757762,2.38,-0.06,0.5240894446393862,,
2019-05-26,3589.8979999999997,3860435.0,264581.0,5.956,2.32,2.16,0.16,,15.850000381469728,97.61000061035156,2826.06005859375,3.6,1.7959105553606136,,,,,2026-07-25 07:39:41,,1.76,4.342766313757762,2.38,-0.06,0.5240894446393862,,
2019-05-27,3589.8979999999997,3860435.0,264581.0,5.956,2.32,2.16,0.16,,15.850000381469728,97.61000061035156,2826.06005859375,3.6,1.7959105553606136,,,,,2026-07-25 07:39:41,,1.76,4.342766313757762,2.38,-0.06,0.5240894446393862,,
2019-05-28,3594.334,3860435.0,264581.0,1.52,2.26,2.12,0.14,,17.5,97.95999908447266,2802.389892578125,3.6,1.7959105553606136,,,,,2026-07-25 07:39:41,,1.73,4.342766313757762,2.39,-0.0499999999999998,0.4640894446393862,,
2019-05-29,3600.207,3851444.0,249011.0,2.226,2.25,2.09,0.16,,17.899999618530273,98.13999938964844,2783.02001953125,3.6,1.7959105553606136,,,,,2026-07-25 07:39:41,,1.75,4.342766313757762,2.39,-0.06,0.4540894446393864,,
2019-05-30,3601.407,3851444.0,249011.0,1.026,2.22,2.06,0.16,,17.299999237060547,98.13999938964844,2788.860107421875,3.6,1.7959105553606136,,,,,2026-07-25 07:39:41,,1.74,4.342766313757762,2.39,-0.06,0.4240894446393866,,
2019-05-31,3601.578,3851444.0,249011.0,0.855,2.14,1.95,0.19,,18.709999084472656,97.75,2752.06005859375,3.6,1.7959105553606136,,,,,2026-07-25 07:39:41,,1.74,4.342766313757762,2.4,-0.0500000000000002,0.3440894446393865,,
2019-06-01,3601.578,3851444.0,249011.0,0.855,2.14,1.95,0.19,,18.709999084472656,97.75,2752.06005859375,3.6,1.671194894390049,,,,,2026-07-25 07:39:41,,1.74,4.708145884616455,2.4,-0.0100000000000002,0.4688051056099511,,
2019-06-02,3601.578,3851444.0,249011.0,0.855,2.14,1.95,0.19,,18.709999084472656,97.75,2752.06005859375,3.6,1.671194894390049,,,,,2026-07-25 07:39:41,,1.74,4.708145884616455,2.4,0.0,0.4688051056099511,,
2019-06-03,3601.178,3851444.0,249011.0,1.255,2.07,1.82,0.25,,18.86000061035156,97.13999938964844,2744.449951171875,3.6,1.671194894390049,,,,,2026-07-25 07:39:41,,1.73,4.708145884616455,2.38,-0.02,0.3988051056099508,,
2019-06-04,3600.542,3851444.0,249011.0,1.891,2.12,1.88,0.24,,16.969999313354492,97.06999969482422,2803.27001953125,3.6,1.671194894390049,,,,,2026-07-25 07:39:41,,1.74,4.708145884616455,2.38,-0.02,0.4488051056099511,,
2019-06-05,3637.743,3847645.0,207647.0,2.255,2.12,1.83,0.29,,16.09000015258789,97.37000274658205,2826.14990234375,3.6,1.671194894390049,,,,,2026-07-25 07:39:41,,1.75,4.708145884616455,2.38,-0.02,0.4488051056099511,,
2019-06-06,3637.788,3847645.0,207647.0,2.21,2.12,1.88,0.24,,15.93000030517578,97.02999877929688,2843.489990234375,3.6,1.671194894390049,,,,,2026-07-25 07:39:41,,1.73,4.708145884616455,2.37,-0.0299999999999998,0.4488051056099511,,
2019-06-07,3638.088,3847645.0,207647.0,1.91,2.09,1.85,0.24,,16.299999237060547,96.61000061035156,2873.340087890625,3.6,1.671194894390049,,,,,2026-07-25 07:39:42,,1.74,4.708145884616455,2.37,-0.02,0.4188051056099509,,
2019-06-08,3638.088,3847645.0,207647.0,1.91,2.09,1.85,0.24,,16.299999237060547,96.61000061035156,2873.340087890625,3.6,1.671194894390049,,,,,2026-07-25 07:39:42,,1.74,4.708145884616455,2.37,-0.0099999999999997,0.4188051056099509,,
2019-06-09,3638.088,3847645.0,207647.0,1.91,2.09,1.85,0.24,,16.299999237060547,96.61000061035156,2873.340087890625,3.6,1.671194894390049,,,,,2026-07-25 07:39:42,,1.74,4.708145884616455,2.37,-0.0099999999999997,0.4188051056099509,,
2019-06-10,3637.893,3847645.0,207647.0,2.105,2.15,1.9,0.25,,15.9399995803833,96.76000213623048,2886.72998046875,3.6,1.671194894390049,,,,,2026-07-25 07:39:42,,1.73,4.708145884616455,2.37,-0.0099999999999997,0.4788051056099509,,
2019-06-11,3638.991,3847645.0,207647.0,1.007,2.15,1.93,0.22,,15.989999771118164,96.69000244140624,2885.719970703125,3.6,1.671194894390049,,,,,2026-07-25 07:39:42,,1.72,4.708145884616455,2.37,-0.0099999999999997,0.4788051056099509,,
2019-06-12,3675.188,3849955.0,173062.0,1.705,2.13,1.88,0.25,,15.90999984741211,97.0,2879.840087890625,3.6,1.671194894390049,,,,,2026-07-25 07:39:42,,1.71,4.708145884616455,2.37,-0.0099999999999997,0.4588051056099509,,
2019-06-13,3675.238,3849955.0,173062.0,1.655,2.1,1.83,0.27,,15.81999969482422,97.01000213623048,2891.639892578125,3.6,1.671194894390049,,,,,2026-07-25 07:39:42,,1.68,4.708145884616455,2.37,-0.0099999999999997,0.4288051056099511,,
2019-06-14,3675.236,3849955.0,173062.0,1.657,2.09,1.84,0.25,,15.279999732971191,97.56999969482422,2886.97998046875,3.6,1.671194894390049,,,,,2026-07-25 07:39:42,,1.63,4.708145884616455,2.36,-0.04,0.4188051056099509,,
2019-06-15,3675.236,3849955.0,173062.0,1.657,2.09,1.84,0.25,,15.279999732971191,97.56999969482422,2886.97998046875,3.6,1.671194894390049,,,,,2026-07-25 07:39:42,,1.63,4.708145884616455,2.36,-0.0300000000000002,0.4188051056099509,,
2019-06-16,3675.236,3849955.0,173062.0,1.657,2.09,1.84,0.25,,15.279999732971191,97.56999969482422,2886.97998046875,3.6,1.671194894390049,,,,,2026-07-25 07:39:42,,1.63,4.708145884616455,2.36,-0.0300000000000002,0.4188051056099509,,
2019-06-17,3674.624,3849955.0,173062.0,2.269,2.09,1.86,0.23,,15.350000381469728,97.55999755859376,2889.669921875,3.6,1.671194894390049,,,,,2026-07-25 07:39:42,,1.61,4.708145884616455,2.38,-0.0100000000000002,0.4188051056099509,,
2019-06-18,3658.887,3849955.0,173062.0,18.006,2.06,1.86,0.2,,15.149999618530272,97.63999938964844,2917.75,3.6,1.671194894390049,,,,,2026-07-25 07:39:42,,1.64,4.708145884616455,2.37,-0.02,0.3888051056099511,,
2019-06-19,3563.018,3844016.0,258641.0,22.357,2.03,1.74,0.29,,14.329999923706056,97.12000274658205,2926.4599609375,3.6,1.671194894390049,,,,,2026-07-25 07:39:42,,1.67,4.708145884616455,2.37,-0.02,0.3588051056099508,,
2019-06-20,3557.945,3844016.0,258641.0,27.43,2.01,1.72,0.29,,14.75,96.62999725341795,2954.179931640625,3.6,1.671194894390049,,,,,2026-07-25 07:39:42,,1.74,4.708145884616455,2.37,-0.02,0.3388051056099508,,
2019-06-21,3564.02,3844016.0,258641.0,21.355,2.07,1.77,0.3,,15.399999618530272,96.22000122070312,2950.4599609375,3.6,1.671194894390049,,,,,2026-07-25 07:39:42,,1.73,4.708145884616455,2.38,0.0,0.3988051056099508,,
2019-06-22,3564.02,3844016.0,258641.0,21.355,2.07,1.77,0.3,,15.399999618530272,96.22000122070312,2950.4599609375,3.6,1.671194894390049,,,,,2026-07-25 07:39:42,,1.73,4.708145884616455,2.38,0.0,0.3988051056099508,,
2019-06-23,3564.02,3844016.0,258641.0,21.355,2.07,1.77,0.3,,15.399999618530272,96.22000122070312,2950.4599609375,3.6,1.671194894390049,,,,,2026-07-25 07:39:42,,1.73,4.708145884616455,2.38,0.0,0.3988051056099508,,
2019-06-24,3574.219,3844016.0,258641.0,11.156,2.02,1.72,0.3,,15.260000228881836,95.9800033569336,2945.35009765625,3.6,1.671194894390049,,,,,2026-07-25 07:39:42,,1.71,4.708145884616455,2.38,0.0,0.348805105609951,,
2019-06-25,3578.975,3844016.0,258641.0,6.4,2.0,1.71,0.29,,16.280000686645508,96.16000366210938,2917.3798828125,3.6,1.671194894390049,,,,,2026-07-25 07:39:42,,1.67,4.708145884616455,2.38,0.0,0.328805105609951,,
2019-06-26,3578.124,3826817.0,240909.0,7.784,2.05,1.77,0.28,,16.209999084472656,96.20999908447266,2913.780029296875,3.6,1.671194894390049,,,,,2026-07-25 07:39:42,,1.7,4.708145884616455,2.38,0.0,0.3788051056099508,,
2019-06-27,3569.114,3826817.0,240909.0,16.794,2.01,1.74,0.27,,15.81999969482422,96.19000244140624,2924.919921875,3.6,1.671194894390049,,,,,2026-07-25 07:39:42,,1.68,4.708145884616455,2.38,-0.0100000000000002,0.3388051056099508,,
2019-06-28,3541.601,3826817.0,240909.0,44.307,2.0,1.75,0.25,,15.079999923706056,96.12999725341795,2941.760009765625,3.6,1.671194894390049,,,,,2026-07-25 07:39:42,,1.69,4.708145884616455,2.4,0.0099999999999997,0.328805105609951,,
2019-06-29,3541.601,3826817.0,240909.0,44.307,2.0,1.75,0.25,,15.079999923706056,96.12999725341795,2941.760009765625,3.6,1.671194894390049,,,,,2026-07-25 07:39:42,,1.69,4.708145884616455,2.4,0.0099999999999997,0.328805105609951,,
2019-06-30,3541.601,3826817.0,240909.0,44.307,2.0,1.75,0.25,,15.079999923706056,96.12999725341795,2941.760009765625,3.6,1.671194894390049,,,,,2026-07-25 07:39:42,,1.69,4.708145884616455,2.4,0.0,0.328805105609951,,
2019-07-01,3570.071,3826817.0,240909.0,15.837,2.03,1.78,0.25,,14.0600004196167,96.83999633789062,2964.330078125,3.7,1.826331335037068,,,,,2026-07-25 07:39:42,,1.69,5.024480408618226,2.39,-0.0099999999999997,0.2036686649629318,,
2019-07-02,3577.748,3826817.0,240909.0,8.16,1.98,1.77,0.21,,12.93000030517578,96.7300033569336,2973.010009765625,3.7,1.826331335037068,,,,,2026-07-25 07:39:42,,1.65,5.024480408618226,2.4,0.0,0.1536686649629319,,
2019-07-03,3585.4379999999996,3813198.0,220911.0,6.849,1.96,1.77,0.19,,12.56999969482422,96.7699966430664,2995.820068359375,3.7,1.826331335037068,,,,,2026-07-25 07:39:42,,1.65,5.024480408618226,2.41,0.0300000000000002,0.1336686649629319,,
2019-07-04,3585.4379999999996,3813198.0,220911.0,6.849,1.96,1.77,0.19,,12.56999969482422,96.7699966430664,2995.820068359375,3.7,1.826331335037068,,,,,2026-07-25 07:39:42,,1.65,5.024480408618226,2.41,0.0300000000000002,0.1336686649629319,,
2019-07-05,3586.1319999999996,3813198.0,220911.0,6.155,2.04,1.87,0.17,,13.279999732971191,97.25,2990.409912109375,3.7,1.826331335037068,,,,,2026-07-25 07:39:42,,1.69,5.024480408618226,2.42,0.04,0.213668664962932,,
2019-07-06,3586.1319999999996,3813198.0,220911.0,6.155,2.04,1.87,0.17,,13.279999732971191,97.25,2990.409912109375,3.7,1.826331335037068,,,,,2026-07-25 07:39:42,,1.69,5.024480408618226,2.42,0.0499999999999998,0.213668664962932,,
2019-07-07,3586.1319999999996,3813198.0,220911.0,6.155,2.04,1.87,0.17,,13.279999732971191,97.25,2990.409912109375,3.7,1.826331335037068,,,,,2026-07-25 07:39:42,,1.69,5.024480408618226,2.42,0.0499999999999998,0.213668664962932,,
2019-07-08,3585.787,3813198.0,220911.0,6.5,2.05,1.88,0.17,,13.960000038146973,97.37999725341795,2975.949951171875,3.7,1.826331335037068,,,,,2026-07-25 07:39:42,,1.7,5.024480408618226,2.41,0.04,0.2236686649629318,,
2019-07-09,3585.711,3813198.0,220911.0,6.576,2.07,1.92,0.15,,14.09000015258789,97.48999786376952,2979.6298828125,3.7,1.826331335037068,,,,,2026-07-25 07:39:42,,1.71,5.024480408618226,2.41,0.04,0.2436686649629318,,
2019-07-10,3613.56,3815038.0,195226.0,6.252,2.07,1.82,0.25,,13.029999732971191,97.0999984741211,2993.070068359375,3.7,1.826331335037068,,,,,2026-07-25 07:39:42,,1.74,5.024480408618226,2.41,0.04,0.2436686649629318,,
2019-07-11,3614.862,3815038.0,195226.0,4.95,2.13,1.85,0.28,,12.93000030517578,97.0500030517578,2999.909912109375,3.7,1.826331335037068,,,,,2026-07-25 07:39:42,,1.77,5.024480408618226,2.4,0.0299999999999998,0.3036686649629319,,
2019-07-12,3614.662,3815038.0,195226.0,5.15,2.12,1.84,0.28,,12.390000343322754,96.80999755859376,3013.77001953125,3.7,1.826331335037068,,,,,2026-07-25 07:39:42,,1.77,5.024480408618226,2.38,0.0099999999999997,0.2936686649629321,,
2019-07-13,3614.662,3815038.0,195226.0,5.15,2.12,1.84,0.28,,12.390000343322754,96.80999755859376,3013.77001953125,3.7,1.826331335037068,,,,,2026-07-25 07:39:42,,1.77,5.024480408618226,2.38,0.0099999999999997,0.2936686649629321,,
2019-07-14,3614.662,3815038.0,195226.0,5.15,2.12,1.84,0.28,,12.390000343322754,96.80999755859376,3013.77001953125,3.7,1.826331335037068,,,,,2026-07-25 07:39:42,,1.77,5.024480408618226,2.38,0.02,0.2936686649629321,,
2019-07-15,3614.255,3815038.0,195226.0,5.557,2.09,1.83,0.26,,12.68000030517578,96.93000030517578,3014.300048828125,3.7,1.826331335037068,,,,,2026-07-25 07:39:42,,1.77,5.024480408618226,2.4,0.04,0.2636686649629318,,
2019-07-16,3616.805,3815038.0,195226.0,3.007,2.13,1.87,0.26,,12.859999656677246,97.4000015258789,3004.0400390625,3.7,1.826331335037068,,,,,2026-07-25 07:39:42,,1.8,5.024480408618226,2.41,0.0500000000000002,0.3036686649629319,,
2019-07-17,3599.947,3808110.0,206203.0,1.96,2.06,1.83,0.23,,13.970000267028809,97.22000122070312,2984.419921875,3.7,1.826331335037068,,,,,2026-07-25 07:39:42,,1.75,5.024480408618226,2.41,0.0300000000000002,0.233668664962932,,
2019-07-18,3585.2450000000003,3808110.0,206203.0,16.662,2.04,1.77,0.27,,13.529999732971191,96.79000091552734,2995.110107421875,3.7,1.826331335037068,,,,,2026-07-25 07:39:42,,1.79,5.024480408618226,2.41,0.04,0.213668664962932,,
2019-07-19,3587.652,3808110.0,206203.0,14.255,2.05,1.8,0.25,,14.449999809265137,97.1500015258789,2976.610107421875,3.7,1.826331335037068,,,,,2026-07-25 07:39:42,,1.8,5.024480408618226,2.41,0.04,0.2236686649629318,,
2019-07-20,3587.652,3808110.0,206203.0,14.255,2.05,1.8,0.25,,14.449999809265137,97.1500015258789,2976.610107421875,3.7,1.826331335037068,,,,,2026-07-25 07:39:42,,1.8,5.024480408618226,2.41,0.04,0.2236686649629318,,
2019-07-21,3587.652,3808110.0,206203.0,14.255,2.05,1.8,0.25,,14.449999809265137,97.1500015258789,2976.610107421875,3.7,1.826331335037068,,,,,2026-07-25 07:39:42,,1.8,5.024480408618226,2.41,0.0300000000000002,0.2236686649629318,,
2019-07-22,3587.7470000000003,3808110.0,206203.0,14.16,2.05,1.8,0.25,,13.529999732971191,97.26000213623048,2985.030029296875,3.7,1.826331335037068,,,,,2026-07-25 07:39:42,,1.79,5.024480408618226,2.4,0.02,0.2236686649629318,,
2019-07-23,3587.152,3808110.0,206203.0,14.755,2.08,1.83,0.25,,12.609999656677246,97.70999908447266,3005.469970703125,3.7,1.826331335037068,,,,,2026-07-25 07:39:42,,1.81,5.024480408618226,2.4,0.02,0.253668664962932,,
2019-07-24,3616.954,3803436.0,178227.0,8.255,2.05,1.83,0.22,,12.06999969482422,97.7300033569336,3019.56005859375,3.7,1.826331335037068,,,,,2026-07-25 07:39:42,,1.79,5.024480408618226,2.4,0.02,0.2236686649629318,,
2019-07-25,3621.854,3803436.0,178227.0,3.355,2.08,1.86,0.22,,12.739999771118164,97.81999969482422,3003.669921875,3.7,1.826331335037068,,,,,2026-07-25 07:39:42,,1.8,5.024480408618226,2.4,0.02,0.253668664962932,,
2019-07-26,3621.959,3803436.0,178227.0,3.25,2.08,1.86,0.22,,12.15999984741211,98.01000213623048,3025.860107421875,3.7,1.826331335037068,,,,,2026-07-25 07:39:42,,1.78,5.024480408618226,2.4,0.02,0.253668664962932,,
2019-07-27,3621.959,3803436.0,178227.0,3.25,2.08,1.86,0.22,,12.15999984741211,98.01000213623048,3025.860107421875,3.7,1.826331335037068,,,,,2026-07-25 07:39:42,,1.78,5.024480408618226,2.4,0.02,0.253668664962932,,
2019-07-28,3621.959,3803436.0,178227.0,3.25,2.08,1.86,0.22,,12.15999984741211,98.01000213623048,3025.860107421875,3.7,1.826331335037068,,,,,2026-07-25 07:39:42,,1.78,5.024480408618226,2.4,0.0,0.253668664962932,,
2019-07-29,3621.281,3803436.0,178227.0,3.928,2.06,1.85,0.21,,12.829999923706056,98.04000091552734,3020.969970703125,3.7,1.826331335037068,,,,,2026-07-25 07:39:42,,1.77,5.024480408618226,2.4,0.0,0.233668664962932,,
2019-07-30,3622.903,3803436.0,178227.0,2.306,2.06,1.85,0.21,,13.9399995803833,98.0500030517578,3013.179931640625,3.7,1.826331335037068,,,,,2026-07-25 07:39:42,,1.78,5.024480408618226,2.39,-0.0099999999999997,0.233668664962932,,
2019-07-31,3595.073,3779102.0,176662.0,7.367,2.02,1.89,0.13,,16.1200008392334,98.5199966430664,2980.3798828125,3.7,1.826331335037068,,,,,2026-07-25 07:39:42,,1.76,5.024480408618226,2.4,0.0099999999999997,0.193668664962932,,
2019-08-01,3596.396,3779102.0,176662.0,6.044,1.9,1.73,0.17,,17.8700008392334,98.38999938964844,2953.56005859375,3.6,1.7376412106666406,,,,,2026-07-25 07:39:42,,1.7,5.281511896057145,2.14,-0.2599999999999998,0.1623587893333593,,
2019-08-02,3599.105,3779102.0,176662.0,3.335,1.86,1.72,0.14,,17.610000610351562,98.0999984741211,2932.050048828125,3.6,1.7376412106666406,,,,,2026-07-25 07:39:42,,1.66,5.281511896057145,2.14,-0.27,0.1223587893333595,,
2019-08-03,3599.105,3779102.0,176662.0,3.335,1.86,1.72,0.14,,17.610000610351562,98.0999984741211,2932.050048828125,3.6,1.7376412106666406,,,,,2026-07-25 07:39:42,,1.66,5.281511896057145,2.14,-0.27,0.1223587893333595,,
2019-08-04,3599.105,3779102.0,176662.0,3.335,1.86,1.72,0.14,,17.610000610351562,98.0999984741211,2932.050048828125,3.6,1.7376412106666406,,,,,2026-07-25 07:39:42,,1.66,5.281511896057145,2.14,-0.2799999999999998,0.1223587893333595,,
2019-08-05,3598.966,3779102.0,176662.0,3.474,1.75,1.59,0.16,,24.59000015258789,97.5,2844.739990234375,3.6,1.7376412106666406,,,,,2026-07-25 07:39:43,,1.6,5.281511896057145,2.13,-0.29,0.0123587893333594,,
2019-08-06,3599.03,3779102.0,176662.0,3.41,1.73,1.6,0.13,,20.170000076293945,97.62999725341795,2881.77001953125,3.6,1.7376412106666406,,,,,2026-07-25 07:39:43,,1.62,5.281511896057145,2.13,-0.29,-0.0076412106666405,,
2019-08-07,3644.844000000001,3781543.0,133077.0,3.622,1.71,1.59,0.12,,19.489999771118164,97.54000091552734,2883.97998046875,3.6,1.7376412106666406,,,,,2026-07-25 07:39:43,,1.62,5.281511896057145,2.12,-0.29,-0.0276412106666406,,
2019-08-08,3645.41,3781543.0,133077.0,3.056,1.72,1.62,0.1,,16.90999984741211,97.62000274658205,2938.090087890625,3.6,1.7376412106666406,,,,,2026-07-25 07:39:43,,1.65,5.281511896057145,2.12,-0.29,-0.0176412106666405,,
2019-08-09,3645.746000000001,3781543.0,133077.0,2.72,1.74,1.63,0.11,,17.969999313354492,97.48999786376952,2918.64990234375,3.6,1.7376412106666406,,,,,2026-07-25 07:39:43,,1.66,5.281511896057145,2.12,-0.29,0.0023587893333594,,
2019-08-10,3645.746000000001,3781543.0,133077.0,2.72,1.74,1.63,0.11,,17.969999313354492,97.48999786376952,2918.64990234375,3.6,1.7376412106666406,,,,,2026-07-25 07:39:43,,1.66,5.281511896057145,2.12,-0.2799999999999998,0.0023587893333594,,
2019-08-11,3645.746000000001,3781543.0,133077.0,2.72,1.74,1.63,0.11,,17.969999313354492,97.48999786376952,2918.64990234375,3.6,1.7376412106666406,,,,,2026-07-25 07:39:43,,1.66,5.281511896057145,2.12,-0.2599999999999998,0.0023587893333594,,
2019-08-12,3643.036000000001,3781543.0,133077.0,5.43,1.65,1.58,0.07,,21.09000015258789,97.37999725341795,2882.699951171875,3.6,1.7376412106666406,,,,,2026-07-25 07:39:43,,1.61,5.281511896057145,2.12,-0.2599999999999998,-0.0876412106666406,,
2019-08-13,3643.465,3781543.0,133077.0,5.001,1.68,1.66,0.02,,17.520000457763672,97.80999755859376,2926.320068359375,3.6,1.7376412106666406,,,,,2026-07-25 07:39:43,,1.63,5.281511896057145,2.12,-0.2599999999999998,-0.0576412106666406,,
2019-08-14,3652.293,3786018.0,130981.0,2.744,1.59,1.58,0.01,,22.100000381469727,97.98999786376952,2840.60009765625,3.6,1.7376412106666406,,,,,2026-07-25 07:39:43,,1.57,5.281511896057145,2.12,-0.2799999999999998,-0.1476412106666405,,
2019-08-15,3651.527,3786018.0,130981.0,3.51,1.52,1.48,0.04,,21.18000030517578,98.13999938964844,2847.60009765625,3.6,1.7376412106666406,,,,,2026-07-25 07:39:43,,1.54,5.281511896057145,2.13,-0.2800000000000002,-0.2176412106666405,,
2019-08-16,3643.194,3786018.0,130981.0,11.843,1.55,1.48,0.07,,18.469999313354492,98.13999938964844,2888.679931640625,3.6,1.7376412106666406,,,,,2026-07-25 07:39:43,,1.54,5.281511896057145,2.13,-0.2800000000000002,-0.1876412106666405,,
2019-08-17,3643.194,3786018.0,130981.0,11.843,1.55,1.48,0.07,,18.469999313354492,98.13999938964844,2888.679931640625,3.6,1.7376412106666406,,,,,2026-07-25 07:39:43,,1.54,5.281511896057145,2.13,-0.2800000000000002,-0.1876412106666405,,
2019-08-18,3643.194,3786018.0,130981.0,11.843,1.55,1.48,0.07,,18.469999313354492,98.13999938964844,2888.679931640625,3.6,1.7376412106666406,,,,,2026-07-25 07:39:43,,1.54,5.281511896057145,2.13,-0.2800000000000002,-0.1876412106666405,,
2019-08-19,3641.634000000001,3786018.0,130981.0,13.403,1.6,1.53,0.07,,16.8799991607666,98.3499984741211,2923.64990234375,3.6,1.7376412106666406,,,,,2026-07-25 07:39:43,,1.56,5.281511896057145,2.13,-0.2800000000000002,-0.1376412106666404,,
2019-08-20,3639.057,3786018.0,130981.0,15.98,1.55,1.5,0.05,,17.5,98.19000244140624,2900.510009765625,3.6,1.7376412106666406,,,,,2026-07-25 07:39:43,,1.53,5.281511896057145,2.13,-0.2800000000000002,-0.1876412106666405,,
2019-08-21,3618.266,3764866.0,131447.0,15.153,1.59,1.56,0.03,,15.800000190734863,98.3000030517578,2924.429931640625,3.6,1.7376412106666406,,,,,2026-07-25 07:39:43,,1.54,5.281511896057145,2.12,-0.2799999999999998,-0.1476412106666405,,
2019-08-22,3618.808,3764866.0,131447.0,14.611,1.62,1.61,0.01,,16.68000030517578,98.16999816894533,2922.949951171875,3.6,1.7376412106666406,,,,,2026-07-25 07:39:43,,1.55,5.281511896057145,2.12,-0.2799999999999998,-0.1176412106666404,,
2019-08-23,3624.373,3764866.0,131447.0,9.046,1.52,1.51,0.01,,19.8700008392334,97.63999938964844,2847.110107421875,3.6,1.7376412106666406,,,,,2026-07-25 07:39:43,,1.54,5.281511896057145,2.12,-0.2799999999999998,-0.2176412106666405,,
2019-08-24,3624.373,3764866.0,131447.0,9.046,1.52,1.51,0.01,,19.8700008392334,97.63999938964844,2847.110107421875,3.6,1.7376412106666406,,,,,2026-07-25 07:39:43,,1.54,5.281511896057145,2.12,-0.2799999999999998,-0.2176412106666405,,
2019-08-25,3624.373,3764866.0,131447.0,9.046,1.52,1.51,0.01,,19.8700008392334,97.63999938964844,2847.110107421875,3.6,1.7376412106666406,,,,,2026-07-25 07:39:43,,1.54,5.281511896057145,2.12,-0.2799999999999998,-0.2176412106666405,,
2019-08-26,3629.743,3764866.0,131447.0,3.676,1.54,1.54,0.0,,19.31999969482422,98.08000183105467,2878.3798828125,3.6,1.7376412106666406,,,,,2026-07-25 07:39:43,,1.54,5.281511896057145,2.12,-0.2799999999999998,-0.1976412106666405,,
2019-08-27,3631.864,3764866.0,131447.0,1.555,1.49,1.53,-0.04,,20.309999465942383,98.0,2869.159912109375,3.6,1.7376412106666406,,,,,2026-07-25 07:39:43,,1.55,5.281511896057145,2.12,-0.2799999999999998,-0.2476412106666405,,
2019-08-28,3605.545,3759946.0,150146.0,4.255,1.47,1.5,-0.03,,19.350000381469727,98.20999908447266,2887.93994140625,3.6,1.7376412106666406,,,,,2026-07-25 07:39:43,,1.55,5.281511896057145,2.12,-0.2799999999999998,-0.2676412106666406,,
2019-08-29,3609.698,3759946.0,150146.0,0.102,1.5,1.53,-0.03,,17.8799991607666,98.51000213623048,2924.580078125,3.6,1.7376412106666406,,,,,2026-07-25 07:39:43,,1.59,5.281511896057145,2.12,-0.27,-0.2376412106666405,,
2019-08-30,3597.711,3759946.0,150146.0,12.089,1.5,1.5,0.0,,18.979999542236328,98.91999816894533,2926.4599609375,3.6,1.7376412106666406,,,,,2026-07-25 07:39:43,,1.55,5.281511896057145,2.13,-0.27,-0.2376412106666405,,
2019-08-31,3597.711,3759946.0,150146.0,12.089,1.5,1.5,0.0,,18.979999542236328,98.91999816894533,2926.4599609375,3.6,1.7376412106666406,,,,,2026-07-25 07:39:43,,1.55,5.281511896057145,2.13,-0.0100000000000002,-0.2376412106666405,,
2019-09-01,3597.711,3759946.0,150146.0,12.089,1.5,1.5,0.0,,18.979999542236328,98.91999816894533,2926.4599609375,3.5,1.6844977040391562,,,,,2026-07-25 07:39:43,,1.55,5.626338141869369,2.13,-0.0100000000000002,-0.1844977040391562,,
2019-09-02,3597.711,3759946.0,150146.0,12.089,1.5,1.5,0.0,,18.979999542236328,98.91999816894533,2926.4599609375,3.5,1.6844977040391562,,,,,2026-07-25 07:39:43,,1.55,5.626338141869369,2.13,-0.0100000000000002,-0.1844977040391562,,
2019-09-03,3608.046,3759946.0,150146.0,1.754,1.47,1.47,0.0,,19.65999984741211,98.9499969482422,2906.27001953125,3.5,1.6844977040391562,,,,,2026-07-25 07:39:43,,1.5,5.626338141869369,2.13,-0.0100000000000002,-0.2144977040391562,,
2019-09-04,3585.3039999999996,3761508.0,174779.0,1.425,1.47,1.43,0.04,,17.329999923706055,98.4499969482422,2937.780029296875,3.5,1.6844977040391562,,,,,2026-07-25 07:39:43,,1.51,5.626338141869369,2.13,0.0,-0.2144977040391562,,
2019-09-05,3585.654,3761508.0,174779.0,1.075,1.57,1.55,0.02,,16.270000457763672,98.41000366210938,2976.0,3.5,1.6844977040391562,,,,,2026-07-25 07:39:43,,1.56,5.626338141869369,2.13,0.0,-0.1144977040391561,,
2019-09-06,3585.8489999999997,3761508.0,174779.0,0.88,1.55,1.53,0.02,,15.0,98.38999938964844,2978.7099609375,3.5,1.6844977040391562,,,,,2026-07-25 07:39:43,,1.54,5.626338141869369,2.12,0.0,-0.1344977040391561,,
2019-09-07,3585.8489999999997,3761508.0,174779.0,0.88,1.55,1.53,0.02,,15.0,98.38999938964844,2978.7099609375,3.5,1.6844977040391562,,,,,2026-07-25 07:39:43,,1.54,5.626338141869369,2.12,0.0,-0.1344977040391561,,
2019-09-08,3585.8489999999997,3761508.0,174779.0,0.88,1.55,1.53,0.02,,15.0,98.38999938964844,2978.7099609375,3.5,1.6844977040391562,,,,,2026-07-25 07:39:43,,1.54,5.626338141869369,2.12,0.0,-0.1344977040391561,,
2019-09-09,3583.942,3761508.0,174779.0,2.787,1.63,1.58,0.05,,15.270000457763672,98.27999877929688,2978.429931640625,3.5,1.6844977040391562,,,,,2026-07-25 07:39:43,,1.57,5.626338141869369,2.13,0.0099999999999997,-0.0544977040391563,,
2019-09-10,3583.1209999999996,3761508.0,174779.0,3.608,1.72,1.67,0.05,,15.199999809265137,98.33000183105467,2979.389892578125,3.5,1.6844977040391562,,,,,2026-07-25 07:39:43,,1.6,5.626338141869369,2.13,0.0099999999999997,0.0355022959608437,,
2019-09-11,3582.4799999999996,3769673.0,183581.0,3.612,1.75,1.68,0.07,,14.609999656677246,98.6500015258789,3000.929931640625,3.5,1.6844977040391562,,,,,2026-07-25 07:39:43,,1.6,5.626338141869369,2.13,0.0099999999999997,0.0655022959608437,,
2019-09-12,3582.6229999999996,3769673.0,183581.0,3.469,1.79,1.72,0.07,,14.220000267028809,98.30999755859376,3009.570068359375,3.5,1.6844977040391562,,,,,2026-07-25 07:39:43,,1.63,5.626338141869369,2.13,0.0099999999999997,0.1055022959608438,,
2019-09-13,3583.4169999999995,3769673.0,183581.0,2.675,1.9,1.79,0.11,,13.739999771118164,98.26000213623048,3007.389892578125,3.5,1.6844977040391562,,,,,2026-07-25 07:39:43,,1.67,5.626338141869369,2.14,0.02,0.2155022959608437,,
2019-09-14,3583.4169999999995,3769673.0,183581.0,2.675,1.9,1.79,0.11,,13.739999771118164,98.26000213623048,3007.389892578125,3.5,1.6844977040391562,,,,,2026-07-25 07:39:43,,1.67,5.626338141869369,2.14,0.0100000000000002,0.2155022959608437,,
2019-09-15,3583.4169999999995,3769673.0,183581.0,2.675,1.9,1.79,0.11,,13.739999771118164,98.26000213623048,3007.389892578125,3.5,1.6844977040391562,,,,,2026-07-25 07:39:43,,1.67,5.626338141869369,2.14,0.0100000000000002,0.2155022959608437,,
2019-09-16,3583.8899999999994,3769673.0,183581.0,2.202,1.84,1.74,0.1,,14.670000076293944,98.6500015258789,2997.9599609375,3.5,1.6844977040391562,,,,,2026-07-25 07:39:43,,1.67,5.626338141869369,2.25,0.1200000000000001,0.1555022959608438,,
2019-09-17,3584.267,3769673.0,183581.0,1.825,1.81,1.72,0.09,,14.4399995803833,98.26000213623048,3005.699951171875,3.5,1.6844977040391562,,,,,2026-07-25 07:39:43,,1.66,5.626338141869369,2.3,0.1699999999999999,0.1255022959608438,,
2019-09-18,3522.728,3844695.0,303057.0,18.91,1.8,1.77,0.03,,13.949999809265137,98.5999984741211,3006.72998046875,3.5,1.6844977040391562,,,,,2026-07-25 07:39:43,,1.59,5.626338141869369,2.25,0.1200000000000001,0.1155022959608438,,
2019-09-19,3536.634,3844695.0,303057.0,5.004,1.79,1.74,0.05,,14.050000190734863,98.2699966430664,3006.7900390625,3.5,1.6844977040391562,,,,,2026-07-25 07:39:43,,1.61,5.626338141869369,1.9,-0.2299999999999999,0.1055022959608438,,
2019-09-20,3534.086,3844695.0,303057.0,7.552,1.74,1.69,0.05,,15.31999969482422,98.51000213623048,2992.070068359375,3.5,1.6844977040391562,,,,,2026-07-25 07:39:43,,1.61,5.626338141869369,1.9,-0.2200000000000002,0.0555022959608437,,
2019-09-21,3534.086,3844695.0,303057.0,7.552,1.74,1.69,0.05,,15.31999969482422,98.51000213623048,2992.070068359375,3.5,1.6844977040391562,,,,,2026-07-25 07:39:43,,1.61,5.626338141869369,1.9,-0.2200000000000002,0.0555022959608437,,
2019-09-22,3534.086,3844695.0,303057.0,7.552,1.74,1.69,0.05,,15.31999969482422,98.51000213623048,2992.070068359375,3.5,1.6844977040391562,,,,,2026-07-25 07:39:43,,1.61,5.626338141869369,1.9,-0.2200000000000002,0.0555022959608437,,
2019-09-23,3534.153,3844695.0,303057.0,7.485,1.72,1.68,0.04,,14.90999984741211,98.5999984741211,2991.780029296875,3.5,1.6844977040391562,,,,,2026-07-25 07:39:43,,1.61,5.626338141869369,1.9,-0.2200000000000002,0.0355022959608437,,
2019-09-24,3541.537,3844695.0,303057.0,0.101,1.64,1.6,0.04,,17.049999237060547,98.33999633789062,2966.60009765625,3.5,1.6844977040391562,,,,,2026-07-25 07:39:43,,1.58,5.626338141869369,1.9,-0.2200000000000002,-0.0444977040391563,,
2019-09-25,3551.7720000000004,3857715.0,305810.0,0.133,1.73,1.68,0.05,,15.960000038146973,99.04000091552734,2984.8701171875,3.5,1.6844977040391562,,,,,2026-07-25 07:39:43,,1.6,5.626338141869369,1.9,-0.2200000000000002,0.0455022959608437,,
2019-09-26,3546.7250000000004,3857715.0,305810.0,5.18,1.7,1.66,0.04,,16.06999969482422,99.20999908447266,2977.6201171875,3.5,1.6844977040391562,,,,,2026-07-25 07:39:43,,1.57,5.626338141869369,1.85,-0.27,0.0155022959608437,,
2019-09-27,3546.5750000000003,3857715.0,305810.0,5.33,1.69,1.63,0.06,,17.219999313354492,99.11000061035156,2961.7900390625,3.5,1.6844977040391562,,,,,2026-07-25 07:39:43,,1.53,5.626338141869369,1.83,-0.29,0.0055022959608437,,
2019-09-28,3546.5750000000003,3857715.0,305810.0,5.33,1.69,1.63,0.06,,17.219999313354492,99.11000061035156,2961.7900390625,3.5,1.6844977040391562,,,,,2026-07-25 07:39:43,,1.53,5.626338141869369,1.83,-0.29,0.0055022959608437,,
2019-09-29,3546.5750000000003,3857715.0,305810.0,5.33,1.69,1.63,0.06,,17.219999313354492,99.11000061035156,2961.7900390625,3.5,1.6844977040391562,,,,,2026-07-25 07:39:43,,1.53,5.626338141869369,1.83,-0.2999999999999998,0.0055022959608437,,
2019-09-30,3544.8480000000004,3857715.0,305810.0,7.057,1.68,1.63,0.05,,16.239999771118164,99.37999725341795,2976.739990234375,3.5,1.6844977040391562,,,,,2026-07-25 07:39:43,,1.53,5.626338141869369,1.9,-0.2299999999999999,-0.0044977040391562,,
2019-10-01,3549.199,3857715.0,305810.0,2.706,1.65,1.56,0.09,,18.559999465942383,99.12999725341795,2940.25,3.6,1.7339736996186297,,,,,2026-07-25 07:39:43,,1.52,6.50575873630459,1.88,-0.25,-0.0839736996186295,,
2019-10-02,3607.592,3945831.0,335185.0,3.054,1.6,1.48,0.12,,20.559999465942383,99.04000091552734,2887.610107421875,3.6,1.7339736996186297,,,,,2026-07-25 07:39:43,,1.5,6.50575873630459,1.85,-0.2799999999999998,-0.1339736996186293,,
2019-10-03,3607.349,3945831.0,335185.0,3.297,1.54,1.39,0.15,,19.1200008392334,98.86000061035156,2910.6298828125,3.6,1.7339736996186297,,,,,2026-07-25 07:39:43,,1.48,6.50575873630459,1.83,-0.2999999999999998,-0.1939736996186294,,
2019-10-04,3605.321,3945831.0,335185.0,5.325,1.52,1.4,0.12,,17.040000915527344,98.80999755859376,2952.010009765625,3.6,1.7339736996186297,,,,,2026-07-25 07:39:43,,1.5,6.50575873630459,1.82,-0.3099999999999998,-0.2139736996186294,,
2019-10-05,3605.321,3945831.0,335185.0,5.325,1.52,1.4,0.12,,17.040000915527344,98.80999755859376,2952.010009765625,3.6,1.7339736996186297,,,,,2026-07-25 07:39:44,,1.5,6.50575873630459,1.82,-0.3099999999999998,-0.2139736996186294,,
2019-10-06,3605.321,3945831.0,335185.0,5.325,1.52,1.4,0.12,,17.040000915527344,98.80999755859376,2952.010009765625,3.6,1.7339736996186297,,,,,2026-07-25 07:39:44,,1.5,6.50575873630459,1.82,-0.3,-0.2139736996186294,,
2019-10-07,3604.996,3945831.0,335185.0,5.65,1.56,1.46,0.1,,17.860000610351562,98.98999786376952,2938.7900390625,3.6,1.7339736996186297,,,,,2026-07-25 07:39:44,,1.51,6.50575873630459,1.82,-0.3,-0.1739736996186294,,
2019-10-08,3606.67,3945831.0,335185.0,3.976,1.54,1.42,0.12,,20.280000686645508,99.13999938964844,2893.06005859375,3.6,1.7339736996186297,,,,,2026-07-25 07:39:44,,1.48,6.50575873630459,1.82,-0.3,-0.1939736996186294,,
2019-10-09,3651.097,3949955.0,297389.0,1.469,1.59,1.47,0.12,,18.63999938964844,99.12000274658205,2919.39990234375,3.6,1.7339736996186297,,,,,2026-07-25 07:39:44,,1.49,6.50575873630459,1.82,-0.3099999999999998,-0.1439736996186293,,
2019-10-10,3651.466,3949955.0,297389.0,1.1,1.67,1.53,0.14,,17.56999969482422,98.70999908447266,2938.1298828125,3.6,1.7339736996186297,,,,,2026-07-25 07:39:44,,1.52,6.50575873630459,1.82,-0.3099999999999998,-0.0639736996186295,,
2019-10-11,3649.616,3949955.0,297389.0,2.95,1.76,1.63,0.13,,15.579999923706056,98.3000030517578,2970.27001953125,3.6,1.7339736996186297,,,,,2026-07-25 07:39:44,,1.56,6.50575873630459,1.82,-0.3099999999999998,0.0260263003813705,,
2019-10-12,3649.616,3949955.0,297389.0,2.95,1.76,1.63,0.13,,15.579999923706056,98.3000030517578,2970.27001953125,3.6,1.7339736996186297,,,,,2026-07-25 07:39:44,,1.56,6.50575873630459,1.82,-0.3099999999999998,0.0260263003813705,,
2019-10-13,3649.616,3949955.0,297389.0,2.95,1.76,1.63,0.13,,15.579999923706056,98.3000030517578,2970.27001953125,3.6,1.7339736996186297,,,,,2026-07-25 07:39:44,,1.56,6.50575873630459,1.82,-0.32,0.0260263003813705,,
2019-10-14,3649.616,3949955.0,297389.0,2.95,1.76,1.63,0.13,,14.56999969482422,98.4499969482422,2966.14990234375,3.6,1.7339736996186297,,,,,2026-07-25 07:39:44,,1.56,6.50575873630459,1.82,-0.32,0.0260263003813705,,
2019-10-15,3650.84,3949955.0,297389.0,1.726,1.77,1.61,0.16,,13.539999961853027,98.29000091552734,2995.679931640625,3.6,1.7339736996186297,,,,,2026-07-25 07:39:44,,1.56,6.50575873630459,1.9,-0.2400000000000002,0.0360263003813705,,
2019-10-16,3603.171,3966471.0,361497.0,1.803,1.75,1.58,0.17,,13.68000030517578,98.01000213623048,2989.68994140625,3.6,1.7339736996186297,,,,,2026-07-25 07:39:44,,1.57,6.50575873630459,1.9,-0.3500000000000001,0.0160263003813705,,
2019-10-17,3603.973,3966471.0,361497.0,1.001,1.76,1.6,0.16,,13.789999961853027,97.61000061035156,2997.949951171875,3.6,1.7339736996186297,,,,,2026-07-25 07:39:44,,1.59,6.50575873630459,1.85,-0.4499999999999997,0.0260263003813705,,
2019-10-18,3584.8740000000003,3966471.0,361497.0,20.1,1.76,1.58,0.18,,14.25,97.27999877929688,2986.199951171875,3.6,1.7339736996186297,,,,,2026-07-25 07:39:44,,1.6,6.50575873630459,1.85,-0.3999999999999999,0.0260263003813705,,
2019-10-19,3584.8740000000003,3966471.0,361497.0,20.1,1.76,1.58,0.18,,14.25,97.27999877929688,2986.199951171875,3.6,1.7339736996186297,,,,,2026-07-25 07:39:44,,1.6,6.50575873630459,1.85,-0.0499999999999998,0.0260263003813705,,
2019-10-20,3584.8740000000003,3966471.0,361497.0,20.1,1.76,1.58,0.18,,14.25,97.27999877929688,2986.199951171875,3.6,1.7339736996186297,,,,,2026-07-25 07:39:44,,1.6,6.50575873630459,1.85,-0.0499999999999998,0.0260263003813705,,
2019-10-21,3586.2160000000003,3966471.0,361497.0,18.758,1.8,1.62,0.18,,14.0,97.33000183105467,3006.719970703125,3.6,1.7339736996186297,,,,,2026-07-25 07:39:44,,1.61,6.50575873630459,1.85,-0.0499999999999998,0.0660263003813705,,
2019-10-22,3584.2740000000003,3966471.0,361497.0,20.7,1.78,1.6,0.18,,14.460000038146973,97.52999877929688,2995.989990234375,3.6,1.7339736996186297,,,,,2026-07-25 07:39:44,,1.61,6.50575873630459,1.85,-0.0499999999999998,0.0460263003813705,,
2019-10-23,3575.24,3968700.0,375170.0,18.29,1.77,1.58,0.19,,14.010000228881836,97.47000122070312,3004.52001953125,3.6,1.7339736996186297,,,,,2026-07-25 07:39:44,,1.61,6.50575873630459,1.85,-0.0499999999999998,0.0360263003813705,,
2019-10-24,3593.1049999999996,3968700.0,375170.0,0.425,1.77,1.58,0.19,,13.710000038146973,97.62999725341795,3010.2900390625,3.6,1.7339736996186297,,,,,2026-07-25 07:39:44,,1.62,6.50575873630459,1.85,-0.0499999999999998,0.0360263003813705,,
2019-10-25,3593.5249999999996,3968700.0,375170.0,0.005,1.8,1.63,0.17,,12.649999618530272,97.83000183105467,3022.550048828125,3.6,1.7339736996186297,,,,,2026-07-25 07:39:44,,1.65,6.50575873630459,1.83,-0.0699999999999998,0.0660263003813705,,
2019-10-26,3593.5249999999996,3968700.0,375170.0,0.005,1.8,1.63,0.17,,12.649999618530272,97.83000183105467,3022.550048828125,3.6,1.7339736996186297,,,,,2026-07-25 07:39:44,,1.65,6.50575873630459,1.83,-0.02,0.0660263003813705,,
2019-10-27,3593.5249999999996,3968700.0,375170.0,0.005,1.8,1.63,0.17,,12.649999618530272,97.83000183105467,3022.550048828125,3.6,1.7339736996186297,,,,,2026-07-25 07:39:44,,1.65,6.50575873630459,1.83,0.0,0.0660263003813705,,
2019-10-28,3593.4939999999997,3968700.0,375170.0,0.036,1.85,1.64,0.21,,13.109999656677246,97.76000213623048,3039.419921875,3.6,1.7339736996186297,,,,,2026-07-25 07:39:44,,1.64,6.50575873630459,1.83,0.0,0.1160263003813706,,
2019-10-29,3593.4489999999996,3968700.0,375170.0,0.081,1.84,1.64,0.2,,13.199999809265137,97.69000244140624,3036.889892578125,3.6,1.7339736996186297,,,,,2026-07-25 07:39:44,,1.61,6.50575873630459,1.82,-0.01,0.1060263003813706,,
2019-10-30,3619.011,4019823.0,400616.0,0.196,1.78,1.61,0.17,,12.329999923706056,97.6500015258789,3046.77001953125,3.6,1.7339736996186297,,,,,2026-07-25 07:39:44,,1.57,6.50575873630459,1.82,-0.0799999999999998,0.0460263003813705,,
2019-10-31,3616.356,4019823.0,400616.0,2.851,1.69,1.52,0.17,,13.220000267028809,97.3499984741211,3037.56005859375,3.6,1.7339736996186297,,,,,2026-07-25 07:39:44,,1.54,6.50575873630459,1.58,-0.2999999999999998,-0.0439736996186295,,
2019-11-01,3617.107,4019823.0,400616.0,2.1,1.73,1.56,0.17,,12.300000190734863,97.23999786376952,3066.909912109375,3.6,2.092290394862917,,,,,2026-07-25 07:39:44,,1.59,7.0938471448175555,1.57,-0.28,-0.3622903948629168,,
2019-11-02,3617.107,4019823.0,400616.0,2.1,1.73,1.56,0.17,,12.300000190734863,97.23999786376952,3066.909912109375,3.6,2.092290394862917,,,,,2026-07-25 07:39:44,,1.59,7.0938471448175555,1.57,-0.26,-0.3622903948629168,,
2019-11-03,3617.107,4019823.0,400616.0,2.1,1.73,1.56,0.17,,12.300000190734863,97.23999786376952,3066.909912109375,3.6,2.092290394862917,,,,,2026-07-25 07:39:44,,1.59,7.0938471448175555,1.57,-0.25,-0.3622903948629168,,
2019-11-04,3616.122,4019823.0,400616.0,3.085,1.79,1.6,0.19,,12.829999923706056,97.51000213623048,3078.27001953125,3.6,2.092290394862917,,,,,2026-07-25 07:39:44,,1.64,7.0938471448175555,1.56,-0.26,-0.3022903948629167,,
2019-11-05,3617.371,4019823.0,400616.0,1.836,1.86,1.63,0.23,,13.100000381469728,97.9800033569336,3074.6201171875,3.6,2.092290394862917,,,,,2026-07-25 07:39:44,,1.68,7.0938471448175555,1.56,-0.26,-0.2322903948629167,,
2019-11-06,3659.609,4039443.0,378184.0,1.65,1.81,1.61,0.2,,12.619999885559082,97.9499969482422,3076.780029296875,3.6,2.092290394862917,,,,,2026-07-25 07:39:44,,1.66,7.0938471448175555,1.55,-0.27,-0.2822903948629167,,
2019-11-07,3660.204,4039443.0,378184.0,1.055,1.92,1.68,0.24,,12.729999542236328,98.13999938964844,3085.179931640625,3.6,2.092290394862917,,,,,2026-07-25 07:39:44,,1.69,7.0938471448175555,1.55,-0.27,-0.1722903948629168,,
2019-11-08,3660.454,4039443.0,378184.0,0.805,1.94,1.68,0.26,,12.06999969482422,98.3499984741211,3093.080078125,3.6,2.092290394862917,,,,,2026-07-25 07:39:44,,1.71,7.0938471448175555,1.55,-0.27,-0.1522903948629168,,
2019-11-09,3660.454,4039443.0,378184.0,0.805,1.94,1.68,0.26,,12.06999969482422,98.3499984741211,3093.080078125,3.6,2.092290394862917,,,,,2026-07-25 07:39:44,,1.71,7.0938471448175555,1.55,-0.27,-0.1522903948629168,,
2019-11-10,3660.454,4039443.0,378184.0,0.805,1.94,1.68,0.26,,12.06999969482422,98.3499984741211,3093.080078125,3.6,2.092290394862917,,,,,2026-07-25 07:39:44,,1.71,7.0938471448175555,1.55,-0.27,-0.1522903948629168,,
2019-11-11,3660.454,4039443.0,378184.0,0.805,1.94,1.68,0.26,,12.6899995803833,98.1999969482422,3087.010009765625,3.6,2.092290394862917,,,,,2026-07-25 07:39:44,,1.71,7.0938471448175555,1.55,-0.27,-0.1522903948629168,,
2019-11-12,3659.958,4039443.0,378184.0,1.301,1.92,1.66,0.26,,12.68000030517578,98.30999755859376,3091.840087890625,3.6,2.092290394862917,,,,,2026-07-25 07:39:44,,1.7,7.0938471448175555,1.55,-0.27,-0.1722903948629168,,
2019-11-13,3675.935,4047882.0,370185.0,1.762,1.88,1.63,0.25,,13.0,98.37000274658205,3094.0400390625,3.6,2.092290394862917,,,,,2026-07-25 07:39:44,,1.66,7.0938471448175555,1.55,-0.27,-0.2122903948629169,,
2019-11-14,3675.83,4047882.0,370185.0,1.867,1.82,1.58,0.24,,13.050000190734863,98.16000366210938,3096.6298828125,3.6,2.092290394862917,,,,,2026-07-25 07:39:44,,1.62,7.0938471448175555,1.55,-0.3499999999999998,-0.2722903948629167,,
2019-11-15,3677.695,4047882.0,370185.0,0.002,1.84,1.61,0.23,,12.050000190734863,98.0,3120.4599609375,3.6,2.092290394862917,,,,,2026-07-25 07:39:44,,1.63,7.0938471448175555,1.55,-0.3499999999999998,-0.2522903948629167,,
2019-11-16,3677.695,4047882.0,370185.0,0.002,1.84,1.61,0.23,,12.050000190734863,98.0,3120.4599609375,3.6,2.092290394862917,,,,,2026-07-25 07:39:44,,1.63,7.0938471448175555,1.55,-0.3,-0.2522903948629167,,
2019-11-17,3677.695,4047882.0,370185.0,0.002,1.84,1.61,0.23,,12.050000190734863,98.0,3120.4599609375,3.6,2.092290394862917,,,,,2026-07-25 07:39:44,,1.63,7.0938471448175555,1.55,-0.3,-0.2522903948629167,,
2019-11-18,3650.642,4047882.0,370185.0,27.055,1.81,1.6,0.21,,12.460000038146973,97.79000091552734,3122.030029296875,3.6,2.092290394862917,,,,,2026-07-25 07:39:44,,1.63,7.0938471448175555,1.55,-0.3,-0.2822903948629167,,
2019-11-19,3650.971,4047882.0,370185.0,26.726,1.79,1.6,0.19,,12.859999656677246,97.86000061035156,3120.179931640625,3.6,2.092290394862917,,,,,2026-07-25 07:39:44,,1.63,7.0938471448175555,1.55,-0.3,-0.3022903948629167,,
2019-11-20,3646.672,4030249.0,357551.0,26.026,1.73,1.56,0.17,,12.779999732971191,97.93000030517578,3108.4599609375,3.6,2.092290394862917,,,,,2026-07-25 07:39:44,,1.6,7.0938471448175555,1.55,-0.3,-0.3622903948629168,,
2019-11-21,3646.979,4030249.0,357551.0,25.719,1.77,1.6,0.17,,13.130000114440918,97.98999786376952,3103.5400390625,3.6,2.092290394862917,,,,,2026-07-25 07:39:44,,1.63,7.0938471448175555,1.55,-0.3,-0.3222903948629168,,
2019-11-22,3672.323,4030249.0,357551.0,0.375,1.77,1.61,0.16,,12.34000015258789,98.2699966430664,3110.2900390625,3.6,2.092290394862917,,,,,2026-07-25 07:39:44,,1.62,7.0938471448175555,1.55,-0.3,-0.3222903948629168,,
2019-11-23,3672.323,4030249.0,357551.0,0.375,1.77,1.61,0.16,,12.34000015258789,98.2699966430664,3110.2900390625,3.6,2.092290394862917,,,,,2026-07-25 07:39:44,,1.62,7.0938471448175555,1.55,-0.3,-0.3222903948629168,,
2019-11-24,3672.323,4030249.0,357551.0,0.375,1.77,1.61,0.16,,12.34000015258789,98.2699966430664,3110.2900390625,3.6,2.092290394862917,,,,,2026-07-25 07:39:44,,1.62,7.0938471448175555,1.55,-0.28,-0.3222903948629168,,
2019-11-25,,4030249.0,357551.0,0.0,1.76,1.61,0.15,,11.869999885559082,98.31999969482422,3133.639892578125,3.6,2.092290394862917,,,,,2026-07-25 07:39:44,,1.62,7.0938471448175555,1.55,-0.28,-0.3322903948629168,,
2019-11-26,3670.493,4030249.0,357551.0,2.205,1.74,1.58,0.16,,11.539999961853027,98.25,3140.52001953125,3.6,2.092290394862917,,,,,2026-07-25 07:39:44,,1.62,7.0938471448175555,1.55,-0.28,-0.3522903948629168,,
2019-11-27,3693.473,4052875.0,358896.0,0.506,1.77,1.63,0.14,,11.75,98.41000366210938,3153.6298828125,3.6,2.092290394862917,,,,,2026-07-25 07:39:44,,1.63,7.0938471448175555,1.55,-0.28,-0.3222903948629168,,
2019-11-28,3693.473,4052875.0,358896.0,0.506,1.77,1.63,0.14,,11.75,98.41000366210938,3153.6298828125,3.6,2.092290394862917,,,,,2026-07-25 07:39:44,,1.63,7.0938471448175555,1.55,-0.27,-0.3222903948629168,,
2019-11-29,3693.229,4052875.0,358896.0,0.75,1.78,1.61,0.17,,12.619999885559082,98.2699966430664,3140.97998046875,3.6,2.092290394862917,,,,,2026-07-25 07:39:44,,1.61,7.0938471448175555,1.56,-0.26,-0.3122903948629167,,
2019-11-30,3693.229,4052875.0,358896.0,0.75,1.78,1.61,0.17,,12.619999885559082,98.2699966430664,3140.97998046875,3.6,2.092290394862917,,,,,2026-07-25 07:39:44,,1.61,7.0938471448175555,1.56,-0.02,-0.3122903948629167,,
2019-12-01,3693.229,4052875.0,358896.0,0.75,1.78,1.61,0.17,,12.619999885559082,98.2699966430664,3140.97998046875,3.6,2.3195274699624457,,,,,2026-07-25 07:39:44,,1.61,6.677648955987436,1.56,-0.01,-0.5395274699624457,,
2019-12-02,3693.964,4052875.0,358896.0,0.015,1.83,1.61,0.22,,14.90999984741211,97.86000061035156,3113.8701171875,3.6,2.3195274699624457,,,,,2026-07-25 07:39:44,,1.65,6.677648955987436,1.56,-0.01,-0.4895274699624456,,
2019-12-03,3693.828,4052875.0,358896.0,0.151,1.72,1.53,0.19,,15.960000038146973,97.73999786376952,3093.199951171875,3.6,2.3195274699624457,,,,,2026-07-25 07:39:44,,1.63,6.677648955987436,1.55,-0.02,-0.5995274699624458,,
2019-12-04,,4065696.0,338453.0,0.0,1.77,1.58,0.19,,14.800000190734863,97.6500015258789,3112.760009765625,3.6,2.3195274699624457,,,,,2026-07-25 07:39:44,,1.66,6.677648955987436,1.55,-0.01,-0.5495274699624457,,
2019-12-05,3727.242,4065696.0,338453.0,0.001,1.8,1.58,0.22,,14.520000457763672,97.41000366210938,3117.429931640625,3.6,2.3195274699624457,,,,,2026-07-25 07:39:44,,1.67,6.677648955987436,1.55,-0.01,-0.5195274699624457,,
2019-12-06,3726.243,4065696.0,338453.0,1.0,1.84,1.61,0.23,,13.619999885559082,97.6999969482422,3145.909912109375,3.6,2.3195274699624457,,,,,2026-07-25 07:39:44,,1.69,6.677648955987436,1.55,0.0,-0.4795274699624456,,
2019-12-07,3726.243,4065696.0,338453.0,1.0,1.84,1.61,0.23,,13.619999885559082,97.6999969482422,3145.909912109375,3.6,2.3195274699624457,,,,,2026-07-25 07:39:44,,1.69,6.677648955987436,1.55,0.0,-0.4795274699624456,,
2019-12-08,3726.243,4065696.0,338453.0,1.0,1.84,1.61,0.23,,13.619999885559082,97.6999969482422,3145.909912109375,3.6,2.3195274699624457,,,,,2026-07-25 07:39:45,,1.69,6.677648955987436,1.55,0.0,-0.4795274699624456,,
2019-12-09,3727.128,4065696.0,338453.0,0.115,1.83,1.63,0.2,,15.859999656677246,97.63999938964844,3135.9599609375,3.6,2.3195274699624457,,,,,2026-07-25 07:39:45,,1.69,6.677648955987436,1.55,0.0,-0.4895274699624456,,
2019-12-10,3727.242,4065696.0,338453.0,0.001,1.85,1.65,0.2,,15.68000030517578,97.41000366210938,3132.52001953125,3.6,2.3195274699624457,,,,,2026-07-25 07:39:45,,1.71,6.677648955987436,1.55,0.0,-0.4695274699624456,,
2019-12-11,3790.726,4095491.0,304160.0,0.605,1.79,1.61,0.18,,14.989999771118164,97.16000366210938,3141.6298828125,3.6,2.3195274699624457,,,,,2026-07-25 07:39:45,,1.69,6.677648955987436,1.55,0.0,-0.5295274699624457,,
2019-12-12,3790.731,4095491.0,304160.0,0.6,1.9,1.66,0.24,,13.9399995803833,97.4000015258789,3168.570068359375,3.6,2.3195274699624457,,,,,2026-07-25 07:39:45,,1.72,6.677648955987436,1.55,0.0,-0.4195274699624458,,
2019-12-13,,4095491.0,304160.0,0.0,1.82,1.61,0.21,,12.630000114440918,97.16999816894533,3168.800048828125,3.6,2.3195274699624457,,,,,2026-07-25 07:39:45,,1.7,6.677648955987436,1.55,0.0,-0.4995274699624457,,
2019-12-14,,4095491.0,304160.0,0.0,1.82,1.61,0.21,,12.630000114440918,97.16999816894533,3168.800048828125,3.6,2.3195274699624457,,,,,2026-07-25 07:39:45,,1.7,6.677648955987436,1.55,0.0,-0.4995274699624457,,
2019-12-15,,4095491.0,304160.0,0.0,1.82,1.61,0.21,,12.630000114440918,97.16999816894533,3168.800048828125,3.6,2.3195274699624457,,,,,2026-07-25 07:39:45,,1.7,6.677648955987436,1.55,0.0,-0.4995274699624457,,
2019-12-16,3790.003,4095491.0,304160.0,1.328,1.89,1.65,0.24,,12.140000343322754,97.06999969482422,3191.449951171875,3.6,2.3195274699624457,,,,,2026-07-25 07:39:45,,1.73,6.677648955987436,1.56,0.01,-0.4295274699624458,,
2019-12-17,3790.505,4095491.0,304160.0,0.826,1.89,1.63,0.26,,12.289999961853027,97.20999908447266,3192.52001953125,3.6,2.3195274699624457,,,,,2026-07-25 07:39:45,,1.75,6.677648955987436,1.55,0.0,-0.4295274699624458,,
2019-12-18,3745.117,4137052.0,378573.0,13.362,1.92,1.63,0.29,,12.579999923706056,97.41000366210938,3191.139892578125,3.6,2.3195274699624457,,,,,2026-07-25 07:39:45,,1.76,6.677648955987436,1.55,0.0,-0.3995274699624458,,
2019-12-19,3749.543,4137052.0,378573.0,8.936,1.92,1.62,0.3,,12.5,97.41999816894533,3205.3701171875,3.6,2.3195274699624457,,,,,2026-07-25 07:39:45,,1.77,6.677648955987436,1.55,0.0,-0.3995274699624458,,
2019-12-20,3745.428,4137052.0,378573.0,13.051,1.92,1.63,0.29,,12.510000228881836,97.70999908447266,3221.219970703125,3.6,2.3195274699624457,,,,,2026-07-25 07:39:45,,1.77,6.677648955987436,1.55,0.0,-0.3995274699624458,,
2019-12-21,3745.428,4137052.0,378573.0,13.051,1.92,1.63,0.29,,12.510000228881836,97.70999908447266,3221.219970703125,3.6,2.3195274699624457,,,,,2026-07-25 07:39:45,,1.77,6.677648955987436,1.55,0.0,-0.3995274699624458,,
2019-12-22,3745.428,4137052.0,378573.0,13.051,1.92,1.63,0.29,,12.510000228881836,97.70999908447266,3221.219970703125,3.6,2.3195274699624457,,,,,2026-07-25 07:39:45,,1.77,6.677648955987436,1.55,0.0,-0.3995274699624458,,
2019-12-23,3750.827,4137052.0,378573.0,7.652,1.93,1.64,0.29,,12.609999656677246,97.66000366210938,3224.010009765625,3.6,2.3195274699624457,,,,,2026-07-25 07:39:45,,1.75,6.677648955987436,1.55,0.0,-0.3895274699624458,,
2019-12-24,3754.056,4137052.0,378573.0,4.423,1.9,1.62,0.28,,12.670000076293944,97.6500015258789,3223.3798828125,3.6,2.3195274699624457,,,,,2026-07-25 07:39:45,,1.75,6.677648955987436,1.55,0.0,-0.4195274699624458,,
2019-12-25,3809.234,4165591.0,351934.0,4.423,1.9,1.62,0.28,,12.670000076293944,97.6500015258789,3223.3798828125,3.6,2.3195274699624457,,,,,2026-07-25 07:39:45,,1.75,6.677648955987436,1.55,0.0,-0.4195274699624458,,
2019-12-26,3810.465,4165591.0,351934.0,3.192,1.9,1.64,0.26,,12.649999618530272,97.58999633789062,3239.909912109375,3.6,2.3195274699624457,,,,,2026-07-25 07:39:45,,1.74,6.677648955987436,1.55,0.0,-0.4195274699624458,,
2019-12-27,3812.832,4165591.0,351934.0,0.825,1.88,1.59,0.29,,13.43000030517578,96.91999816894533,3240.02001953125,3.6,2.3195274699624457,,,,,2026-07-25 07:39:45,,1.73,6.677648955987436,1.55,0.0,-0.4395274699624458,,
2019-12-28,3812.832,4165591.0,351934.0,0.825,1.88,1.59,0.29,,13.43000030517578,96.91999816894533,3240.02001953125,3.6,2.3195274699624457,,,,,2026-07-25 07:39:45,,1.73,6.677648955987436,1.55,0.0,-0.4395274699624458,,
2019-12-29,3812.832,4165591.0,351934.0,0.825,1.88,1.59,0.29,,13.43000030517578,96.91999816894533,3240.02001953125,3.6,2.3195274699624457,,,,,2026-07-25 07:39:45,,1.73,6.677648955987436,1.55,-0.01,-0.4395274699624458,,
2019-12-30,3807.132,4165591.0,351934.0,6.525,1.9,1.58,0.32,,14.81999969482422,96.73999786376952,3221.2900390625,3.6,2.3195274699624457,,,,,2026-07-25 07:39:45,,1.75,6.677648955987436,1.55,-0.01,-0.4195274699624458,,
2019-12-31,3749.57,4165591.0,351934.0,64.087,1.92,1.58,0.34,,13.779999732971191,96.38999938964844,3230.780029296875,3.6,2.3195274699624457,,,,,2026-07-25 07:39:45,,1.77,6.677648955987436,1.55,-0.01,-0.3995274699624458,,
2020-01-01,3705.686,4173626.0,403853.0,64.087,1.92,1.58,0.34,,13.779999732971191,96.38999938964844,3230.780029296875,3.6,2.599767976845202,,,,,2026-07-25 07:39:45,,1.77,6.690318609653034,1.55,-0.01,-0.6797679768452021,,
2020-01-02,3766.673,4173626.0,403853.0,3.1,1.88,1.58,0.3,,12.470000267028809,96.8499984741211,3257.85009765625,3.6,2.599767976845202,,,,,2026-07-25 07:39:45,,1.8,6.690318609653034,1.55,0.0,-0.7197679768452021,,
2020-01-03,3765.522,4173626.0,403853.0,4.251,1.8,1.53,0.27,,14.020000457763672,96.83999633789062,3234.85009765625,3.6,2.599767976845202,,,,,2026-07-25 07:39:45,,1.77,6.690318609653034,1.55,0.0,-0.799767976845202,,
2020-01-04,3765.522,4173626.0,403853.0,4.251,1.8,1.53,0.27,,14.020000457763672,96.83999633789062,3234.85009765625,3.6,2.599767976845202,,,,,2026-07-25 07:39:45,,1.77,6.690318609653034,1.55,0.0,-0.799767976845202,,
2020-01-05,3765.522,4173626.0,403853.0,4.251,1.8,1.53,0.27,,14.020000457763672,96.83999633789062,3234.85009765625,3.6,2.599767976845202,,,,,2026-07-25 07:39:45,,1.77,6.690318609653034,1.55,0.0,-0.799767976845202,,
2020-01-06,3765.948,4173626.0,403853.0,3.825,1.81,1.54,0.27,,13.850000381469728,96.66999816894533,3246.280029296875,3.6,2.599767976845202,,,,,2026-07-25 07:39:45,,1.75,6.690318609653034,1.55,0.0,-0.789767976845202,,
2020-01-07,3768.171,4173626.0,403853.0,1.602,1.83,1.54,0.29,,13.789999961853027,96.9800033569336,3237.179931640625,3.6,2.599767976845202,,,,,2026-07-25 07:39:45,,1.74,6.690318609653034,1.55,0.0,-0.7697679768452019,,
2020-01-08,3797.827999999999,4149544.0,350840.0,0.876,1.87,1.58,0.29,,13.449999809265137,97.3000030517578,3253.050048828125,3.6,2.599767976845202,,,,,2026-07-25 07:39:45,,1.75,6.690318609653034,1.55,0.0,-0.7297679768452019,,
2020-01-09,3798.303,4149544.0,350840.0,0.401,1.85,1.58,0.27,,12.539999961853027,97.4499969482422,3274.699951171875,3.6,2.599767976845202,,,,,2026-07-25 07:39:45,,1.74,6.690318609653034,1.55,0.0,-0.7497679768452019,,
2020-01-10,3798.077,4149544.0,350840.0,0.627,1.83,1.56,0.27,,12.5600004196167,97.36000061035156,3265.35009765625,3.6,2.599767976845202,,,,,2026-07-25 07:39:45,,1.76,6.690318609653034,1.54,-0.01,-0.7697679768452019,,
2020-01-11,3798.077,4149544.0,350840.0,0.627,1.83,1.56,0.27,,12.5600004196167,97.36000061035156,3265.35009765625,3.6,2.599767976845202,,,,,2026-07-25 07:39:45,,1.76,6.690318609653034,1.54,-0.01,-0.7697679768452019,,
2020-01-12,3798.077,4149544.0,350840.0,0.627,1.83,1.56,0.27,,12.5600004196167,97.36000061035156,3265.35009765625,3.6,2.599767976845202,,,,,2026-07-25 07:39:45,,1.76,6.690318609653034,1.54,-0.01,-0.7697679768452019,,
2020-01-13,3797.704,4149544.0,350840.0,1.0,1.85,1.58,0.27,,12.31999969482422,97.3499984741211,3288.1298828125,3.6,2.599767976845202,,,,,2026-07-25 07:39:45,,1.77,6.690318609653034,1.54,-0.01,-0.7497679768452019,,
2020-01-14,3798.048,4149544.0,350840.0,0.656,1.82,1.58,0.24,,12.390000343322754,97.37000274658205,3283.14990234375,3.6,2.599767976845202,,,,,2026-07-25 07:39:45,,1.77,6.690318609653034,1.54,-0.01,-0.7797679768452019,,
2020-01-15,3794.373,4175850.0,380802.0,0.675,1.79,1.56,0.23,,12.420000076293944,97.2300033569336,3289.2900390625,3.6,2.599767976845202,,,,,2026-07-25 07:39:45,,1.75,6.690318609653034,1.54,-0.02,-0.809767976845202,,
2020-01-16,3794.748,4175850.0,380802.0,0.3,1.81,1.58,0.23,,12.31999969482422,97.31999969482422,3316.81005859375,3.6,2.599767976845202,,,,,2026-07-25 07:39:45,,1.74,6.690318609653034,1.54,-0.01,-0.789767976845202,,
2020-01-17,3778.898,4175850.0,380802.0,16.15,1.84,1.58,0.26,,12.100000381469728,97.61000061035156,3329.6201171875,3.6,2.599767976845202,,,,,2026-07-25 07:39:45,,1.75,6.690318609653034,1.55,0.0,-0.7597679768452019,,
2020-01-18,3778.898,4175850.0,380802.0,16.15,1.84,1.58,0.26,,12.100000381469728,97.61000061035156,3329.6201171875,3.6,2.599767976845202,,,,,2026-07-25 07:39:45,,1.75,6.690318609653034,1.55,0.0,-0.7597679768452019,,
2020-01-19,3778.898,4175850.0,380802.0,16.15,1.84,1.58,0.26,,12.100000381469728,97.61000061035156,3329.6201171875,3.6,2.599767976845202,,,,,2026-07-25 07:39:45,,1.75,6.690318609653034,1.55,0.0,-0.7597679768452019,,
2020-01-20,3778.898,4175850.0,380802.0,16.15,1.84,1.58,0.26,,12.100000381469728,97.61000061035156,3329.6201171875,3.6,2.599767976845202,,,,,2026-07-25 07:39:45,,1.75,6.690318609653034,1.55,0.0,-0.7597679768452019,,
2020-01-21,3781.667,4175850.0,380802.0,13.381,1.78,1.53,0.25,,12.850000381469728,97.52999877929688,3320.7900390625,3.6,2.599767976845202,,,,,2026-07-25 07:39:45,,1.74,6.690318609653034,1.55,0.0,-0.819767976845202,,
2020-01-22,3718.6,4145912.0,411708.0,15.604,1.77,1.53,0.24,,12.90999984741211,97.52999877929688,3321.75,3.6,2.599767976845202,,,,,2026-07-25 07:39:45,,1.72,6.690318609653034,1.55,0.0,-0.829767976845202,,
2020-01-23,3721.3,4145912.0,411708.0,12.904,1.74,1.51,0.23,,12.979999542236328,97.69000244140624,3325.5400390625,3.6,2.599767976845202,,,,,2026-07-25 07:39:45,,1.7,6.690318609653034,1.55,0.0,-0.859767976845202,,
2020-01-24,,4145912.0,411708.0,0.0,1.7,1.49,0.21,,14.5600004196167,97.8499984741211,3295.469970703125,3.6,2.599767976845202,,,,,2026-07-25 07:39:45,,1.68,6.690318609653034,1.55,0.0,-0.899767976845202,,
2020-01-25,,4145912.0,411708.0,0.0,1.7,1.49,0.21,,14.5600004196167,97.8499984741211,3295.469970703125,3.6,2.599767976845202,,,,,2026-07-25 07:39:45,,1.68,6.690318609653034,1.55,0.0,-0.899767976845202,,
2020-01-26,,4145912.0,411708.0,0.0,1.7,1.49,0.21,,14.5600004196167,97.8499984741211,3295.469970703125,3.6,2.599767976845202,,,,,2026-07-25 07:39:45,,1.68,6.690318609653034,1.55,0.0,-0.899767976845202,,
2020-01-27,3734.202,4145912.0,411708.0,0.002,1.61,1.44,0.17,,18.229999542236328,97.95999908447266,3243.6298828125,3.6,2.599767976845202,,,,,2026-07-25 07:39:45,,1.63,6.690318609653034,1.55,0.0,-0.989767976845202,,
2020-01-28,3734.202,4145912.0,411708.0,0.002,1.65,1.45,0.2,,16.280000686645508,98.0199966430664,3276.239990234375,3.6,2.599767976845202,,,,,2026-07-25 07:39:45,,1.65,6.690318609653034,1.55,0.0,-0.949767976845202,,
2020-01-29,3700.793,4151630.0,450537.0,0.3,1.6,1.42,0.18,,16.389999389648438,97.98999786376952,3273.39990234375,3.6,2.599767976845202,,,,,2026-07-25 07:39:45,,1.64,6.690318609653034,1.55,0.0,-0.999767976845202,,
2020-01-30,3696.953,4151630.0,450537.0,4.14,1.57,1.41,0.16,,15.489999771118164,97.87000274658205,3283.659912109375,3.6,2.599767976845202,,,,,2026-07-25 07:39:45,,1.64,6.690318609653034,1.6,0.05,-1.029767976845202,,
2020-01-31,3696.593,4151630.0,450537.0,4.5,1.51,1.33,0.18,,18.84000015258789,97.38999938964844,3225.52001953125,3.6,2.599767976845202,,,,,2026-07-25 07:39:45,,1.65,6.690318609653034,1.59,0.04,-1.089767976845202,,
2020-02-01,3696.593,4151630.0,450537.0,4.5,1.51,1.33,0.18,,18.84000015258789,97.38999938964844,3225.52001953125,3.5,2.3413166797595197,,,,,2026-07-25 07:39:45,,1.65,6.804629712607624,1.59,0.04,-0.8313166797595197,,
2020-02-02,3696.593,4151630.0,450537.0,4.5,1.51,1.33,0.18,,18.84000015258789,97.38999938964844,3225.52001953125,3.5,2.3413166797595197,,,,,2026-07-25 07:39:45,,1.65,6.804629712607624,1.59,0.04,-0.8313166797595197,,
2020-02-03,3694.933,4151630.0,450537.0,6.16,1.54,1.36,0.18,,17.969999313354492,97.8000030517578,3248.919921875,3.5,2.3413166797595197,,,,,2026-07-25 07:39:45,,1.63,6.804629712607624,1.59,0.04,-0.8013166797595197,,
2020-02-04,3698.981,4151630.0,450537.0,2.112,1.61,1.41,0.2,,16.049999237060547,97.95999908447266,3297.590087890625,3.5,2.3413166797595197,,,,,2026-07-25 07:39:45,,1.64,6.804629712607624,1.59,0.04,-0.7313166797595196,,
2020-02-05,3746.01,4166707.0,416585.0,4.112,1.66,1.44,0.22,,15.149999618530272,98.2699966430664,3334.68994140625,3.5,2.3413166797595197,,,,,2026-07-25 07:39:45,,1.66,6.804629712607624,1.59,0.04,-0.6813166797595198,,
2020-02-06,3749.719000000001,4166707.0,416585.0,0.403,1.65,1.44,0.21,,14.960000038146973,98.5,3345.780029296875,3.5,2.3413166797595197,,,,,2026-07-25 07:39:45,,1.67,6.804629712607624,1.59,0.04,-0.6913166797595198,,
2020-02-07,3749.022,4166707.0,416585.0,1.1,1.59,1.41,0.18,,15.470000267028809,98.68000030517578,3327.7099609375,3.5,2.3413166797595197,,,,,2026-07-25 07:39:45,,1.66,6.804629712607624,1.58,0.03,-0.7513166797595197,,
2020-02-08,3749.022,4166707.0,416585.0,1.1,1.59,1.41,0.18,,15.470000267028809,98.68000030517578,3327.7099609375,3.5,2.3413166797595197,,,,,2026-07-25 07:39:45,,1.66,6.804629712607624,1.58,0.03,-0.7513166797595197,,
2020-02-09,3749.022,4166707.0,416585.0,1.1,1.59,1.41,0.18,,15.470000267028809,98.68000030517578,3327.7099609375,3.5,2.3413166797595197,,,,,2026-07-25 07:39:45,,1.66,6.804629712607624,1.58,0.04,-0.7513166797595197,,
2020-02-10,3749.292,4166707.0,416585.0,0.83,1.56,1.37,0.19,,15.039999961853027,98.83000183105467,3352.090087890625,3.5,2.3413166797595197,,,,,2026-07-25 07:39:45,,1.66,6.804629712607624,1.58,0.04,-0.7813166797595197,,
2020-02-11,3749.894,4166707.0,416585.0,0.228,1.59,1.41,0.18,,15.18000030517578,98.72000122070312,3357.75,3.5,2.3413166797595197,,,,,2026-07-25 07:39:46,,1.65,6.804629712607624,1.58,0.04,-0.7513166797595197,,
2020-02-12,3778.039,4182689.0,404341.0,0.309,1.62,1.44,0.18,,13.739999771118164,99.0500030517578,3379.449951171875,3.5,2.3413166797595197,,,,,2026-07-25 07:39:46,,1.66,6.804629712607624,1.58,0.04,-0.7213166797595196,,
2020-02-13,3777.8980000000006,4182689.0,404341.0,0.45,1.61,1.44,0.17,,14.149999618530272,99.06999969482422,3373.93994140625,3.5,2.3413166797595197,,,,,2026-07-25 07:39:46,,1.67,6.804629712607624,1.58,0.04,-0.7313166797595196,,
2020-02-14,,4182689.0,404341.0,0.0,1.59,1.42,0.17,,13.68000030517578,99.12000274658205,3380.159912109375,3.5,2.3413166797595197,,,,,2026-07-25 07:39:46,,1.66,6.804629712607624,1.58,0.04,-0.7513166797595197,,
2020-02-15,,4182689.0,404341.0,0.0,1.59,1.42,0.17,,13.68000030517578,99.12000274658205,3380.159912109375,3.5,2.3413166797595197,,,,,2026-07-25 07:39:46,,1.66,6.804629712607624,1.58,0.04,-0.7513166797595197,,
2020-02-16,,4182689.0,404341.0,0.0,1.59,1.42,0.17,,13.68000030517578,99.12000274658205,3380.159912109375,3.5,2.3413166797595197,,,,,2026-07-25 07:39:46,,1.66,6.804629712607624,1.58,0.03,-0.7513166797595197,,
2020-02-17,,4182689.0,404341.0,0.0,1.59,1.42,0.17,,13.68000030517578,99.12000274658205,3380.159912109375,3.5,2.3413166797595197,,,,,2026-07-25 07:39:46,,1.66,6.804629712607624,1.58,0.03,-0.7513166797595197,,
2020-02-18,3768.894,4182689.0,404341.0,9.454,1.55,1.41,0.14,,14.829999923706056,99.45999908447266,3370.2900390625,3.5,2.3413166797595197,,,,,2026-07-25 07:39:46,,1.65,6.804629712607624,1.59,0.04,-0.7913166797595197,,
2020-02-19,3750.424,4171570.0,421051.0,0.095,1.56,1.42,0.14,,14.380000114440918,99.5999984741211,3386.14990234375,3.5,2.3413166797595197,,,,,2026-07-25 07:39:46,,1.65,6.804629712607624,1.59,0.04,-0.7813166797595197,,
2020-02-20,3746.919,4171570.0,421051.0,3.6,1.52,1.39,0.13,,15.5600004196167,99.87000274658205,3373.22998046875,3.5,2.3413166797595197,,,,,2026-07-25 07:39:46,,1.63,6.804629712607624,1.59,0.04,-0.8213166797595197,,
2020-02-21,3745.987,4171570.0,421051.0,4.532,1.46,1.34,0.12,,17.079999923706055,99.26000213623048,3337.75,3.5,2.3413166797595197,,,,,2026-07-25 07:39:46,,1.61,6.804629712607624,1.58,0.03,-0.8813166797595198,,
2020-02-22,3745.987,4171570.0,421051.0,4.532,1.46,1.34,0.12,,17.079999923706055,99.26000213623048,3337.75,3.5,2.3413166797595197,,,,,2026-07-25 07:39:46,,1.61,6.804629712607624,1.58,0.03,-0.8813166797595198,,
2020-02-23,3745.987,4171570.0,421051.0,4.532,1.46,1.34,0.12,,17.079999923706055,99.26000213623048,3337.75,3.5,2.3413166797595197,,,,,2026-07-25 07:39:46,,1.61,6.804629712607624,1.58,0.03,-0.8813166797595198,,
2020-02-24,3749.927,4171570.0,421051.0,0.592,1.38,1.26,0.12,,25.030000686645508,99.29000091552734,3225.889892578125,3.5,2.3413166797595197,,,,,2026-07-25 07:39:46,,1.59,6.804629712607624,1.58,0.03,-0.9613166797595198,,
2020-02-25,3750.408,4171570.0,421051.0,0.111,1.33,1.2,0.13,,27.850000381469727,98.97000122070312,3128.2099609375,3.5,2.3413166797595197,,,,,2026-07-25 07:39:46,,1.53,6.804629712607624,1.58,0.03,-1.0113166797595197,,
2020-02-26,3768.722,4158637.0,387615.0,2.3,1.33,1.16,0.17,,27.559999465942383,99.0,3116.389892578125,3.5,2.3413166797595197,,,,,2026-07-25 07:39:46,,1.54,6.804629712607624,1.58,0.03,-1.0113166797595197,,
2020-02-27,3770.747,4158637.0,387615.0,0.275,1.3,1.11,0.19,,39.15999984741211,98.44000244140624,2978.760009765625,3.5,2.3413166797595197,,,,,2026-07-25 07:39:46,,1.53,6.804629712607624,1.58,0.03,-1.0413166797595197,,
2020-02-28,3768.835,4158637.0,387615.0,2.187,1.13,0.86,0.27,,40.11000061035156,98.12999725341795,2954.219970703125,3.5,2.3413166797595197,,,,,2026-07-25 07:39:46,,1.41,6.804629712607624,1.58,0.03,-1.2113166797595198,,
2020-02-29,3768.835,4158637.0,387615.0,2.187,1.13,0.86,0.27,,40.11000061035156,98.12999725341795,2954.219970703125,3.5,1.9557411798943656,,,,,2026-07-25 07:39:46,,1.41,6.428988493903476,1.58,-0.02,-0.8257411798943659,,
2020-03-01,3768.835,4158637.0,387615.0,2.187,1.13,0.86,0.27,,40.11000061035156,98.12999725341795,2954.219970703125,4.4,1.4940399642909163,,,,,2026-07-25 07:39:46,,1.41,10.13566889919286,1.58,-0.01,-0.3640399642909164,,
2020-03-02,3768.497,4158637.0,387615.0,2.525,1.1,0.84,0.26,,33.41999816894531,97.36000061035156,3090.22998046875,4.4,1.4940399642909163,,,,,2026-07-25 07:39:46,,1.41,10.13566889919286,1.59,0.0,-0.3940399642909162,,
2020-03-03,3770.395,4158637.0,387615.0,0.627,1.02,0.71,0.31,,36.81999969482422,97.1500015258789,3003.3701171875,4.4,1.4940399642909163,,,,,2026-07-25 07:39:46,,1.45,10.13566889919286,1.59,0.0,-0.4740399642909163,,
2020-03-04,3855.1799999999994,4241507.0,381302.0,5.025,1.02,0.67,0.35,,31.989999771118164,97.33999633789062,3130.1201171875,4.4,1.4940399642909163,,,,,2026-07-25 07:39:46,,1.46,10.13566889919286,1.09,-0.5,-0.4740399642909163,,
2020-03-05,3859.355,4241507.0,381302.0,0.85,0.92,0.59,0.33,,39.619998931884766,96.81999969482422,3023.93994140625,4.4,1.4940399642909163,,,,,2026-07-25 07:39:46,,1.4,10.13566889919286,1.09,-0.5,-0.5740399642909163,,
2020-03-06,3857.275,4241507.0,381302.0,2.93,0.74,0.49,0.25,,41.939998626708984,95.9499969482422,2972.3701171875,4.4,1.4940399642909163,,,,,2026-07-25 07:39:46,,1.31,10.13566889919286,1.09,-0.5,-0.7540399642909164,,
2020-03-07,3857.275,4241507.0,381302.0,2.93,0.74,0.49,0.25,,41.939998626708984,95.9499969482422,2972.3701171875,4.4,1.4940399642909163,,,,,2026-07-25 07:39:46,,1.31,10.13566889919286,1.09,-0.5,-0.7540399642909164,,
2020-03-08,3857.275,4241507.0,381302.0,2.93,0.74,0.49,0.25,,41.939998626708984,95.9499969482422,2972.3701171875,4.4,1.4940399642909163,,,,,2026-07-25 07:39:46,,1.31,10.13566889919286,1.09,-0.49,-0.7540399642909164,,
2020-03-09,3857.701,4241507.0,381302.0,2.504,0.54,0.38,0.16,,54.459999084472656,94.9000015258789,2746.56005859375,4.4,1.4940399642909163,,,,,2026-07-25 07:39:46,,0.99,10.13566889919286,1.09,-0.49,-0.9540399642909164,,
2020-03-10,3860.054,4241507.0,381302.0,0.151,0.76,0.5,0.26,,47.29999923706055,96.41000366210938,2882.22998046875,4.4,1.4940399642909163,,,,,2026-07-25 07:39:46,,1.0,10.13566889919286,1.09,-0.49,-0.7340399642909163,,
2020-03-11,3938.249,4311911.0,372337.0,1.325,0.82,0.5,0.32,,53.900001525878906,96.51000213623048,2741.3798828125,4.4,1.4940399642909163,,,,,2026-07-25 07:39:46,,0.96,10.13566889919286,1.09,-0.49,-0.6740399642909164,,
2020-03-12,3918.524,4311911.0,372337.0,21.05,0.88,0.5,0.38,,75.47000122070312,97.47000122070312,2480.639892578125,4.4,1.4940399642909163,,,,,2026-07-25 07:39:46,,0.92,10.13566889919286,1.1,-0.48,-0.6140399642909163,,
2020-03-13,3924.474,4311911.0,372337.0,15.1,0.94,0.49,0.45,,57.83000183105469,98.75,2711.02001953125,4.4,1.4940399642909163,,,,,2026-07-25 07:39:46,,0.9,10.13566889919286,1.1,-0.48,-0.5540399642909164,,
2020-03-14,3924.474,4311911.0,372337.0,15.1,0.94,0.49,0.45,,57.83000183105469,98.75,2711.02001953125,4.4,1.4940399642909163,,,,,2026-07-25 07:39:46,,0.9,10.13566889919286,1.1,-0.48,-0.5540399642909164,,
2020-03-15,3924.474,4311911.0,372337.0,15.1,0.94,0.49,0.45,,57.83000183105469,98.75,2711.02001953125,4.4,1.4940399642909163,,,,,2026-07-25 07:39:46,,0.9,10.13566889919286,1.1,-0.48,-0.5540399642909164,,
2020-03-16,3938.149,4311911.0,372337.0,1.425,0.73,0.36,0.37,,82.69000244140625,98.08999633789062,2386.1298828125,4.4,1.4940399642909163,,,,,2026-07-25 07:39:46,,0.73,10.13566889919286,0.25,-1.33,-0.7640399642909164,,
2020-03-17,3933.874,4311911.0,372337.0,5.7,1.02,0.47,0.55,,75.91000366210938,99.58000183105467,2529.18994140625,4.4,1.4940399642909163,,,,,2026-07-25 07:39:46,,0.63,10.13566889919286,0.25,-1.33,-0.4740399642909163,,
2020-03-18,4266.381,4668212.0,401354.0,0.477,1.18,0.54,0.64,,76.44999694824219,101.16000366210938,2398.10009765625,4.4,1.4940399642909163,,,,,2026-07-25 07:39:46,,0.63,10.13566889919286,0.25,-1.33,-0.3140399642909164,,
2020-03-19,4265.6630000000005,4668212.0,401354.0,1.195,1.12,0.44,0.68,,72.0,102.76000213623048,2409.389892578125,4.4,1.4940399642909163,,,,,2026-07-25 07:39:46,,0.5,10.13566889919286,0.2,-1.39,-0.3740399642909162,,
2020-03-20,4254.655,4668212.0,401354.0,12.203,0.92,0.37,0.55,,66.04000091552734,102.81999969482422,2304.919921875,4.4,1.4940399642909163,,,,,2026-07-25 07:39:46,,0.75,10.13566889919286,0.15,-1.4400000000000002,-0.5740399642909163,,
2020-03-21,4254.655,4668212.0,401354.0,12.203,0.92,0.37,0.55,,66.04000091552734,102.81999969482422,2304.919921875,4.4,1.4940399642909163,,,,,2026-07-25 07:39:46,,0.75,10.13566889919286,0.15,-1.4400000000000002,-0.5740399642909163,,
2020-03-22,4254.655,4668212.0,401354.0,12.203,0.92,0.37,0.55,,66.04000091552734,102.81999969482422,2304.919921875,4.4,1.4940399642909163,,,,,2026-07-25 07:39:46,,0.75,10.13566889919286,0.15,-1.4300000000000002,-0.5740399642909163,,
2020-03-23,4239.914,4668212.0,401354.0,26.944,0.76,0.28,0.48,,61.59000015258789,102.48999786376952,2237.39990234375,4.4,1.4940399642909163,,,,,2026-07-25 07:39:46,,0.8,10.13566889919286,0.15,-1.4300000000000002,-0.7340399642909163,,
2020-03-24,4225.342000000001,4668212.0,401354.0,41.516,0.84,0.38,0.46,,61.66999816894531,101.73999786376952,2447.330078125,4.4,1.4940399642909163,,,,,2026-07-25 07:39:46,,0.97,10.13566889919286,0.12,-1.46,-0.6540399642909164,,
2020-03-25,4771.977,5254278.0,384890.0,97.411,0.88,0.34,0.54,,63.95000076293945,101.0500030517578,2475.56005859375,4.4,1.4940399642909163,,,,,2026-07-25 07:39:46,,1.07,10.13566889919286,0.1,-1.48,-0.6140399642909163,,
2020-03-26,4730.908,5254278.0,384890.0,138.48,0.83,0.3,0.53,,61.0,99.41999816894533,2630.070068359375,4.4,1.4940399642909163,,,,,2026-07-25 07:39:46,,1.07,10.13566889919286,0.1,-1.48,-0.6640399642909164,,
2020-03-27,4658.594,5254278.0,384890.0,210.794,0.72,0.25,0.47,,65.54000091552734,98.37000274658205,2541.469970703125,4.4,1.4940399642909163,,,,,2026-07-25 07:39:46,,0.94,10.13566889919286,0.1,-1.48,-0.7740399642909164,,
2020-03-28,4658.594,5254278.0,384890.0,210.794,0.72,0.25,0.47,,65.54000091552734,98.37000274658205,2541.469970703125,4.4,1.4940399642909163,,,,,2026-07-25 07:39:46,,0.94,10.13566889919286,0.1,-1.48,-0.7740399642909164,,
2020-03-29,4658.594,5254278.0,384890.0,210.794,0.72,0.25,0.47,,65.54000091552734,98.37000274658205,2541.469970703125,4.4,1.4940399642909163,,,,,2026-07-25 07:39:46,,0.94,10.13566889919286,0.1,-1.48,-0.7740399642909164,,
2020-03-30,4631.891,5254278.0,384890.0,237.497,0.7,0.23,0.47,,57.08000183105469,99.18000030517578,2626.64990234375,4.4,1.4940399642909163,,,,,2026-07-25 07:39:46,,0.95,10.13566889919286,0.09,-1.49,-0.7940399642909164,,
2020-03-31,4584.48,5254278.0,384890.0,284.908,0.7,0.23,0.47,,53.540000915527344,99.0500030517578,2584.590087890625,4.4,1.1138841764191998,,,,,2026-07-25 07:39:46,,0.87,9.8549473438988,0.08,-1.5,-0.4138841764191998,,
2020-04-01,5096.846,5811607.0,506933.0,207.828,0.62,0.23,0.39,,57.060001373291016,99.66999816894533,2470.5,14.8,0.3130472940411133,,,,,2026-07-25 07:39:46,,0.91,16.928062926952926,0.06,-1.53,0.3069527059588867,,
2020-04-02,5122.047,5811607.0,506933.0,182.627,0.63,0.23,0.4,,50.90999984741211,100.18000030517578,2526.89990234375,14.8,0.3130472940411133,,,,,2026-07-25 07:39:46,,1.03,16.928062926952926,0.05,-1.54,0.3169527059588867,,
2020-04-03,5156.557,5811607.0,506933.0,148.117,0.62,0.23,0.39,,46.79999923706055,100.58000183105467,2488.64990234375,14.8,0.3130472940411133,,,,,2026-07-25 07:39:46,,1.08,16.928062926952926,0.05,-1.04,0.3069527059588867,,
2020-04-04,5156.557,5811607.0,506933.0,148.117,0.62,0.23,0.39,,46.79999923706055,100.58000183105467,2488.64990234375,14.8,0.3130472940411133,,,,,2026-07-25 07:39:46,,1.08,16.928062926952926,0.05,-1.04,0.3069527059588867,,
2020-04-05,5156.557,5811607.0,506933.0,148.117,0.62,0.23,0.39,,46.79999923706055,100.58000183105467,2488.64990234375,14.8,0.3130472940411133,,,,,2026-07-25 07:39:46,,1.08,16.928062926952926,0.05,-1.04,0.3069527059588867,,
2020-04-06,5160.38,5811607.0,506933.0,144.294,0.67,0.27,0.4,,45.2400016784668,100.69000244140624,2663.679931640625,14.8,0.3130472940411133,,,,,2026-07-25 07:39:46,,1.14,16.928062926952926,0.05,-1.04,0.3569527059588867,,
2020-04-07,5216.314,5811607.0,506933.0,88.36,0.75,0.28,0.47,,46.70000076293945,99.9800033569336,2659.409912109375,14.8,0.3130472940411133,,,,,2026-07-25 07:39:46,,1.17,16.928062926952926,0.05,-1.04,0.4369527059588867,,
2020-04-08,5202.48,6083141.0,827178.0,53.483,0.77,0.27,0.5,,43.349998474121094,100.12000274658205,2749.97998046875,14.8,0.3130472940411133,,,,,2026-07-25 07:39:46,,1.19,16.928062926952926,0.05,-1.04,0.4569527059588867,,
2020-04-09,5250.438,6083141.0,827178.0,5.525,0.73,0.23,0.5,,41.66999816894531,99.5199966430664,2789.820068359375,14.8,0.3130472940411133,,,,,2026-07-25 07:39:46,,1.23,16.928062926952926,0.05,-1.04,0.4169527059588866,,
2020-04-10,5250.438,6083141.0,827178.0,5.525,0.73,0.23,0.5,,41.66999816894531,99.5199966430664,2789.820068359375,14.8,0.3130472940411133,,,,,2026-07-25 07:39:46,,1.23,16.928062926952926,0.05,-1.04,0.4169527059588866,,
2020-04-11,5250.438,6083141.0,827178.0,5.525,0.73,0.23,0.5,,41.66999816894531,99.5199966430664,2789.820068359375,14.8,0.3130472940411133,,,,,2026-07-25 07:39:46,,1.23,16.928062926952926,0.05,-1.05,0.4169527059588866,,
2020-04-12,5250.438,6083141.0,827178.0,5.525,0.73,0.23,0.5,,41.66999816894531,99.5199966430664,2789.820068359375,14.8,0.3130472940411133,,,,,2026-07-25 07:39:46,,1.23,16.928062926952926,0.05,-1.05,0.4169527059588866,,
2020-04-13,5249.862999999999,6083141.0,827178.0,6.1,0.76,0.25,0.51,,41.16999816894531,99.3499984741211,2761.6298828125,14.8,0.3130472940411133,,,,,2026-07-25 07:39:46,,1.26,16.928062926952926,0.05,-1.05,0.4469527059588867,,
2020-04-14,5246.063,6083141.0,827178.0,9.9,0.76,0.23,0.53,,37.7599983215332,98.88999938964844,2846.06005859375,14.8,0.3130472940411133,,,,,2026-07-25 07:39:46,,1.29,16.928062926952926,0.05,-1.05,0.4469527059588867,,
2020-04-15,5508.582,6367887.0,856155.0,3.15,0.63,0.2,0.43,,40.84000015258789,99.45999908447266,2783.360107421875,14.8,0.3130472940411133,,,,,2026-07-25 07:39:47,,1.19,16.928062926952926,0.05,-0.2,0.3169527059588867,,
2020-04-16,5510.207,6367887.0,856155.0,1.525,0.61,0.2,0.41,,40.11000061035156,100.02999877929688,2799.550048828125,14.8,0.3130472940411133,,,,,2026-07-25 07:39:47,,1.03,16.928062926952926,0.05,-0.2,0.2969527059588867,,
2020-04-17,5510.006,6367887.0,856155.0,1.726,0.65,0.2,0.45,,38.150001525878906,99.77999877929688,2874.56005859375,14.8,0.3130472940411133,,,,,2026-07-25 07:39:47,,1.01,16.928062926952926,0.05,-0.2,0.3369527059588867,,
2020-04-18,5510.006,6367887.0,856155.0,1.726,0.65,0.2,0.45,,38.150001525878906,99.77999877929688,2874.56005859375,14.8,0.3130472940411133,,,,,2026-07-25 07:39:47,,1.01,16.928062926952926,0.05,-0.15,0.3369527059588867,,
2020-04-19,5510.006,6367887.0,856155.0,1.726,0.65,0.2,0.45,,38.150001525878906,99.77999877929688,2874.56005859375,14.8,0.3130472940411133,,,,,2026-07-25 07:39:47,,1.01,16.928062926952926,0.05,-0.0999999999999999,0.3369527059588867,,
2020-04-20,5480.732,6367887.0,856155.0,31.0,0.63,0.2,0.43,,43.83000183105469,99.95999908447266,2823.159912109375,14.8,0.3130472940411133,,,,,2026-07-25 07:39:47,,0.94,16.928062926952926,0.05,-0.0999999999999999,0.3169527059588867,,
2020-04-21,5499.204,6367887.0,856155.0,12.528,0.58,0.2,0.38,,45.40999984741211,100.26000213623048,2736.56005859375,14.8,0.3130472940411133,,,,,2026-07-25 07:39:47,,0.96,16.928062926952926,0.05,-0.0999999999999999,0.2669527059588866,,
2020-04-22,5612.312000000001,6573136.0,949999.0,10.825,0.63,0.22,0.41,,41.97999954223633,100.38999938964844,2799.31005859375,14.8,0.3130472940411133,,,,,2026-07-25 07:39:47,,1.06,16.928062926952926,0.05,-0.0999999999999999,0.3169527059588867,,
2020-04-23,5621.687000000001,6573136.0,949999.0,1.45,0.61,0.22,0.39,,41.380001068115234,100.43000030517578,2797.800048828125,14.8,0.3130472940411133,,,,,2026-07-25 07:39:47,,1.05,16.928062926952926,0.04,-0.0799999999999999,0.2969527059588867,,
2020-04-24,5621.637000000001,6573136.0,949999.0,1.5,0.6,0.22,0.38,,35.93000030517578,100.37999725341795,2836.739990234375,14.8,0.3130472940411133,,,,,2026-07-25 07:39:47,,1.11,16.928062926952926,0.05,-0.05,0.2869527059588866,,
2020-04-25,5621.637000000001,6573136.0,949999.0,1.5,0.6,0.22,0.38,,35.93000030517578,100.37999725341795,2836.739990234375,14.8,0.3130472940411133,,,,,2026-07-25 07:39:47,,1.11,16.928062926952926,0.05,-0.05,0.2869527059588866,,
2020-04-26,5621.637000000001,6573136.0,949999.0,1.5,0.6,0.22,0.38,,35.93000030517578,100.37999725341795,2836.739990234375,14.8,0.3130472940411133,,,,,2026-07-25 07:39:47,,1.11,16.928062926952926,0.05,-0.05,0.2869527059588866,,
2020-04-27,5606.661000000001,6573136.0,949999.0,16.476,0.67,0.24,0.43,,33.290000915527344,100.04000091552734,2878.47998046875,14.8,0.3130472940411133,,,,,2026-07-25 07:39:47,,1.17,16.928062926952926,0.04,-0.06,0.3569527059588867,,
2020-04-28,5616.006,6573136.0,949999.0,7.131,0.62,0.2,0.42,,33.56999969482422,99.87000274658205,2863.389892578125,14.8,0.3130472940411133,,,,,2026-07-25 07:39:47,,1.14,16.928062926952926,0.04,-0.06,0.3069527059588867,,
2020-04-29,5578.247,6655929.0,1076232.0,1.45,0.63,0.2,0.43,,31.229999542236328,99.56999969482422,2939.510009765625,14.8,0.3130472940411133,,,,,2026-07-25 07:39:47,,1.14,16.928062926952926,0.04,-0.0499999999999999,0.3169527059588867,,
2020-04-30,5577.9220000000005,6655929.0,1076232.0,1.775,0.64,0.2,0.44,,34.150001525878906,99.0199966430664,2912.429931640625,14.8,0.2882928052143407,,,,,2026-07-25 07:39:47,,1.07,16.055738418432576,0.05,-0.03,0.3517071947856592,,
2020-05-01,5579.446,6655929.0,1076232.0,0.251,0.64,0.2,0.44,,37.189998626708984,98.8000030517578,2830.7099609375,13.2,0.1982013035848551,,,,,2026-07-25 07:39:47,,1.06,21.956013166127164,0.05,-0.0099999999999999,0.4417986964151449,,
2020-05-02,5579.446,6655929.0,1076232.0,0.251,0.64,0.2,0.44,,37.189998626708984,98.8000030517578,2830.7099609375,13.2,0.1982013035848551,,,,,2026-07-25 07:39:47,,1.06,21.956013166127164,0.05,0.0,0.4417986964151449,,
2020-05-03,5579.446,6655929.0,1076232.0,0.251,0.64,0.2,0.44,,37.189998626708984,98.8000030517578,2830.7099609375,13.2,0.1982013035848551,,,,,2026-07-25 07:39:47,,1.06,21.956013166127164,0.05,0.0,0.4417986964151449,,
2020-05-04,5574.847,6655929.0,1076232.0,4.85,0.64,0.19,0.45,,35.970001220703125,99.4800033569336,2842.739990234375,13.2,0.1982013035848551,,,,,2026-07-25 07:39:47,,1.07,21.956013166127164,0.05,0.0,0.4417986964151449,,
2020-05-05,5577.772,6655929.0,1076232.0,1.925,0.66,0.19,0.47,,33.61000061035156,99.70999908447266,2868.43994140625,13.2,0.1982013035848551,,,,,2026-07-25 07:39:47,,1.1,21.956013166127164,0.05,0.0,0.4617986964151449,,
2020-05-06,5576.977,6721420.0,1143268.0,1.175,0.72,0.17,0.55,,34.119998931884766,100.08999633789062,2848.419921875,13.2,0.1982013035848551,,,,,2026-07-25 07:39:47,,1.1,21.956013166127164,0.05,0.0,0.5217986964151449,,
2020-05-07,5577.17,6721420.0,1143268.0,0.982,0.63,0.13,0.5,,31.440000534057617,99.88999938964844,2881.18994140625,13.2,0.1982013035848551,,,,,2026-07-25 07:39:47,,1.08,21.956013166127164,0.05,0.0,0.4317986964151449,,
2020-05-08,5577.472,6721420.0,1143268.0,0.68,0.69,0.16,0.53,,27.979999542236328,99.7300033569336,2929.800048828125,13.2,0.1982013035848551,,,,,2026-07-25 07:39:47,,1.12,21.956013166127164,0.05,0.0,0.4917986964151448,,
2020-05-09,5577.472,6721420.0,1143268.0,0.68,0.69,0.16,0.53,,27.979999542236328,99.7300033569336,2929.800048828125,13.2,0.1982013035848551,,,,,2026-07-25 07:39:47,,1.12,21.956013166127164,0.05,0.0,0.4917986964151448,,
2020-05-10,5577.472,6721420.0,1143268.0,0.68,0.69,0.16,0.53,,27.979999542236328,99.7300033569336,2929.800048828125,13.2,0.1982013035848551,,,,,2026-07-25 07:39:47,,1.12,21.956013166127164,0.05,0.0,0.4917986964151448,,
2020-05-11,5578.029,6721420.0,1143268.0,0.123,0.73,0.17,0.56,,27.56999969482422,100.23999786376952,2930.18994140625,13.2,0.1982013035848551,,,,,2026-07-25 07:39:47,,1.13,21.956013166127164,0.05,0.0,0.5317986964151449,,
2020-05-12,5577.327,6721420.0,1143268.0,0.825,0.69,0.17,0.52,,33.040000915527344,99.93000030517578,2870.1201171875,13.2,0.1982013035848551,,,,,2026-07-25 07:39:47,,1.09,21.956013166127164,0.05,0.0,0.4917986964151448,,
2020-05-13,5782.2300000000005,6934227.0,1138172.0,13.825,0.64,0.16,0.48,,35.279998779296875,100.23999786376952,2820.0,13.2,0.1982013035848551,,,,,2026-07-25 07:39:47,,1.07,21.956013166127164,0.05,0.0,0.4417986964151449,,
2020-05-14,5795.9220000000005,6934227.0,1138172.0,0.133,0.63,0.16,0.47,,32.61000061035156,100.47000122070312,2852.5,13.2,0.1982013035848551,,,,,2026-07-25 07:39:47,,1.06,21.956013166127164,0.05,0.0,0.4317986964151449,,
2020-05-15,5794.905000000001,6934227.0,1138172.0,1.15,0.64,0.16,0.48,,31.88999938964844,100.4000015258789,2863.699951171875,13.2,0.1982013035848551,,,,,2026-07-25 07:39:47,,1.09,21.956013166127164,0.05,0.0,0.4417986964151449,,
2020-05-16,5794.905000000001,6934227.0,1138172.0,1.15,0.64,0.16,0.48,,31.88999938964844,100.4000015258789,2863.699951171875,13.2,0.1982013035848551,,,,,2026-07-25 07:39:47,,1.09,21.956013166127164,0.05,0.0,0.4417986964151449,,
2020-05-17,5794.905000000001,6934227.0,1138172.0,1.15,0.64,0.16,0.48,,31.88999938964844,100.4000015258789,2863.699951171875,13.2,0.1982013035848551,,,,,2026-07-25 07:39:47,,1.09,21.956013166127164,0.05,0.0,0.4417986964151449,,
2020-05-18,5795.477,6934227.0,1138172.0,0.578,0.73,0.18,0.55,,29.299999237060547,99.66999816894533,2953.909912109375,13.2,0.1982013035848551,,,,,2026-07-25 07:39:47,,1.17,21.956013166127164,0.05,0.0,0.5317986964151449,,
2020-05-19,5795.965,6934227.0,1138172.0,0.09,0.7,0.17,0.53,,30.530000686645508,99.37000274658205,2922.93994140625,13.2,0.1982013035848551,,,,,2026-07-25 07:39:47,,1.15,21.956013166127164,0.05,0.0,0.5017986964151449,,
2020-05-20,5834.235,7037258.0,1193297.0,9.726,0.68,0.16,0.52,,27.989999771118164,99.12000274658205,2971.610107421875,13.2,0.1982013035848551,,,,,2026-07-25 07:39:47,,1.16,21.956013166127164,0.05,0.0,0.4817986964151449,,
2020-05-21,5843.958,7037258.0,1193297.0,0.003,0.68,0.17,0.51,,29.530000686645508,99.37000274658205,2948.510009765625,13.2,0.1982013035848551,,,,,2026-07-25 07:39:47,,1.14,21.956013166127164,0.05,0.0,0.4817986964151449,,
2020-05-22,5843.959999999999,7037258.0,1193297.0,0.001,0.66,0.17,0.49,,28.15999984741211,99.86000061035156,2955.449951171875,13.2,0.1982013035848551,,,,,2026-07-25 07:39:47,,1.12,21.956013166127164,0.05,0.0,0.4617986964151449,,
2020-05-23,5843.959999999999,7037258.0,1193297.0,0.001,0.66,0.17,0.49,,28.15999984741211,99.86000061035156,2955.449951171875,13.2,0.1982013035848551,,,,,2026-07-25 07:39:47,,1.12,21.956013166127164,0.05,0.01,0.4617986964151449,,
2020-05-24,5843.959999999999,7037258.0,1193297.0,0.001,0.66,0.17,0.49,,28.15999984741211,99.86000061035156,2955.449951171875,13.2,0.1982013035848551,,,,,2026-07-25 07:39:47,,1.12,21.956013166127164,0.05,0.0,0.4617986964151449,,
2020-05-25,5843.959999999999,7037258.0,1193297.0,0.001,0.66,0.17,0.49,,28.15999984741211,99.86000061035156,2955.449951171875,13.2,0.1982013035848551,,,,,2026-07-25 07:39:47,,1.12,21.956013166127164,0.05,0.0,0.4617986964151449,,
2020-05-26,5843.959999999999,7037258.0,1193297.0,0.001,0.69,0.18,0.51,,28.010000228881836,98.91000366210938,2991.77001953125,13.2,0.1982013035848551,,,,,2026-07-25 07:39:47,,1.13,21.956013166127164,0.05,0.0,0.4917986964151448,,
2020-05-27,5766.093,7097316.0,1326897.0,4.326,0.68,0.19,0.49,,27.6200008392334,99.05999755859376,3036.1298828125,13.2,0.1982013035848551,,,,,2026-07-25 07:39:47,,1.14,21.956013166127164,0.05,0.01,0.4817986964151449,,
2020-05-28,,7097316.0,1326897.0,0.0,0.7,0.17,0.53,,28.59000015258789,98.37999725341795,3029.72998046875,13.2,0.1982013035848551,,,,,2026-07-25 07:39:47,,1.18,21.956013166127164,0.05,0.01,0.5017986964151449,,
2020-05-29,5769.094,7097316.0,1326897.0,1.325,0.65,0.16,0.49,,27.510000228881836,98.33999633789062,3044.31005859375,13.2,0.1982013035848551,,,,,2026-07-25 07:39:47,,1.15,21.956013166127164,0.05,0.01,0.4517986964151449,,
2020-05-30,5769.094,7097316.0,1326897.0,1.325,0.65,0.16,0.49,,27.510000228881836,98.33999633789062,3044.31005859375,13.2,0.1982013035848551,,,,,2026-07-25 07:39:47,,1.15,21.956013166127164,0.05,0.0,0.4517986964151449,,
2020-05-31,5769.094,7097316.0,1326897.0,1.325,0.65,0.16,0.49,,27.510000228881836,98.33999633789062,3044.31005859375,13.2,0.2307876166182776,,,,,2026-07-25 07:39:47,,1.15,21.145323857648577,0.05,0.0,0.4192123833817224,,
2020-06-01,,7097316.0,1326897.0,0.0,0.66,0.14,0.52,,28.229999542236328,97.83000183105467,3055.72998046875,11.0,0.7166562831830481,,,,,2026-07-25 07:39:47,,1.18,22.843651201124104,0.05,0.0,-0.056656283183048,,
2020-06-02,5768.406,7097316.0,1326897.0,2.013,0.68,0.17,0.51,,26.84000015258789,97.66999816894533,3080.820068359375,11.0,0.7166562831830481,,,,,2026-07-25 07:39:47,,1.18,22.843651201124104,0.06,0.0099999999999999,-0.036656283183048,,
2020-06-03,5733.741999999999,7165217.0,1431462.0,0.013,0.77,0.19,0.58,,25.65999984741211,97.27999877929688,3122.8701171875,11.0,0.7166562831830481,,,,,2026-07-25 07:39:47,,1.21,22.843651201124104,0.06,0.0099999999999999,0.0533437168169519,,
2020-06-04,,7165217.0,1431462.0,0.0,0.82,0.19,0.63,,25.809999465942383,96.68000030517578,3112.35009765625,11.0,0.7166562831830481,,,,,2026-07-25 07:39:47,,1.22,22.843651201124104,0.06,0.0099999999999999,0.1033437168169518,,
2020-06-05,,7165217.0,1431462.0,0.0,0.91,0.22,0.69,,24.520000457763672,96.94000244140624,3193.929931640625,11.0,0.7166562831830481,,,,,2026-07-25 07:39:47,,1.27,22.843651201124104,0.07,0.02,0.1933437168169519,,
2020-06-06,,7165217.0,1431462.0,0.0,0.91,0.22,0.69,,24.520000457763672,96.94000244140624,3193.929931640625,11.0,0.7166562831830481,,,,,2026-07-25 07:39:47,,1.27,22.843651201124104,0.07,0.02,0.1933437168169519,,
2020-06-07,,7165217.0,1431462.0,0.0,0.91,0.22,0.69,,24.520000457763672,96.94000244140624,3193.929931640625,11.0,0.7166562831830481,,,,,2026-07-25 07:39:47,,1.27,22.843651201124104,0.07,0.02,0.1933437168169519,,
2020-06-08,,7165217.0,1431462.0,0.0,0.88,0.22,0.66,,25.809999465942383,96.62000274658205,3232.389892578125,11.0,0.7166562831830481,,,,,2026-07-25 07:39:47,,1.28,22.843651201124104,0.07,0.02,0.1633437168169519,,
2020-06-09,5732.502999999999,7165217.0,1431462.0,1.252,0.84,0.2,0.64,,27.56999969482422,96.31999969482422,3207.179931640625,11.0,0.7166562831830481,,,,,2026-07-25 07:39:47,,1.26,22.843651201124104,0.07,0.02,0.1233437168169518,,
2020-06-10,5664.3550000000005,7168936.0,1504569.0,0.012,0.75,0.17,0.58,,27.56999969482422,95.95999908447266,3190.139892578125,11.0,0.7166562831830481,,,,,2026-07-25 07:39:47,,1.27,22.843651201124104,0.08,0.03,0.0333437168169519,,
2020-06-11,5663.992,7168936.0,1504569.0,0.375,0.66,0.19,0.47,,40.790000915527344,96.7300033569336,3002.10009765625,11.0,0.7166562831830481,,,,,2026-07-25 07:39:47,,1.21,22.843651201124104,0.08,0.03,-0.056656283183048,,
2020-06-12,,7168936.0,1504569.0,0.0,0.71,0.19,0.52,,36.09000015258789,97.31999969482422,3041.31005859375,11.0,0.7166562831830481,,,,,2026-07-25 07:39:47,,1.21,22.843651201124104,0.08,0.03,-0.0066562831830481,,
2020-06-13,,7168936.0,1504569.0,0.0,0.71,0.19,0.52,,36.09000015258789,97.31999969482422,3041.31005859375,11.0,0.7166562831830481,,,,,2026-07-25 07:39:47,,1.21,22.843651201124104,0.08,0.03,-0.0066562831830481,,
2020-06-14,,7168936.0,1504569.0,0.0,0.71,0.19,0.52,,36.09000015258789,97.31999969482422,3041.31005859375,11.0,0.7166562831830481,,,,,2026-07-25 07:39:47,,1.21,22.843651201124104,0.08,0.03,-0.0066562831830481,,
2020-06-15,5664.3640000000005,7168936.0,1504569.0,0.003,0.71,0.19,0.52,,34.400001525878906,96.68000030517578,3066.590087890625,11.0,0.7166562831830481,,,,,2026-07-25 07:39:47,,1.23,22.843651201124104,0.09,0.0399999999999999,-0.0066562831830481,,
2020-06-16,5660.367,7168936.0,1504569.0,4.0,0.75,0.21,0.54,,33.66999816894531,96.95999908447266,3124.739990234375,11.0,0.7166562831830481,,,,,2026-07-25 07:39:47,,1.27,22.843651201124104,0.09,0.0399999999999999,0.0333437168169519,,
2020-06-17,5529.383,7094690.0,1565306.0,0.001,0.74,0.19,0.55,,33.470001220703125,97.16000366210938,3113.489990234375,11.0,0.7166562831830481,,,,,2026-07-25 07:39:47,,1.26,22.843651201124104,0.09,0.0399999999999999,0.0233437168169519,,
2020-06-18,5529.383,7094690.0,1565306.0,0.001,0.71,0.19,0.52,,32.939998626708984,97.41999816894533,3115.340087890625,11.0,0.7166562831830481,,,,,2026-07-25 07:39:48,,1.28,22.843651201124104,0.09,0.0399999999999999,-0.0066562831830481,,
2020-06-19,5529.383,7094690.0,1565306.0,0.001,0.7,0.19,0.51,,35.119998931884766,97.62000274658205,3097.739990234375,11.0,0.7166562831830481,,,,,2026-07-25 07:39:48,,1.3,22.843651201124104,0.09,0.0399999999999999,-0.0166562831830481,,
2020-06-20,5529.383,7094690.0,1565306.0,0.001,0.7,0.19,0.51,,35.119998931884766,97.62000274658205,3097.739990234375,11.0,0.7166562831830481,,,,,2026-07-25 07:39:48,,1.3,22.843651201124104,0.09,0.0399999999999999,-0.0166562831830481,,
2020-06-21,5529.383,7094690.0,1565306.0,0.001,0.7,0.19,0.51,,35.119998931884766,97.62000274658205,3097.739990234375,11.0,0.7166562831830481,,,,,2026-07-25 07:39:48,,1.3,22.843651201124104,0.09,0.0399999999999999,-0.0166562831830481,,
2020-06-22,5529.374,7094690.0,1565306.0,0.01,0.71,0.19,0.52,,31.770000457763672,97.04000091552734,3117.860107421875,11.0,0.7166562831830481,,,,,2026-07-25 07:39:48,,1.34,22.843651201124104,0.08,0.03,-0.0066562831830481,,
2020-06-23,5529.373,7094690.0,1565306.0,0.011,0.72,0.18,0.54,,31.3700008392334,96.69000244140624,3131.2900390625,11.0,0.7166562831830481,,,,,2026-07-25 07:39:48,,1.38,22.843651201124104,0.08,0.03,0.0033437168169518,,
2020-06-24,5495.727999999999,7082302.0,1586573.0,0.001,0.69,0.19,0.5,,33.84000015258789,97.1500015258789,3050.330078125,11.0,0.7166562831830481,,,,,2026-07-25 07:39:48,,1.33,22.843651201124104,0.08,0.03,-0.0266562831830481,,
2020-06-25,5495.727999999999,7082302.0,1586573.0,0.001,0.68,0.17,0.51,,32.220001220703125,97.43000030517578,3083.760009765625,11.0,0.7166562831830481,,,,,2026-07-25 07:39:48,,1.33,22.843651201124104,0.08,0.03,-0.036656283183048,,
2020-06-26,5495.5289999999995,7082302.0,1586573.0,0.2,0.64,0.17,0.47,,34.72999954223633,97.5,3009.050048828125,11.0,0.7166562831830481,,,,,2026-07-25 07:39:48,,1.32,22.843651201124104,0.08,0.03,-0.076656283183048,,
2020-06-27,5495.5289999999995,7082302.0,1586573.0,0.2,0.64,0.17,0.47,,34.72999954223633,97.5,3009.050048828125,11.0,0.7166562831830481,,,,,2026-07-25 07:39:48,,1.32,22.843651201124104,0.08,0.03,-0.076656283183048,,
2020-06-28,5495.5289999999995,7082302.0,1586573.0,0.2,0.64,0.17,0.47,,34.72999954223633,97.5,3009.050048828125,11.0,0.7166562831830481,,,,,2026-07-25 07:39:48,,1.32,22.843651201124104,0.08,0.03,-0.076656283183048,,
2020-06-29,5495.478999999999,7082302.0,1586573.0,0.25,0.64,0.16,0.48,,31.780000686645508,97.54000091552734,3053.239990234375,11.0,0.7166562831830481,,,,,2026-07-25 07:39:48,,1.34,22.843651201124104,0.08,0.03,-0.076656283183048,,
2020-06-30,5494.7789999999995,7082302.0,1586573.0,0.95,0.66,0.16,0.5,,30.43000030517578,97.38999938964844,3100.2900390625,11.0,0.4847499237691677,,,,,2026-07-25 07:39:48,,1.34,22.150495741193545,0.08,0.03,0.1752500762308323,,
2020-07-01,5352.290999999999,7009040.0,1656747.0,0.002,0.69,0.17,0.52,,28.6200008392334,97.1999969482422,3115.860107421875,10.2,0.9968647625897996,,,,,2026-07-25 07:39:48,,1.37,23.165488889485996,0.08,0.03,-0.3068647625897998,,
2020-07-02,,7009040.0,1656747.0,0.0,0.68,0.16,0.52,,27.68000030517578,97.31999969482422,3130.010009765625,10.2,0.9968647625897996,,,,,2026-07-25 07:39:48,,1.41,23.165488889485996,0.09,0.03,-0.3168647625897997,,
2020-07-03,,7009040.0,1656747.0,0.0,0.68,0.16,0.52,,27.68000030517578,97.31999969482422,3130.010009765625,10.2,0.9968647625897996,,,,,2026-07-25 07:39:48,,1.41,23.165488889485996,0.09,0.03,-0.3168647625897997,,
2020-07-04,,7009040.0,1656747.0,0.0,0.68,0.16,0.52,,27.68000030517578,97.31999969482422,3130.010009765625,10.2,0.9968647625897996,,,,,2026-07-25 07:39:48,,1.41,23.165488889485996,0.09,0.03,-0.3168647625897997,,
2020-07-05,,7009040.0,1656747.0,0.0,0.68,0.16,0.52,,27.68000030517578,97.31999969482422,3130.010009765625,10.2,0.9968647625897996,,,,,2026-07-25 07:39:48,,1.41,23.165488889485996,0.09,0.0199999999999999,-0.3168647625897997,,
2020-07-06,,7009040.0,1656747.0,0.0,0.69,0.16,0.53,,27.940000534057617,96.79000091552734,3179.719970703125,10.2,0.9968647625897996,,,,,2026-07-25 07:39:48,,1.45,23.165488889485996,0.09,0.0199999999999999,-0.3068647625897998,,
2020-07-07,5352.29,7009040.0,1656747.0,0.003,0.65,0.16,0.49,,29.43000030517578,96.87999725341795,3145.320068359375,10.2,0.9968647625897996,,,,,2026-07-25 07:39:48,,1.43,23.165488889485996,0.09,0.0199999999999999,-0.3468647625897997,,
2020-07-08,5296.311,6920716.0,1624404.0,0.001,0.67,0.16,0.51,,28.079999923706055,96.43000030517578,3169.93994140625,10.2,0.9968647625897996,,,,,2026-07-25 07:39:48,,1.42,23.165488889485996,0.09,0.0199999999999999,-0.3268647625897997,,
2020-07-09,,6920716.0,1624404.0,0.0,0.62,0.16,0.46,,29.260000228881836,96.6999969482422,3152.050048828125,10.2,0.9968647625897996,,,,,2026-07-25 07:39:48,,1.39,23.165488889485996,0.09,0.0199999999999999,-0.3768647625897997,,
2020-07-10,,6920716.0,1624404.0,0.0,0.65,0.16,0.49,,27.290000915527344,96.6500015258789,3185.0400390625,10.2,0.9968647625897996,,,,,2026-07-25 07:39:48,,1.41,23.165488889485996,0.09,0.0099999999999999,-0.3468647625897997,,
2020-07-11,,6920716.0,1624404.0,0.0,0.65,0.16,0.49,,27.290000915527344,96.6500015258789,3185.0400390625,10.2,0.9968647625897996,,,,,2026-07-25 07:39:48,,1.41,23.165488889485996,0.09,0.0099999999999999,-0.3468647625897997,,
2020-07-12,,6920716.0,1624404.0,0.0,0.65,0.16,0.49,,27.290000915527344,96.6500015258789,3185.0400390625,10.2,0.9968647625897996,,,,,2026-07-25 07:39:48,,1.41,23.165488889485996,0.09,0.0099999999999999,-0.3468647625897997,,
2020-07-13,5296.311,6920716.0,1624404.0,0.001,0.64,0.16,0.48,,32.189998626708984,96.45999908447266,3155.219970703125,10.2,0.9968647625897996,,,,,2026-07-25 07:39:48,,1.42,23.165488889485996,0.09,0.0099999999999999,-0.3568647625897997,,
2020-07-14,5296.311,6920716.0,1624404.0,0.001,0.63,0.14,0.49,,29.520000457763672,96.26000213623048,3197.52001953125,10.2,0.9968647625897996,,,,,2026-07-25 07:39:48,,1.41,23.165488889485996,0.09,0.0099999999999999,-0.3668647625897997,,
2020-07-15,5218.148,6958604.0,1740455.0,0.001,0.64,0.16,0.48,,27.760000228881836,96.08000183105467,3226.56005859375,10.2,0.9968647625897996,,,,,2026-07-25 07:39:48,,1.41,23.165488889485996,0.1,0.01,-0.3568647625897997,,
2020-07-16,5218.148,6958604.0,1740455.0,0.001,0.62,0.16,0.46,,28.0,96.3499984741211,3215.570068359375,10.2,0.9968647625897996,,,,,2026-07-25 07:39:48,,1.41,23.165488889485996,0.1,0.01,-0.3768647625897997,,
2020-07-17,,6958604.0,1740455.0,0.0,0.64,0.14,0.5,,25.68000030517578,95.94000244140624,3224.72998046875,10.2,0.9968647625897996,,,,,2026-07-25 07:39:48,,1.46,23.165488889485996,0.09,0.0,-0.3568647625897997,,
2020-07-18,,6958604.0,1740455.0,0.0,0.64,0.14,0.5,,25.68000030517578,95.94000244140624,3224.72998046875,10.2,0.9968647625897996,,,,,2026-07-25 07:39:48,,1.46,23.165488889485996,0.09,0.0,-0.3568647625897997,,
2020-07-19,,6958604.0,1740455.0,0.0,0.64,0.14,0.5,,25.68000030517578,95.94000244140624,3224.72998046875,10.2,0.9968647625897996,,,,,2026-07-25 07:39:48,,1.46,23.165488889485996,0.09,0.0,-0.3568647625897997,,
2020-07-20,5218.146000000001,6958604.0,1740455.0,0.003,0.62,0.16,0.46,,24.459999084472656,95.83000183105467,3251.840087890625,10.2,0.9968647625897996,,,,,2026-07-25 07:39:48,,1.46,23.165488889485996,0.1,0.01,-0.3768647625897997,,
2020-07-21,,6958604.0,1740455.0,0.0,0.61,0.14,0.47,,24.84000015258789,95.12000274658205,3257.300048828125,10.2,0.9968647625897996,,,,,2026-07-25 07:39:48,,1.48,23.165488889485996,0.1,0.01,-0.3868647625897997,,
2020-07-22,,6964755.0,1777180.0,0.0,0.6,0.14,0.46,,24.31999969482422,94.97000122070312,3276.02001953125,10.2,0.9968647625897996,,,,,2026-07-25 07:39:48,,1.48,23.165488889485996,0.09,0.0099999999999999,-0.3968647625897997,,
2020-07-23,,6964755.0,1777180.0,0.0,0.59,0.16,0.43,,26.079999923706055,94.69000244140624,3235.659912109375,10.2,0.9968647625897996,,,,,2026-07-25 07:39:48,,1.49,23.165488889485996,0.09,0.0099999999999999,-0.4068647625897997,,
2020-07-24,,6964755.0,1777180.0,0.0,0.59,0.14,0.45,,25.84000015258789,94.44000244140624,3215.6298828125,10.2,0.9968647625897996,,,,,2026-07-25 07:39:48,,1.51,23.165488889485996,0.09,0.0099999999999999,-0.4068647625897997,,
2020-07-25,,6964755.0,1777180.0,0.0,0.59,0.14,0.45,,25.84000015258789,94.44000244140624,3215.6298828125,10.2,0.9968647625897996,,,,,2026-07-25 07:39:48,,1.51,23.165488889485996,0.09,0.0099999999999999,-0.4068647625897997,,
2020-07-26,,6964755.0,1777180.0,0.0,0.59,0.14,0.45,,25.84000015258789,94.44000244140624,3215.6298828125,10.2,0.9968647625897996,,,,,2026-07-25 07:39:48,,1.51,23.165488889485996,0.09,0.0099999999999999,-0.4068647625897997,,
2020-07-27,,6964755.0,1777180.0,0.0,0.62,0.15,0.47,,24.739999771118164,93.66999816894533,3239.409912109375,10.2,0.9968647625897996,,,,,2026-07-25 07:39:48,,1.52,23.165488889485996,0.1,0.02,-0.3768647625897997,,
2020-07-28,,6964755.0,1777180.0,0.0,0.59,0.14,0.45,,25.440000534057617,93.76000213623048,3218.43994140625,10.2,0.9968647625897996,,,,,2026-07-25 07:39:48,,1.51,23.165488889485996,0.1,0.02,-0.4068647625897997,,
2020-07-29,5156.597,6949032.0,1792434.0,0.001,0.58,0.12,0.46,,24.100000381469727,93.26000213623048,3258.43994140625,10.2,0.9968647625897996,,,,,2026-07-25 07:39:48,,1.53,23.165488889485996,0.1,0.02,-0.4168647625897997,,
2020-07-30,5156.291,6949032.0,1792434.0,0.307,0.55,0.11,0.44,,24.760000228881836,93.0199966430664,3246.219970703125,10.2,0.9968647625897996,,,,,2026-07-25 07:39:48,,1.52,23.165488889485996,0.1,0.02,-0.4468647625897997,,
2020-07-31,5156.448,6949032.0,1792434.0,0.15,0.55,0.11,0.44,,24.459999084472656,93.48999786376952,3271.1201171875,10.2,0.9045602962083344,,,,,2026-07-25 07:39:48,,1.55,22.444972753499325,0.1,0.02,-0.3545602962083343,,
2020-08-01,5156.448,6949032.0,1792434.0,0.15,0.55,0.11,0.44,,24.459999084472656,93.48999786376952,3271.1201171875,8.4,1.2810698495523851,,,,,2026-07-25 07:39:48,,1.55,22.95116999679454,0.1,0.01,-0.7310698495523853,,
2020-08-02,5156.448,6949032.0,1792434.0,0.15,0.55,0.11,0.44,,24.459999084472656,93.48999786376952,3271.1201171875,8.4,1.2810698495523851,,,,,2026-07-25 07:39:48,,1.55,22.95116999679454,0.1,0.01,-0.7310698495523853,,
2020-08-03,,6949032.0,1792434.0,0.0,0.56,0.11,0.45,,24.280000686645508,93.5,3294.610107421875,8.4,1.2810698495523851,,,,,2026-07-25 07:39:48,,1.58,22.95116999679454,0.1,0.01,-0.7210698495523853,,
2020-08-04,5156.593,6949032.0,1792434.0,0.005,0.52,0.11,0.41,,23.760000228881836,93.37999725341795,3306.510009765625,8.4,1.2810698495523851,,,,,2026-07-25 07:39:48,,1.57,22.95116999679454,0.1,0.01,-0.7610698495523853,,
2020-08-05,,6945237.0,1706637.0,0.0,0.55,0.11,0.44,,22.989999771118164,92.83000183105467,3327.77001953125,8.4,1.2810698495523851,,,,,2026-07-25 07:39:48,,1.61,22.95116999679454,0.1,0.01,-0.7310698495523853,,
2020-08-06,,6945237.0,1706637.0,0.0,0.55,0.11,0.44,,22.649999618530273,92.79000091552734,3349.159912109375,8.4,1.2810698495523851,,,,,2026-07-25 07:39:48,,1.63,22.95116999679454,0.1,0.01,-0.7310698495523853,,
2020-08-07,,6945237.0,1706637.0,0.0,0.57,0.13,0.44,,22.209999084472656,93.44000244140624,3351.280029296875,8.4,1.2810698495523851,,,,,2026-07-25 07:39:48,,1.61,22.95116999679454,0.1,0.01,-0.7110698495523854,,
2020-08-08,,6945237.0,1706637.0,0.0,0.57,0.13,0.44,,22.209999084472656,93.44000244140624,3351.280029296875,8.4,1.2810698495523851,,,,,2026-07-25 07:39:48,,1.61,22.95116999679454,0.1,0.01,-0.7110698495523854,,
2020-08-09,,6945237.0,1706637.0,0.0,0.57,0.13,0.44,,22.209999084472656,93.44000244140624,3351.280029296875,8.4,1.2810698495523851,,,,,2026-07-25 07:39:48,,1.61,22.95116999679454,0.1,0.01,-0.7110698495523854,,
2020-08-10,5238.592000000001,6945237.0,1706637.0,0.008,0.59,0.14,0.45,,22.1299991607666,93.58000183105467,3360.469970703125,8.4,1.2810698495523851,,,,,2026-07-25 07:39:48,,1.61,22.95116999679454,0.1,0.01,-0.6910698495523854,,
2020-08-11,,6945237.0,1706637.0,0.0,0.64,0.16,0.48,,24.030000686645508,93.62999725341795,3333.68994140625,8.4,1.2810698495523851,,,,,2026-07-25 07:39:48,,1.63,22.95116999679454,0.1,0.01,-0.6410698495523853,,
2020-08-12,5322.031,6957277.0,1635143.0,0.103,0.69,0.16,0.53,,22.280000686645508,93.44000244140624,3380.35009765625,8.4,1.2810698495523851,,,,,2026-07-25 07:39:48,,1.67,22.95116999679454,0.1,0.01,-0.5910698495523854,,
2020-08-13,5322.008,6957277.0,1635143.0,0.126,0.71,0.16,0.55,,22.1299991607666,93.33999633789062,3373.429931640625,8.4,1.2810698495523851,,,,,2026-07-25 07:39:48,,1.67,22.95116999679454,0.1,0.01,-0.5710698495523854,,
2020-08-14,5322.133,6957277.0,1635143.0,0.001,0.71,0.14,0.57,,22.049999237060547,93.0999984741211,3372.85009765625,8.4,1.2810698495523851,,,,,2026-07-25 07:39:48,,1.65,22.95116999679454,0.1,0.0,-0.5710698495523854,,
2020-08-15,5322.133,6957277.0,1635143.0,0.001,0.71,0.14,0.57,,22.049999237060547,93.0999984741211,3372.85009765625,8.4,1.2810698495523851,,,,,2026-07-25 07:39:48,,1.65,22.95116999679454,0.1,0.0,-0.5710698495523854,,
2020-08-16,5322.133,6957277.0,1635143.0,0.001,0.71,0.14,0.57,,22.049999237060547,93.0999984741211,3372.85009765625,8.4,1.2810698495523851,,,,,2026-07-25 07:39:48,,1.65,22.95116999679454,0.1,0.01,-0.5710698495523854,,
2020-08-17,5322.08,6957277.0,1635143.0,0.054,0.69,0.14,0.55,,21.350000381469727,92.8499984741211,3381.989990234375,8.4,1.2810698495523851,,,,,2026-07-25 07:39:49,,1.66,22.95116999679454,0.1,0.01,-0.5910698495523854,,
2020-08-18,5322.132,6957277.0,1635143.0,0.002,0.67,0.14,0.53,,21.510000228881836,92.2699966430664,3389.780029296875,8.4,1.2810698495523851,,,,,2026-07-25 07:39:49,,1.68,22.95116999679454,0.09,0.0,-0.6110698495523853,,
2020-08-19,5374.132,7010637.0,1636393.0,0.112,0.68,0.14,0.54,,22.540000915527344,92.88999938964844,3374.85009765625,8.4,1.2810698495523851,,,,,2026-07-25 07:39:49,,1.67,22.95116999679454,0.09,-0.01,-0.6010698495523853,,
2020-08-20,5374.094,7010637.0,1636393.0,0.15,0.65,0.13,0.52,,22.719999313354492,92.79000091552734,3385.510009765625,8.4,1.2810698495523851,,,,,2026-07-25 07:39:49,,1.62,22.95116999679454,0.09,-0.01,-0.6310698495523853,,
2020-08-21,,7010637.0,1636393.0,0.0,0.64,0.16,0.48,,22.540000915527344,93.25,3397.159912109375,8.4,1.2810698495523851,,,,,2026-07-25 07:39:49,,1.64,22.95116999679454,0.09,0.0,-0.6410698495523853,,
2020-08-22,,7010637.0,1636393.0,0.0,0.64,0.16,0.48,,22.540000915527344,93.25,3397.159912109375,8.4,1.2810698495523851,,,,,2026-07-25 07:39:49,,1.64,22.95116999679454,0.09,0.0,-0.6410698495523853,,
2020-08-23,,7010637.0,1636393.0,0.0,0.64,0.16,0.48,,22.540000915527344,93.25,3397.159912109375,8.4,1.2810698495523851,,,,,2026-07-25 07:39:49,,1.64,22.95116999679454,0.09,0.0,-0.6410698495523853,,
2020-08-24,,7010637.0,1636393.0,0.0,0.65,0.14,0.51,,22.3700008392334,93.3000030517578,3431.280029296875,8.4,1.2810698495523851,,,,,2026-07-25 07:39:49,,1.67,22.95116999679454,0.09,0.0,-0.6310698495523853,,
2020-08-25,5374.232,7010637.0,1636393.0,0.012,0.69,0.15,0.54,,22.030000686645508,93.0199966430664,3443.6201171875,8.4,1.2810698495523851,,,,,2026-07-25 07:39:49,,1.7,22.95116999679454,0.09,0.0,-0.5910698495523854,,
2020-08-26,5382.959999999999,6990418.0,1607449.0,0.009,0.69,0.16,0.53,,23.270000457763672,93.01000213623048,3478.72998046875,8.4,1.2810698495523851,,,,,2026-07-25 07:39:49,,1.72,22.95116999679454,0.09,-0.01,-0.5910698495523854,,
2020-08-27,5382.966999999999,6990418.0,1607449.0,0.002,0.74,0.16,0.58,,24.469999313354492,93.01000213623048,3484.550048828125,8.4,1.2810698495523851,,,,,2026-07-25 07:39:49,,1.73,22.95116999679454,0.08,-0.02,-0.5410698495523854,,
2020-08-28,,6990418.0,1607449.0,0.0,0.74,0.14,0.6,,22.959999084472656,92.37000274658205,3508.010009765625,8.4,1.2810698495523851,,,,,2026-07-25 07:39:49,,1.77,22.95116999679454,0.09,-0.01,-0.5410698495523854,,
2020-08-29,,6990418.0,1607449.0,0.0,0.74,0.14,0.6,,22.959999084472656,92.37000274658205,3508.010009765625,8.4,1.2810698495523851,,,,,2026-07-25 07:39:49,,1.77,22.95116999679454,0.09,-0.01,-0.5410698495523854,,
2020-08-30,,6990418.0,1607449.0,0.0,0.74,0.14,0.6,,22.959999084472656,92.37000274658205,3508.010009765625,8.4,1.2810698495523851,,,,,2026-07-25 07:39:49,,1.77,22.95116999679454,0.09,-0.01,-0.5410698495523854,,
2020-08-31,5382.957999999999,6990418.0,1607449.0,0.011,0.72,0.14,0.58,,26.40999984741211,92.13999938964844,3500.31005859375,8.4,1.1254533400927969,,,,,2026-07-25 07:39:49,,1.8,22.35794510533662,0.09,-0.01,-0.4054533400927969,,
2020-09-01,5382.960999999999,6990418.0,1607449.0,0.008,0.68,0.13,0.55,,26.1200008392334,92.33999633789062,3526.64990234375,7.8,1.3910228912373812,,,,,2026-07-25 07:39:49,,1.76,23.629294876055027,0.09,-0.01,-0.7110228912373812,,
2020-09-02,5365.655,7017492.0,1651823.0,0.014,0.66,0.14,0.52,,26.56999969482422,92.8499984741211,3580.840087890625,7.8,1.3910228912373812,,,,,2026-07-25 07:39:49,,1.73,23.629294876055027,0.09,-0.01,-0.7310228912373812,,
2020-09-03,,7017492.0,1651823.0,0.0,0.63,0.13,0.5,,33.599998474121094,92.73999786376952,3455.06005859375,7.8,1.3910228912373812,,,,,2026-07-25 07:39:49,,1.65,23.629294876055027,0.09,-0.01,-0.7610228912373812,,
2020-09-04,,7017492.0,1651823.0,0.0,0.72,0.14,0.58,,30.75,92.72000122070312,3426.9599609375,7.8,1.3910228912373812,,,,,2026-07-25 07:39:49,,1.7,23.629294876055027,0.09,-0.01,-0.6710228912373812,,
2020-09-05,,7017492.0,1651823.0,0.0,0.72,0.14,0.58,,30.75,92.72000122070312,3426.9599609375,7.8,1.3910228912373812,,,,,2026-07-25 07:39:49,,1.7,23.629294876055027,0.09,-0.01,-0.6710228912373812,,
2020-09-06,,7017492.0,1651823.0,0.0,0.72,0.14,0.58,,30.75,92.72000122070312,3426.9599609375,7.8,1.3910228912373812,,,,,2026-07-25 07:39:49,,1.7,23.629294876055027,0.09,-0.01,-0.6710228912373812,,
2020-09-07,,7017492.0,1651823.0,0.0,0.72,0.14,0.58,,30.75,92.72000122070312,3426.9599609375,7.8,1.3910228912373812,,,,,2026-07-25 07:39:49,,1.7,23.629294876055027,0.09,-0.01,-0.6710228912373812,,
2020-09-08,,7017492.0,1651823.0,0.0,0.69,0.14,0.55,,31.459999084472656,93.4800033569336,3331.840087890625,7.8,1.3910228912373812,,,,,2026-07-25 07:39:49,,1.68,23.629294876055027,0.09,-0.01,-0.7010228912373813,,
2020-09-09,5440.08,7010614.0,1570533.0,0.001,0.71,0.14,0.57,,28.809999465942383,93.26000213623048,3398.9599609375,7.8,1.3910228912373812,,,,,2026-07-25 07:39:49,,1.71,23.629294876055027,0.09,-0.01,-0.6810228912373812,,
2020-09-10,5440.071,7010614.0,1570533.0,0.01,0.68,0.14,0.54,,29.709999084472656,93.33999633789062,3339.18994140625,7.8,1.3910228912373812,,,,,2026-07-25 07:39:49,,1.69,23.629294876055027,0.09,-0.01,-0.7110228912373812,,
2020-09-11,,7010614.0,1570533.0,0.0,0.67,0.13,0.54,,26.8700008392334,93.33000183105467,3340.969970703125,7.8,1.3910228912373812,,,,,2026-07-25 07:39:49,,1.65,23.629294876055027,0.09,-0.01,-0.7210228912373812,,
2020-09-12,,7010614.0,1570533.0,0.0,0.67,0.13,0.54,,26.8700008392334,93.33000183105467,3340.969970703125,7.8,1.3910228912373812,,,,,2026-07-25 07:39:49,,1.65,23.629294876055027,0.09,-0.01,-0.7210228912373812,,
2020-09-13,,7010614.0,1570533.0,0.0,0.67,0.13,0.54,,26.8700008392334,93.33000183105467,3340.969970703125,7.8,1.3910228912373812,,,,,2026-07-25 07:39:49,,1.65,23.629294876055027,0.09,-0.01,-0.7210228912373812,,
2020-09-14,5440.08,7010614.0,1570533.0,0.001,0.68,0.14,0.54,,25.850000381469727,93.06999969482422,3383.5400390625,7.8,1.3910228912373812,,,,,2026-07-25 07:39:49,,1.65,23.629294876055027,0.09,-0.01,-0.7110228912373812,,
2020-09-15,5440.079,7010614.0,1570533.0,0.002,0.68,0.14,0.54,,25.59000015258789,93.0500030517578,3401.199951171875,7.8,1.3910228912373812,,,,,2026-07-25 07:39:49,,1.67,23.629294876055027,0.09,-0.01,-0.7110228912373812,,
2020-09-16,5371.611,7064475.0,1692809.0,0.055,0.69,0.14,0.55,,26.040000915527344,93.20999908447266,3385.489990234375,7.8,1.3910228912373812,,,,,2026-07-25 07:39:49,,1.68,23.629294876055027,0.09,-0.01,-0.7010228912373813,,
2020-09-17,5371.665,7064475.0,1692809.0,0.001,0.69,0.13,0.56,,26.459999084472656,92.97000122070312,3357.010009765625,7.8,1.3910228912373812,,,,,2026-07-25 07:39:49,,1.66,23.629294876055027,0.09,0.0,-0.7010228912373813,,
2020-09-18,,7064475.0,1692809.0,0.0,0.7,0.14,0.56,,25.829999923706055,92.93000030517578,3319.469970703125,7.8,1.3910228912373812,,,,,2026-07-25 07:39:49,,1.67,23.629294876055027,0.09,0.0,-0.6910228912373813,,
2020-09-19,,7064475.0,1692809.0,0.0,0.7,0.14,0.56,,25.829999923706055,92.93000030517578,3319.469970703125,7.8,1.3910228912373812,,,,,2026-07-25 07:39:49,,1.67,23.629294876055027,0.09,0.0,-0.6910228912373813,,
2020-09-20,,7064475.0,1692809.0,0.0,0.7,0.14,0.56,,25.829999923706055,92.93000030517578,3319.469970703125,7.8,1.3910228912373812,,,,,2026-07-25 07:39:49,,1.67,23.629294876055027,0.09,0.0,-0.6910228912373813,,
2020-09-21,5371.612,7064475.0,1692809.0,0.054,0.68,0.14,0.54,,27.780000686645508,93.54000091552734,3281.06005859375,7.8,1.3910228912373812,,,,,2026-07-25 07:39:49,,1.62,23.629294876055027,0.09,0.0,-0.7110228912373812,,
2020-09-22,,7064475.0,1692809.0,0.0,0.68,0.13,0.55,,26.86000061035156,93.98999786376952,3315.570068359375,7.8,1.3910228912373812,,,,,2026-07-25 07:39:49,,1.62,23.629294876055027,0.09,0.0,-0.7110228912373812,,
2020-09-23,5431.428,7093161.0,1661732.0,0.001,0.68,0.14,0.54,,28.579999923706055,94.38999938964844,3236.919921875,7.8,1.3910228912373812,,,,,2026-07-25 07:39:49,,1.6,23.629294876055027,0.09,0.0,-0.7110228912373812,,
2020-09-24,5431.425,7093161.0,1661732.0,0.004,0.67,0.14,0.53,,28.510000228881836,94.3499984741211,3246.590087890625,7.8,1.3910228912373812,,,,,2026-07-25 07:39:49,,1.58,23.629294876055027,0.09,0.0,-0.7210228912373812,,
2020-09-25,,7093161.0,1661732.0,0.0,0.66,0.12,0.54,,26.3799991607666,94.58000183105467,3298.4599609375,7.8,1.3910228912373812,,,,,2026-07-25 07:39:49,,1.58,23.629294876055027,0.09,0.0,-0.7310228912373812,,
2020-09-26,,7093161.0,1661732.0,0.0,0.66,0.12,0.54,,26.3799991607666,94.58000183105467,3298.4599609375,7.8,1.3910228912373812,,,,,2026-07-25 07:39:49,,1.58,23.629294876055027,0.09,0.0099999999999999,-0.7310228912373812,,
2020-09-27,,7093161.0,1661732.0,0.0,0.66,0.12,0.54,,26.3799991607666,94.58000183105467,3298.4599609375,7.8,1.3910228912373812,,,,,2026-07-25 07:39:49,,1.58,23.629294876055027,0.09,0.0,-0.7310228912373812,,
2020-09-28,,7093161.0,1661732.0,0.0,0.67,0.14,0.53,,26.190000534057617,94.26000213623048,3351.60009765625,7.8,1.3910228912373812,,,,,2026-07-25 07:39:49,,1.61,23.629294876055027,0.09,0.0,-0.7210228912373812,,
2020-09-29,5430.128,7093161.0,1661732.0,1.301,0.66,0.11,0.55,,26.270000457763672,93.88999938964844,3335.469970703125,7.8,1.3910228912373812,,,,,2026-07-25 07:39:49,,1.64,23.629294876055027,0.09,0.0,-0.7310228912373812,,
2020-09-30,5273.599999999999,7056129.0,1781679.0,0.85,0.69,0.13,0.56,,26.3700008392334,93.88999938964844,3363.0,7.8,1.105170033637326,,,,,2026-07-25 07:39:49,,1.63,22.513023491678787,0.09,0.0,-0.4151700336373261,,
2020-10-01,5274.449,7056129.0,1781679.0,0.001,0.68,0.14,0.54,,26.700000762939453,93.70999908447266,3380.800048828125,6.9,1.2303863428671624,,,,,2026-07-25 07:39:49,,1.63,23.53448673283236,0.09,0.0,-0.5503863428671624,,
2020-10-02,,7056129.0,1781679.0,0.0,0.7,0.13,0.57,,27.6299991607666,93.83999633789062,3348.419921875,6.9,1.2303863428671624,,,,,2026-07-25 07:39:49,,1.64,23.53448673283236,0.09,0.0,-0.5303863428671625,,
2020-10-03,,7056129.0,1781679.0,0.0,0.7,0.13,0.57,,27.6299991607666,93.83999633789062,3348.419921875,6.9,1.2303863428671624,,,,,2026-07-25 07:39:49,,1.64,23.53448673283236,0.09,0.0,-0.5303863428671625,,
2020-10-04,,7056129.0,1781679.0,0.0,0.7,0.13,0.57,,27.6299991607666,93.83999633789062,3348.419921875,6.9,1.2303863428671624,,,,,2026-07-25 07:39:49,,1.64,23.53448673283236,0.09,0.0,-0.5303863428671625,,
2020-10-05,,7056129.0,1781679.0,0.0,0.78,0.14,0.64,,27.959999084472656,93.51000213623048,3408.60009765625,6.9,1.2303863428671624,,,,,2026-07-25 07:39:49,,1.68,23.53448673283236,0.09,0.0,-0.4503863428671624,,
2020-10-06,,7056129.0,1781679.0,0.0,0.76,0.14,0.62,,29.479999542236328,93.83000183105467,3360.969970703125,6.9,1.2303863428671624,,,,,2026-07-25 07:39:49,,1.66,23.53448673283236,0.09,0.0,-0.4703863428671624,,
2020-10-07,5387.204,7074649.0,1687434.0,0.011,0.81,0.16,0.65,,28.059999465942383,93.62999725341795,3419.43994140625,6.9,1.2303863428671624,,,,,2026-07-25 07:39:49,,1.71,23.53448673283236,0.09,0.0,-0.4203863428671623,,
2020-10-08,5387.003,7074649.0,1687434.0,0.212,0.78,0.13,0.65,,26.36000061035156,93.61000061035156,3446.830078125,6.9,1.2303863428671624,,,,,2026-07-25 07:39:49,,1.72,23.53448673283236,0.09,0.0,-0.4503863428671624,,
2020-10-09,,7074649.0,1687434.0,0.0,0.79,0.16,0.63,,25.0,93.05999755859376,3477.139892578125,6.9,1.2303863428671624,,,,,2026-07-25 07:39:50,,1.73,23.53448673283236,0.09,0.0,-0.4403863428671624,,
2020-10-10,,7074649.0,1687434.0,0.0,0.79,0.16,0.63,,25.0,93.05999755859376,3477.139892578125,6.9,1.2303863428671624,,,,,2026-07-25 07:39:50,,1.73,23.53448673283236,0.09,0.0,-0.4403863428671624,,
2020-10-11,,7074649.0,1687434.0,0.0,0.79,0.16,0.63,,25.0,93.05999755859376,3477.139892578125,6.9,1.2303863428671624,,,,,2026-07-25 07:39:50,,1.73,23.53448673283236,0.09,0.0,-0.4403863428671624,,
2020-10-12,,7074649.0,1687434.0,0.0,0.79,0.16,0.63,,25.06999969482422,93.06999969482422,3534.219970703125,6.9,1.2303863428671624,,,,,2026-07-25 07:39:50,,1.73,23.53448673283236,0.09,0.0,-0.4403863428671624,,
2020-10-13,,7074649.0,1687434.0,0.0,0.74,0.16,0.58,,26.06999969482422,93.52999877929688,3511.929931640625,6.9,1.2303863428671624,,,,,2026-07-25 07:39:50,,1.7,23.53448673283236,0.09,0.0,-0.4903863428671624,,
2020-10-14,,7151426.0,1647937.0,0.0,0.73,0.14,0.59,,26.399999618530273,93.37999725341795,3488.669921875,6.9,1.2303863428671624,,,,,2026-07-25 07:39:50,,1.69,23.53448673283236,0.09,0.0,-0.5003863428671624,,
2020-10-15,5503.488,7151426.0,1647937.0,0.001,0.74,0.14,0.6,,26.969999313354492,93.86000061035156,3483.340087890625,6.9,1.2303863428671624,,,,,2026-07-25 07:39:50,,1.69,23.53448673283236,0.09,0.0,-0.4903863428671624,,
2020-10-16,5503.487,7151426.0,1647937.0,0.002,0.76,0.14,0.62,,27.40999984741211,93.68000030517578,3483.81005859375,6.9,1.2303863428671624,,,,,2026-07-25 07:39:50,,1.71,23.53448673283236,0.09,0.0,-0.4703863428671624,,
2020-10-17,5503.487,7151426.0,1647937.0,0.002,0.76,0.14,0.62,,27.40999984741211,93.68000030517578,3483.81005859375,6.9,1.2303863428671624,,,,,2026-07-25 07:39:50,,1.71,23.53448673283236,0.09,0.0,-0.4703863428671624,,
2020-10-18,5503.487,7151426.0,1647937.0,0.002,0.76,0.14,0.62,,27.40999984741211,93.68000030517578,3483.81005859375,6.9,1.2303863428671624,,,,,2026-07-25 07:39:50,,1.71,23.53448673283236,0.09,0.0,-0.4703863428671624,,
2020-10-19,5503.485000000001,7151426.0,1647937.0,0.004,0.78,0.16,0.62,,29.18000030517578,93.43000030517578,3426.919921875,6.9,1.2303863428671624,,,,,2026-07-25 07:39:50,,1.71,23.53448673283236,0.09,0.0,-0.4503863428671624,,
2020-10-20,5503.482000000001,7151426.0,1647937.0,0.007,0.81,0.14,0.67,,29.350000381469727,93.06999969482422,3443.1201171875,6.9,1.2303863428671624,,,,,2026-07-25 07:39:50,,1.72,23.53448673283236,0.09,0.0,-0.4203863428671623,,
2020-10-21,,7177265.0,1699497.0,0.0,0.83,0.14,0.69,,28.649999618530273,92.61000061035156,3435.56005859375,6.9,1.2303863428671624,,,,,2026-07-25 07:39:50,,1.74,23.53448673283236,0.09,0.0,-0.4003863428671624,,
2020-10-22,5477.767,7177265.0,1699497.0,0.001,0.87,0.16,0.71,,28.11000061035156,92.9499969482422,3453.489990234375,6.9,1.2303863428671624,,,,,2026-07-25 07:39:50,,1.76,23.53448673283236,0.09,0.0,-0.3603863428671624,,
2020-10-23,,7177265.0,1699497.0,0.0,0.85,0.18,0.67,,27.549999237060547,92.7699966430664,3465.389892578125,6.9,1.2303863428671624,,,,,2026-07-25 07:39:50,,1.75,23.53448673283236,0.09,0.0,-0.3803863428671624,,
2020-10-24,,7177265.0,1699497.0,0.0,0.85,0.18,0.67,,27.549999237060547,92.7699966430664,3465.389892578125,6.9,1.2303863428671624,,,,,2026-07-25 07:39:50,,1.75,23.53448673283236,0.09,0.0,-0.3803863428671624,,
2020-10-25,,7177265.0,1699497.0,0.0,0.85,0.18,0.67,,27.549999237060547,92.7699966430664,3465.389892578125,6.9,1.2303863428671624,,,,,2026-07-25 07:39:50,,1.75,23.53448673283236,0.09,0.0,-0.3803863428671624,,
2020-10-26,5477.767,7177265.0,1699497.0,0.001,0.81,0.16,0.65,,32.459999084472656,93.0500030517578,3400.969970703125,6.9,1.2303863428671624,,,,,2026-07-25 07:39:50,,1.72,23.53448673283236,0.09,0.0,-0.4203863428671623,,
2020-10-27,,7177265.0,1699497.0,0.0,0.79,0.16,0.63,,33.349998474121094,92.94000244140624,3390.679931640625,6.9,1.2303863428671624,,,,,2026-07-25 07:39:50,,1.71,23.53448673283236,0.09,0.0,-0.4403863428671624,,
2020-10-28,5493.262,7146306.0,1653039.0,0.005,0.79,0.16,0.63,,40.279998779296875,93.41000366210938,3271.030029296875,6.9,1.2303863428671624,,,,,2026-07-25 07:39:50,,1.7,23.53448673283236,0.09,0.0,-0.4403863428671624,,
2020-10-29,5493.253,7146306.0,1653039.0,0.014,0.85,0.16,0.69,,37.59000015258789,93.95999908447266,3310.110107421875,6.9,1.2303863428671624,,,,,2026-07-25 07:39:50,,1.71,23.53448673283236,0.09,0.0,-0.3803863428671624,,
2020-10-30,5493.266,7146306.0,1653039.0,0.001,0.88,0.14,0.74,,38.02000045776367,94.04000091552734,3269.9599609375,6.9,1.2303863428671624,,,,,2026-07-25 07:39:50,,1.7,23.53448673283236,0.09,0.0,-0.3503863428671624,,
2020-10-31,5493.266,7146306.0,1653039.0,0.001,0.88,0.14,0.74,,38.02000045776367,94.04000091552734,3269.9599609375,6.9,0.9461801852806984,,,,,2026-07-25 07:39:50,,1.7,22.6307531380753,0.09,0.0,-0.0661801852806983,,
2020-11-01,5493.266,7146306.0,1653039.0,0.001,0.88,0.14,0.74,,38.02000045776367,94.04000091552734,3269.9599609375,6.7,1.1757452138405844,,,,,2026-07-25 07:39:50,,1.7,24.195868200836813,0.09,0.0,-0.2957452138405844,,
2020-11-02,,7146306.0,1653039.0,0.0,0.87,0.16,0.71,,37.130001068115234,94.0500030517578,3310.239990234375,6.7,1.1757452138405844,,,,,2026-07-25 07:39:50,,1.71,24.195868200836813,0.09,0.0,-0.3057452138405844,,
2020-11-03,,7146306.0,1653039.0,0.0,0.9,0.17,0.73,,35.54999923706055,93.5500030517578,3369.159912109375,6.7,1.1757452138405844,,,,,2026-07-25 07:39:50,,1.72,24.195868200836813,0.09,0.0,-0.2757452138405843,,
2020-11-04,,7157479.0,1618568.0,0.0,0.78,0.14,0.64,,29.56999969482422,93.41000366210938,3443.43994140625,6.7,1.1757452138405844,,,,,2026-07-25 07:39:50,,1.64,24.195868200836813,0.09,0.0,-0.3957452138405843,,
2020-11-05,,7157479.0,1618568.0,0.0,0.79,0.14,0.65,,27.579999923706055,92.52999877929688,3510.449951171875,6.7,1.1757452138405844,,,,,2026-07-25 07:39:50,,1.66,24.195868200836813,0.09,0.0,-0.3857452138405843,,
2020-11-06,,7157479.0,1618568.0,0.0,0.83,0.16,0.67,,24.86000061035156,92.2300033569336,3509.43994140625,6.7,1.1757452138405844,,,,,2026-07-25 07:39:50,,1.65,24.195868200836813,0.09,0.0,-0.3457452138405844,,
2020-11-07,,7157479.0,1618568.0,0.0,0.83,0.16,0.67,,24.86000061035156,92.2300033569336,3509.43994140625,6.7,1.1757452138405844,,,,,2026-07-25 07:39:50,,1.65,24.195868200836813,0.09,0.0,-0.3457452138405844,,
2020-11-08,,7157479.0,1618568.0,0.0,0.83,0.16,0.67,,24.86000061035156,92.2300033569336,3509.43994140625,6.7,1.1757452138405844,,,,,2026-07-25 07:39:50,,1.65,24.195868200836813,0.09,0.0,-0.3457452138405844,,
2020-11-09,,7157479.0,1618568.0,0.0,0.96,0.17,0.79,,25.75,92.7300033569336,3550.5,6.7,1.1757452138405844,,,,,2026-07-25 07:39:50,,1.73,24.195868200836813,0.09,0.0,-0.2157452138405844,,
2020-11-10,,7157479.0,1618568.0,0.0,0.98,0.19,0.79,,24.799999237060547,92.75,3545.530029296875,6.7,1.1757452138405844,,,,,2026-07-25 07:39:50,,1.76,24.195868200836813,0.09,0.0,-0.1957452138405844,,
2020-11-11,,7175417.0,1570768.0,0.0,0.98,0.19,0.79,,23.450000762939453,93.04000091552734,3572.659912109375,6.7,1.1757452138405844,,,,,2026-07-25 07:39:50,,1.76,24.195868200836813,0.09,0.0,-0.1957452138405844,,
2020-11-12,,7175417.0,1570768.0,0.0,0.88,0.17,0.71,,25.350000381469727,92.95999908447266,3537.010009765625,6.7,1.1757452138405844,,,,,2026-07-25 07:39:50,,1.71,24.195868200836813,0.09,0.0,-0.2957452138405844,,
2020-11-13,5604.646000000001,7175417.0,1570768.0,0.003,0.89,0.17,0.72,,23.100000381469727,92.76000213623048,3585.14990234375,6.7,1.1757452138405844,,,,,2026-07-25 07:39:50,,1.72,24.195868200836813,0.09,0.0,-0.2857452138405844,,
2020-11-14,5604.646000000001,7175417.0,1570768.0,0.003,0.89,0.17,0.72,,23.100000381469727,92.76000213623048,3585.14990234375,6.7,1.1757452138405844,,,,,2026-07-25 07:39:50,,1.72,24.195868200836813,0.09,0.0,-0.2857452138405844,,
2020-11-15,5604.646000000001,7175417.0,1570768.0,0.003,0.89,0.17,0.72,,23.100000381469727,92.76000213623048,3585.14990234375,6.7,1.1757452138405844,,,,,2026-07-25 07:39:50,,1.72,24.195868200836813,0.09,0.0,-0.2857452138405844,,
2020-11-16,5604.636,7175417.0,1570768.0,0.013,0.91,0.19,0.72,,22.450000762939453,92.56999969482422,3626.909912109375,6.7,1.1757452138405844,,,,,2026-07-25 07:39:50,,1.72,24.195868200836813,0.09,0.0,-0.2657452138405843,,
2020-11-17,,7175417.0,1570768.0,0.0,0.87,0.18,0.69,,22.709999084472656,92.41999816894533,3609.530029296875,6.7,1.1757452138405844,,,,,2026-07-25 07:39:50,,1.7,24.195868200836813,0.09,0.0,-0.3057452138405844,,
2020-11-18,5696.053,7243080.0,1546924.0,0.103,0.88,0.16,0.72,,23.84000015258789,92.31999969482422,3567.7900390625,6.7,1.1757452138405844,,,,,2026-07-25 07:39:50,,1.7,24.195868200836813,0.09,0.0,-0.2957452138405844,,
2020-11-19,5694.156,7243080.0,1546924.0,2.0,0.86,0.18,0.68,,23.11000061035156,92.29000091552734,3581.8701171875,6.7,1.1757452138405844,,,,,2026-07-25 07:39:50,,1.7,24.195868200836813,0.08,-0.0099999999999999,-0.3157452138405844,,
2020-11-20,,7243080.0,1546924.0,0.0,0.83,0.16,0.67,,23.700000762939453,92.38999938964844,3557.5400390625,6.7,1.1757452138405844,,,,,2026-07-25 07:39:50,,1.69,24.195868200836813,0.08,-0.0099999999999999,-0.3457452138405844,,
2020-11-21,,7243080.0,1546924.0,0.0,0.83,0.16,0.67,,23.700000762939453,92.38999938964844,3557.5400390625,6.7,1.1757452138405844,,,,,2026-07-25 07:39:50,,1.69,24.195868200836813,0.08,-0.0099999999999999,-0.3457452138405844,,
2020-11-22,,7243080.0,1546924.0,0.0,0.83,0.16,0.67,,23.700000762939453,92.38999938964844,3557.5400390625,6.7,1.1757452138405844,,,,,2026-07-25 07:39:50,,1.69,24.195868200836813,0.08,-0.0099999999999999,-0.3457452138405844,,
2020-11-23,5695.671,7243080.0,1546924.0,0.485,0.86,0.16,0.7,,22.65999984741211,92.51000213623048,3577.590087890625,6.7,1.1757452138405844,,,,,2026-07-25 07:39:50,,1.71,24.195868200836813,0.08,-0.0099999999999999,-0.3157452138405844,,
2020-11-24,5696.155,7243080.0,1546924.0,0.001,0.88,0.16,0.72,,21.63999938964844,92.2300033569336,3635.409912109375,6.7,1.1757452138405844,,,,,2026-07-25 07:39:50,,1.74,24.195868200836813,0.08,-0.0099999999999999,-0.2957452138405844,,
2020-11-25,,7216480.0,1484036.0,0.0,0.88,0.17,0.71,,21.25,91.98999786376952,3629.64990234375,6.7,1.1757452138405844,,,,,2026-07-25 07:39:50,,1.75,24.195868200836813,0.08,-0.0099999999999999,-0.2957452138405844,,
2020-11-26,,7216480.0,1484036.0,0.0,0.88,0.17,0.71,,21.25,91.98999786376952,3629.64990234375,6.7,1.1757452138405844,,,,,2026-07-25 07:39:50,,1.75,24.195868200836813,0.08,-0.0099999999999999,-0.2957452138405844,,
2020-11-27,,7216480.0,1484036.0,0.0,0.84,0.16,0.68,,20.84000015258789,91.79000091552734,3638.35009765625,6.7,1.1757452138405844,,,,,2026-07-25 07:39:50,,1.75,24.195868200836813,0.08,-0.0099999999999999,-0.3357452138405844,,
2020-11-28,,7216480.0,1484036.0,0.0,0.84,0.16,0.68,,20.84000015258789,91.79000091552734,3638.35009765625,6.7,1.1757452138405844,,,,,2026-07-25 07:39:50,,1.75,24.195868200836813,0.08,-0.0099999999999999,-0.3357452138405844,,
2020-11-29,,7216480.0,1484036.0,0.0,0.84,0.16,0.68,,20.84000015258789,91.79000091552734,3638.35009765625,6.7,1.1757452138405844,,,,,2026-07-25 07:39:50,,1.75,24.195868200836813,0.08,-0.0099999999999999,-0.3357452138405844,,
2020-11-30,5732.437999999999,7216480.0,1484036.0,0.006,0.84,0.16,0.68,,20.56999969482422,91.87000274658205,3621.6298828125,6.7,0.8819549162896845,,,,,2026-07-25 07:39:50,,1.77,23.779117120052117,0.09,0.0,-0.0419549162896845,,
2020-12-01,5732.441999999999,7216480.0,1484036.0,0.002,0.92,0.17,0.75,,20.770000457763672,91.30999755859376,3662.449951171875,6.7,1.3204191315779434,,,,,2026-07-25 07:39:50,,1.81,24.55253298582831,0.09,0.0,-0.4004191315779434,,
2020-12-02,5665.173999999999,7222414.0,1557239.0,0.001,0.95,0.16,0.79,,21.170000076293945,91.12000274658205,3669.010009765625,6.7,1.3204191315779434,,,,,2026-07-25 07:39:51,,1.85,24.55253298582831,0.09,0.0,-0.3704191315779435,,
2020-12-03,,7222414.0,1557239.0,0.0,0.92,0.16,0.76,,21.280000686645508,90.70999908447266,3666.719970703125,6.7,1.3204191315779434,,,,,2026-07-25 07:39:51,,1.86,24.55253298582831,0.09,0.0,-0.4004191315779434,,
2020-12-04,,7222414.0,1557239.0,0.0,0.97,0.16,0.81,,20.790000915527344,90.6999969482422,3699.1201171875,6.7,1.3204191315779434,,,,,2026-07-25 07:39:51,,1.89,24.55253298582831,0.09,0.0,-0.3504191315779434,,
2020-12-05,,7222414.0,1557239.0,0.0,0.97,0.16,0.81,,20.790000915527344,90.6999969482422,3699.1201171875,6.7,1.3204191315779434,,,,,2026-07-25 07:39:51,,1.89,24.55253298582831,0.09,0.0,-0.3504191315779434,,
2020-12-06,,7222414.0,1557239.0,0.0,0.97,0.16,0.81,,20.790000915527344,90.6999969482422,3699.1201171875,6.7,1.3204191315779434,,,,,2026-07-25 07:39:51,,1.89,24.55253298582831,0.09,0.0,-0.3504191315779434,,
2020-12-07,5665.173999999999,7222414.0,1557239.0,0.001,0.94,0.14,0.8,,21.299999237060547,90.79000091552734,3691.9599609375,6.7,1.3204191315779434,,,,,2026-07-25 07:39:51,,1.88,24.55253298582831,0.09,0.0,-0.3804191315779435,,
2020-12-08,5665.173999999999,7222414.0,1557239.0,0.001,0.92,0.14,0.78,,20.68000030517578,90.97000122070312,3702.25,6.7,1.3204191315779434,,,,,2026-07-25 07:39:51,,1.89,24.55253298582831,0.09,0.0,-0.4004191315779434,,
2020-12-09,5740.294000000001,7242658.0,1502361.0,0.003,0.95,0.16,0.79,,22.270000457763672,91.08999633789062,3672.820068359375,6.7,1.3204191315779434,,,,,2026-07-25 07:39:51,,1.91,24.55253298582831,0.09,0.0,-0.3704191315779435,,
2020-12-10,5740.296,7242658.0,1502361.0,0.001,0.92,0.14,0.78,,22.520000457763672,90.79000091552734,3668.10009765625,6.7,1.3204191315779434,,,,,2026-07-25 07:39:51,,1.88,24.55253298582831,0.09,0.0,-0.4004191315779434,,
2020-12-11,,7242658.0,1502361.0,0.0,0.9,0.11,0.79,,23.309999465942383,90.9800033569336,3663.4599609375,6.7,1.3204191315779434,,,,,2026-07-25 07:39:51,,1.87,24.55253298582831,0.09,0.0,-0.4204191315779434,,
2020-12-12,,7242658.0,1502361.0,0.0,0.9,0.11,0.79,,23.309999465942383,90.9800033569336,3663.4599609375,6.7,1.3204191315779434,,,,,2026-07-25 07:39:51,,1.87,24.55253298582831,0.09,0.0,-0.4204191315779434,,
2020-12-13,,7242658.0,1502361.0,0.0,0.9,0.11,0.79,,23.309999465942383,90.9800033569336,3663.4599609375,6.7,1.3204191315779434,,,,,2026-07-25 07:39:51,,1.87,24.55253298582831,0.09,0.0,-0.4204191315779434,,
2020-12-14,5740.197,7242658.0,1502361.0,0.1,0.9,0.13,0.77,,24.719999313354492,90.70999908447266,3647.489990234375,6.7,1.3204191315779434,,,,,2026-07-25 07:39:51,,1.88,24.55253298582831,0.09,0.0,-0.4204191315779434,,
2020-12-15,5740.296,7242658.0,1502361.0,0.001,0.92,0.11,0.81,,22.88999938964844,90.47000122070312,3694.6201171875,6.7,1.3204191315779434,,,,,2026-07-25 07:39:51,,1.91,24.55253298582831,0.09,0.0,-0.4004191315779434,,
2020-12-16,5746.692999999999,7362592.0,1615873.0,0.026,0.92,0.13,0.79,,22.5,90.4499969482422,3701.169921875,6.7,1.3204191315779434,,,,,2026-07-25 07:39:51,,1.92,24.55253298582831,0.09,0.0,-0.4004191315779434,,
2020-12-17,5746.704999999999,7362592.0,1615873.0,0.014,0.94,0.13,0.81,,21.93000030517578,89.81999969482422,3722.47998046875,6.7,1.3204191315779434,,,,,2026-07-25 07:39:51,,1.94,24.55253298582831,0.09,0.0,-0.3804191315779435,,
2020-12-18,5746.686999999999,7362592.0,1615873.0,0.032,0.95,0.13,0.82,,21.56999969482422,90.0199966430664,3709.409912109375,6.7,1.3204191315779434,,,,,2026-07-25 07:39:51,,1.95,24.55253298582831,0.09,0.0,-0.3704191315779435,,
2020-12-19,5746.686999999999,7362592.0,1615873.0,0.032,0.95,0.13,0.82,,21.56999969482422,90.0199966430664,3709.409912109375,6.7,1.3204191315779434,,,,,2026-07-25 07:39:51,,1.95,24.55253298582831,0.09,0.0099999999999999,-0.3704191315779435,,
2020-12-20,5746.686999999999,7362592.0,1615873.0,0.032,0.95,0.13,0.82,,21.56999969482422,90.0199966430664,3709.409912109375,6.7,1.3204191315779434,,,,,2026-07-25 07:39:51,,1.95,24.55253298582831,0.09,0.0099999999999999,-0.3704191315779435,,
2020-12-21,5746.283999999999,7362592.0,1615873.0,0.435,0.95,0.13,0.82,,25.15999984741211,90.04000091552734,3694.919921875,6.7,1.3204191315779434,,,,,2026-07-25 07:39:51,,1.95,24.55253298582831,0.09,0.0099999999999999,-0.3704191315779435,,
2020-12-22,5746.312999999999,7362592.0,1615873.0,0.406,0.93,0.13,0.8,,24.229999542236328,90.6500015258789,3687.260009765625,6.7,1.3204191315779434,,,,,2026-07-25 07:39:51,,1.94,24.55253298582831,0.09,0.0099999999999999,-0.3904191315779434,,
2020-12-23,5819.874,7404039.0,1583308.0,0.857,0.96,0.13,0.83,,23.309999465942383,90.41000366210938,3690.010009765625,6.7,1.3204191315779434,,,,,2026-07-25 07:39:51,,1.97,24.55253298582831,0.09,0.0099999999999999,-0.3604191315779435,,
2020-12-24,5820.721,7404039.0,1583308.0,0.01,0.94,0.13,0.81,,21.530000686645508,90.33000183105467,3703.06005859375,6.7,1.3204191315779434,,,,,2026-07-25 07:39:51,,1.97,24.55253298582831,0.09,0.0099999999999999,-0.3804191315779435,,
2020-12-25,5820.721,7404039.0,1583308.0,0.01,0.94,0.13,0.81,,21.530000686645508,90.33000183105467,3703.06005859375,6.7,1.3204191315779434,,,,,2026-07-25 07:39:51,,1.97,24.55253298582831,0.09,0.0099999999999999,-0.3804191315779435,,
2020-12-26,5820.721,7404039.0,1583308.0,0.01,0.94,0.13,0.81,,21.530000686645508,90.33000183105467,3703.06005859375,6.7,1.3204191315779434,,,,,2026-07-25 07:39:51,,1.97,24.55253298582831,0.09,0.0099999999999999,-0.3804191315779435,,
2020-12-27,5820.721,7404039.0,1583308.0,0.01,0.94,0.13,0.81,,21.530000686645508,90.33000183105467,3703.06005859375,6.7,1.3204191315779434,,,,,2026-07-25 07:39:51,,1.97,24.55253298582831,0.09,0.0099999999999999,-0.3804191315779435,,
2020-12-28,5819.83,7404039.0,1583308.0,0.901,0.94,0.13,0.81,,21.700000762939453,90.33999633789062,3735.360107421875,6.7,1.3204191315779434,,,,,2026-07-25 07:39:51,,1.97,24.55253298582831,0.09,0.0099999999999999,-0.3804191315779435,,
2020-12-29,5820.474,7404039.0,1583308.0,0.257,0.94,0.12,0.82,,23.079999923706055,90.01000213623047,3727.0400390625,6.7,1.3204191315779434,,,,,2026-07-25 07:39:51,,1.96,24.55253298582831,0.09,0.0099999999999999,-0.3804191315779435,,
2020-12-30,5749.1849999999995,7363351.0,1613514.0,0.652,0.93,0.12,0.81,,22.770000457763672,89.62999725341797,3732.0400390625,6.7,1.3204191315779434,,,,,2026-07-25 07:39:51,,1.96,24.55253298582831,0.09,0.0,-0.3904191315779434,,
2020-12-31,5740.186,7363351.0,1613514.0,9.651,0.93,0.13,0.8,,22.75,89.94000244140625,3756.070068359375,6.7,1.1260887518475426,,,,,2026-07-25 07:39:51,,1.99,23.90987288602524,0.09,0.0,-0.1960887518475426,,
2021-01-01,5740.186,7363351.0,1613514.0,9.651,0.93,0.13,0.8,,22.75,89.94000244140625,3756.070068359375,6.4,1.3738437137002402,,,,,2026-07-25 07:39:51,,1.99,25.61660973222446,0.09,0.0,-0.4438437137002401,,
2021-01-02,5740.186,7363351.0,1613514.0,9.651,0.93,0.13,0.8,,22.75,89.94000244140625,3756.070068359375,6.4,1.3738437137002402,,,,,2026-07-25 07:39:51,,1.99,25.61660973222446,0.09,0.0,-0.4438437137002401,,
2021-01-03,5740.186,7363351.0,1613514.0,9.651,0.93,0.13,0.8,,22.75,89.94000244140625,3756.070068359375,6.4,1.3738437137002402,,,,,2026-07-25 07:39:51,,1.99,25.61660973222446,0.09,0.0,-0.4438437137002401,,
2021-01-04,5749.835999999999,7363351.0,1613514.0,0.001,0.93,0.11,0.82,,26.969999313354492,89.87999725341797,3700.64990234375,6.4,1.3738437137002402,,,,,2026-07-25 07:39:51,,2.01,25.61660973222446,0.09,0.0,-0.4438437137002401,,
2021-01-05,5749.831999999999,7363351.0,1613514.0,0.005,0.96,0.13,0.83,,25.34000015258789,89.44000244140625,3726.860107421875,6.4,1.3738437137002402,,,,,2026-07-25 07:39:51,,2.03,25.61660973222446,0.09,0.0,-0.4138437137002402,,
2021-01-06,5727.409000000001,7334809.0,1607396.0,0.004,1.04,0.14,0.9,,25.06999969482422,89.52999877929688,3748.139892578125,6.4,1.3738437137002402,,,,,2026-07-25 07:39:51,,2.06,25.61660973222446,0.09,0.0,-0.3338437137002401,,
2021-01-07,5727.412,7334809.0,1607396.0,0.001,1.08,0.14,0.94,,22.3700008392334,89.83000183105469,3803.7900390625,6.4,1.3738437137002402,,,,,2026-07-25 07:39:51,,2.09,25.61660973222446,0.09,0.0,-0.2938437137002401,,
2021-01-08,,7334809.0,1607396.0,0.0,1.13,0.14,0.99,,21.559999465942383,90.0999984741211,3824.679931640625,6.4,1.3738437137002402,,,,,2026-07-25 07:39:51,,2.06,25.61660973222446,0.09,0.0,-0.2438437137002402,,
2021-01-09,,7334809.0,1607396.0,0.0,1.13,0.14,0.99,,21.559999465942383,90.0999984741211,3824.679931640625,6.4,1.3738437137002402,,,,,2026-07-25 07:39:51,,2.06,25.61660973222446,0.09,0.0,-0.2438437137002402,,
2021-01-10,,7334809.0,1607396.0,0.0,1.13,0.14,0.99,,21.559999465942383,90.0999984741211,3824.679931640625,6.4,1.3738437137002402,,,,,2026-07-25 07:39:51,,2.06,25.61660973222446,0.09,0.0,-0.2438437137002402,,
2021-01-11,,7334809.0,1607396.0,0.0,1.15,0.14,1.01,,24.079999923706055,90.54000091552734,3799.610107421875,6.4,1.3738437137002402,,,,,2026-07-25 07:39:51,,2.06,25.61660973222446,0.09,0.0,-0.2238437137002402,,
2021-01-12,,7334809.0,1607396.0,0.0,1.15,0.14,1.01,,23.329999923706055,90.05000305175781,3801.18994140625,6.4,1.3738437137002402,,,,,2026-07-25 07:39:51,,2.08,25.61660973222446,0.09,0.0,-0.2238437137002402,,
2021-01-13,,7333968.0,1575875.0,0.0,1.1,0.14,0.96,,22.209999084472656,90.31999969482422,3809.840087890625,6.4,1.3738437137002402,,,,,2026-07-25 07:39:51,,2.06,25.61660973222446,0.09,0.0,-0.2738437137002401,,
2021-01-14,5757.4929999999995,7333968.0,1575875.0,0.6,1.15,0.16,0.99,,23.25,90.23999786376952,3795.5400390625,6.4,1.3738437137002402,,,,,2026-07-25 07:39:51,,2.09,25.61660973222446,0.09,0.0,-0.2238437137002402,,
2021-01-15,,7333968.0,1575875.0,0.0,1.11,0.13,0.98,,24.34000015258789,90.77999877929688,3768.25,6.4,1.3738437137002402,,,,,2026-07-25 07:39:51,,2.1,25.61660973222446,0.09,0.0,-0.26384371370024,,
2021-01-16,,7333968.0,1575875.0,0.0,1.11,0.13,0.98,,24.34000015258789,90.77999877929688,3768.25,6.4,1.3738437137002402,,,,,2026-07-25 07:39:51,,2.1,25.61660973222446,0.09,0.0,-0.26384371370024,,
2021-01-17,,7333968.0,1575875.0,0.0,1.11,0.13,0.98,,24.34000015258789,90.77999877929688,3768.25,6.4,1.3738437137002402,,,,,2026-07-25 07:39:51,,2.1,25.61660973222446,0.09,0.0,-0.26384371370024,,
2021-01-18,,7333968.0,1575875.0,0.0,1.11,0.13,0.98,,24.34000015258789,90.77999877929688,3768.25,6.4,1.3738437137002402,,,,,2026-07-25 07:39:51,,2.1,25.61660973222446,0.09,0.0,-0.26384371370024,,
2021-01-19,5758.089,7333968.0,1575875.0,0.004,1.1,0.14,0.96,,23.239999771118164,90.5,3798.909912109375,6.4,1.3738437137002402,,,,,2026-07-25 07:39:51,,2.1,25.61660973222446,0.09,0.0,-0.2738437137002401,,
2021-01-20,5774.805,7414942.0,1638331.0,1.806,1.1,0.13,0.97,,21.579999923706055,90.47000122070312,3851.85009765625,6.4,1.3738437137002402,,,,,2026-07-25 07:39:51,,2.12,25.61660973222446,0.09,0.0,-0.2738437137002401,,
2021-01-21,5775.41,7414942.0,1638331.0,1.201,1.12,0.13,0.99,,21.31999969482422,90.12999725341795,3853.070068359375,6.4,1.3738437137002402,,,,,2026-07-25 07:39:51,,2.1,25.61660973222446,0.08,-0.0099999999999999,-0.25384371370024,,
2021-01-22,,7414942.0,1638331.0,0.0,1.1,0.13,0.97,,21.90999984741211,90.23999786376952,3841.469970703125,6.4,1.3738437137002402,,,,,2026-07-25 07:39:51,,2.09,25.61660973222446,0.08,-0.0099999999999999,-0.2738437137002401,,
2021-01-23,,7414942.0,1638331.0,0.0,1.1,0.13,0.97,,21.90999984741211,90.23999786376952,3841.469970703125,6.4,1.3738437137002402,,,,,2026-07-25 07:39:51,,2.09,25.61660973222446,0.08,-0.0099999999999999,-0.2738437137002401,,
2021-01-24,,7414942.0,1638331.0,0.0,1.1,0.13,0.97,,21.90999984741211,90.23999786376952,3841.469970703125,6.4,1.3738437137002402,,,,,2026-07-25 07:39:51,,2.09,25.61660973222446,0.08,-0.0099999999999999,-0.2738437137002401,,
2021-01-25,5774.411,7414942.0,1638331.0,2.2,1.05,0.13,0.92,,23.190000534057617,90.38999938964844,3855.360107421875,6.4,1.3738437137002402,,,,,2026-07-25 07:39:51,,2.08,25.61660973222446,0.08,-0.0099999999999999,-0.3238437137002401,,
2021-01-26,5774.98,7414942.0,1638331.0,1.631,1.05,0.11,0.94,,23.020000457763672,90.16999816894533,3849.6201171875,6.4,1.3738437137002402,,,,,2026-07-25 07:39:51,,2.08,25.61660973222446,0.08,-0.0099999999999999,-0.3238437137002401,,
2021-01-27,5790.397000000001,7404926.0,1613377.0,1.152,1.04,0.12,0.92,,37.209999084472656,90.6500015258789,3750.77001953125,6.4,1.3738437137002402,,,,,2026-07-25 07:39:51,,2.08,25.61660973222446,0.08,-0.0099999999999999,-0.3338437137002401,,
2021-01-28,5788.894000000001,7404926.0,1613377.0,2.655,1.07,0.12,0.95,,30.209999084472656,90.45999908447266,3787.3798828125,6.4,1.3738437137002402,,,,,2026-07-25 07:39:52,,2.13,25.61660973222446,0.07,-0.0199999999999999,-0.3038437137002401,,
2021-01-29,5784.4490000000005,7404926.0,1613377.0,7.1,1.11,0.11,1.0,,33.09000015258789,90.58000183105467,3714.239990234375,6.4,1.3738437137002402,,,,,2026-07-25 07:39:52,,2.13,25.61660973222446,0.07,-0.0199999999999999,-0.26384371370024,,
2021-01-30,5784.4490000000005,7404926.0,1613377.0,7.1,1.11,0.11,1.0,,33.09000015258789,90.58000183105467,3714.239990234375,6.4,1.3738437137002402,,,,,2026-07-25 07:39:52,,2.13,25.61660973222446,0.07,-0.0199999999999999,-0.26384371370024,,
2021-01-31,5784.4490000000005,7404926.0,1613377.0,7.1,1.11,0.11,1.0,,33.09000015258789,90.58000183105467,3714.239990234375,6.4,1.325747348119588,,,,,2026-07-25 07:39:52,,2.13,25.079065924845413,0.07,-0.0199999999999999,-0.2157473481195879,,
2021-02-01,5791.537000000001,7404926.0,1613377.0,0.012,1.09,0.11,0.98,,30.239999771118164,91.0199966430664,3773.860107421875,6.2,1.6698167791706853,,,,,2026-07-25 07:39:52,,2.11,26.77527205132508,0.08,-0.0099999999999999,-0.5798167791706852,,
2021-02-02,5791.5380000000005,7404926.0,1613377.0,0.011,1.12,0.11,1.01,,25.559999465942383,91.1999969482422,3826.31005859375,6.2,1.6698167791706853,,,,,2026-07-25 07:39:52,,2.15,26.77527205132508,0.08,-0.0099999999999999,-0.5498167791706852,,
2021-02-03,5780.691,7410598.0,1629729.0,0.178,1.15,0.11,1.04,,22.90999984741211,91.12000274658205,3830.169921875,6.2,1.6698167791706853,,,,,2026-07-25 07:39:52,,2.19,26.77527205132508,0.08,-0.0099999999999999,-0.5198167791706854,,
2021-02-04,5780.369,7410598.0,1629729.0,0.5,1.15,0.11,1.04,,21.770000457763672,91.52999877929688,3871.739990234375,6.2,1.6698167791706853,,,,,2026-07-25 07:39:52,,2.17,26.77527205132508,0.08,-0.0099999999999999,-0.5198167791706854,,
2021-02-05,5780.8589999999995,7410598.0,1629729.0,0.01,1.19,0.09,1.1,,20.8700008392334,91.04000091552734,3886.830078125,6.2,1.6698167791706853,,,,,2026-07-25 07:39:52,,2.21,26.77527205132508,0.08,-0.0099999999999999,-0.4798167791706853,,
2021-02-06,5780.8589999999995,7410598.0,1629729.0,0.01,1.19,0.09,1.1,,20.8700008392334,91.04000091552734,3886.830078125,6.2,1.6698167791706853,,,,,2026-07-25 07:39:52,,2.21,26.77527205132508,0.08,-0.0099999999999999,-0.4798167791706853,,
2021-02-07,5780.8589999999995,7410598.0,1629729.0,0.01,1.19,0.09,1.1,,20.8700008392334,91.04000091552734,3886.830078125,6.2,1.6698167791706853,,,,,2026-07-25 07:39:52,,2.21,26.77527205132508,0.08,-0.0099999999999999,-0.4798167791706853,,
2021-02-08,5780.866999999999,7410598.0,1629729.0,0.002,1.19,0.11,1.08,,21.239999771118164,90.93000030517578,3915.590087890625,6.2,1.6698167791706853,,,,,2026-07-25 07:39:52,,2.22,26.77527205132508,0.07,-0.0199999999999999,-0.4798167791706853,,
2021-02-09,5780.8679999999995,7410598.0,1629729.0,0.001,1.18,0.11,1.07,,21.6299991607666,90.44000244140624,3911.22998046875,6.2,1.6698167791706853,,,,,2026-07-25 07:39:52,,2.22,26.77527205132508,0.08,-0.0099999999999999,-0.4898167791706853,,
2021-02-10,,7442225.0,1576744.0,0.0,1.15,0.11,1.04,,21.989999771118164,90.37000274658205,3909.8798828125,6.2,1.6698167791706853,,,,,2026-07-25 07:39:52,,2.21,26.77527205132508,0.08,-0.0099999999999999,-0.5198167791706854,,
2021-02-11,5865.3730000000005,7442225.0,1576744.0,0.108,1.16,0.11,1.05,,21.25,90.41999816894533,3916.3798828125,6.2,1.6698167791706853,,,,,2026-07-25 07:39:52,,2.2,26.77527205132508,0.08,-0.0099999999999999,-0.5098167791706854,,
2021-02-12,5865.4800000000005,7442225.0,1576744.0,0.001,1.2,0.11,1.09,,19.969999313354492,90.4800033569336,3934.830078125,6.2,1.6698167791706853,,,,,2026-07-25 07:39:52,,2.21,26.77527205132508,0.08,-0.0099999999999999,-0.4698167791706853,,
2021-02-13,5865.4800000000005,7442225.0,1576744.0,0.001,1.2,0.11,1.09,,19.969999313354492,90.4800033569336,3934.830078125,6.2,1.6698167791706853,,,,,2026-07-25 07:39:52,,2.21,26.77527205132508,0.08,-0.0099999999999999,-0.4698167791706853,,
2021-02-14,5865.4800000000005,7442225.0,1576744.0,0.001,1.2,0.11,1.09,,19.969999313354492,90.4800033569336,3934.830078125,6.2,1.6698167791706853,,,,,2026-07-25 07:39:52,,2.21,26.77527205132508,0.08,-0.0099999999999999,-0.4698167791706853,,
2021-02-15,5865.4800000000005,7442225.0,1576744.0,0.001,1.2,0.11,1.09,,19.969999313354492,90.4800033569336,3934.830078125,6.2,1.6698167791706853,,,,,2026-07-25 07:39:52,,2.21,26.77527205132508,0.08,-0.0099999999999999,-0.4698167791706853,,
2021-02-16,5865.477000000001,7442225.0,1576744.0,0.004,1.3,0.13,1.17,,21.459999084472656,90.51000213623048,3932.590087890625,6.2,1.6698167791706853,,,,,2026-07-25 07:39:52,,2.24,26.77527205132508,0.08,-0.0099999999999999,-0.3698167791706852,,
2021-02-17,5988.459,7557402.0,1568893.0,0.05,1.29,0.11,1.18,,21.5,90.9499969482422,3931.330078125,6.2,1.6698167791706853,,,,,2026-07-25 07:39:52,,2.21,26.77527205132508,0.08,-0.0099999999999999,-0.3798167791706852,,
2021-02-18,,7557402.0,1568893.0,0.0,1.29,0.11,1.18,,22.489999771118164,90.58999633789062,3913.969970703125,6.2,1.6698167791706853,,,,,2026-07-25 07:39:52,,2.16,26.77527205132508,0.07,-0.0199999999999999,-0.3798167791706852,,
2021-02-19,5988.507,7557402.0,1568893.0,0.002,1.34,0.11,1.23,,22.049999237060547,90.36000061035156,3906.7099609375,6.2,1.6698167791706853,,,,,2026-07-25 07:39:52,,2.14,26.77527205132508,0.07,-0.0199999999999999,-0.3298167791706852,,
2021-02-20,5988.507,7557402.0,1568893.0,0.002,1.34,0.11,1.23,,22.049999237060547,90.36000061035156,3906.7099609375,6.2,1.6698167791706853,,,,,2026-07-25 07:39:52,,2.14,26.77527205132508,0.07,-0.0099999999999999,-0.3298167791706852,,
2021-02-21,5988.507,7557402.0,1568893.0,0.002,1.34,0.11,1.23,,22.049999237060547,90.36000061035156,3906.7099609375,6.2,1.6698167791706853,,,,,2026-07-25 07:39:52,,2.14,26.77527205132508,0.07,-0.0099999999999999,-0.3298167791706852,,
2021-02-22,5987.409,7557402.0,1568893.0,1.1,1.37,0.11,1.26,,23.450000762939453,90.01000213623047,3876.5,6.2,1.6698167791706853,,,,,2026-07-25 07:39:52,,2.16,26.77527205132508,0.07,-0.0099999999999999,-0.2998167791706851,,
2021-02-23,5988.074,7557402.0,1568893.0,0.435,1.37,0.11,1.26,,23.11000061035156,90.16999816894533,3881.3701171875,6.2,1.6698167791706853,,,,,2026-07-25 07:39:52,,2.16,26.77527205132508,0.07,-0.0099999999999999,-0.2998167791706851,,
2021-02-24,6150.464,7590111.0,1439646.0,0.001,1.38,0.12,1.26,,21.34000015258789,90.18000030517578,3925.429931640625,6.2,1.6698167791706853,,,,,2026-07-25 07:39:52,,2.17,26.77527205132508,0.07,-0.0099999999999999,-0.2898167791706854,,
2021-02-25,6140.4890000000005,7590111.0,1439646.0,9.976,1.54,0.17,1.37,,28.88999938964844,90.12999725341795,3829.340087890625,6.2,1.6698167791706853,,,,,2026-07-25 07:39:52,,2.14,26.77527205132508,0.07,-0.0099999999999999,-0.1298167791706852,,
2021-02-26,6139.265,7590111.0,1439646.0,11.2,1.44,0.14,1.3,,27.950000762939453,90.93000030517578,3811.14990234375,6.2,1.6698167791706853,,,,,2026-07-25 07:39:52,,2.15,26.77527205132508,0.07,-0.0099999999999999,-0.2298167791706853,,
2021-02-27,6139.265,7590111.0,1439646.0,11.2,1.44,0.14,1.3,,27.950000762939453,90.93000030517578,3811.14990234375,6.2,1.6698167791706853,,,,,2026-07-25 07:39:52,,2.15,26.77527205132508,0.07,0.0,-0.2298167791706853,,
2021-02-28,6139.265,7590111.0,1439646.0,11.2,1.44,0.14,1.3,,27.950000762939453,90.93000030517578,3811.14990234375,6.2,1.6698167791706853,,,,,2026-07-25 07:39:52,,2.15,26.77527205132508,0.07,0.0,-0.2298167791706853,,
2021-03-01,,7590111.0,1439646.0,0.0,1.45,0.13,1.32,,23.350000381469727,91.04000091552734,3901.820068359375,6.1,2.6678187820641908,,,,,2026-07-25 07:39:52,,2.16,23.95184931079648,0.07,0.0,-1.2178187820641908,,
2021-03-02,6150.46,7590111.0,1439646.0,0.005,1.42,0.13,1.29,,24.100000381469727,90.79000091552734,3870.2900390625,6.1,2.6678187820641908,,,,,2026-07-25 07:39:52,,2.2,23.95184931079648,0.07,0.0,-1.2478187820641908,,
2021-03-03,6136.779,7557524.0,1420238.0,0.507,1.47,0.14,1.33,,26.670000076293945,90.9499969482422,3819.719970703125,6.1,2.6678187820641908,,,,,2026-07-25 07:39:52,,2.21,23.95184931079648,0.07,-0.0099999999999999,-1.1978187820641908,,
2021-03-04,6135.186,7557524.0,1420238.0,2.1,1.54,0.14,1.4,,28.56999969482422,91.62999725341795,3768.469970703125,6.1,2.6678187820641908,,,,,2026-07-25 07:39:52,,2.2,23.95184931079648,0.07,-0.0099999999999999,-1.1278187820641907,,
2021-03-05,6136.286,7557524.0,1420238.0,1.0,1.56,0.14,1.42,,24.65999984741211,91.9800033569336,3841.93994140625,6.1,2.6678187820641908,,,,,2026-07-25 07:39:52,,2.22,23.95184931079648,0.07,-0.0099999999999999,-1.1078187820641907,,
2021-03-06,6136.286,7557524.0,1420238.0,1.0,1.56,0.14,1.42,,24.65999984741211,91.9800033569336,3841.93994140625,6.1,2.6678187820641908,,,,,2026-07-25 07:39:52,,2.22,23.95184931079648,0.07,-0.0099999999999999,-1.1078187820641907,,
2021-03-07,6136.286,7557524.0,1420238.0,1.0,1.56,0.14,1.42,,24.65999984741211,91.9800033569336,3841.93994140625,6.1,2.6678187820641908,,,,,2026-07-25 07:39:52,,2.22,23.95184931079648,0.07,-0.0099999999999999,-1.1078187820641907,,
2021-03-08,6137.261,7557524.0,1420238.0,0.025,1.59,0.17,1.42,,25.469999313354492,92.30999755859376,3821.35009765625,6.1,2.6678187820641908,,,,,2026-07-25 07:39:52,,2.21,23.95184931079648,0.07,-0.0099999999999999,-1.077818782064191,,
2021-03-09,,7557524.0,1420238.0,0.0,1.55,0.17,1.38,,24.030000686645508,91.95999908447266,3875.43994140625,6.1,2.6678187820641908,,,,,2026-07-25 07:39:52,,2.21,23.95184931079648,0.07,-0.0099999999999999,-1.1178187820641907,,
2021-03-10,6269.527999999999,7579901.0,1310273.0,0.1,1.53,0.16,1.37,,22.559999465942383,91.79000091552734,3898.81005859375,6.1,2.6678187820641908,,,,,2026-07-25 07:39:52,,2.26,23.95184931079648,0.07,0.0,-1.1378187820641907,,
2021-03-11,6258.576999999999,7579901.0,1310273.0,11.051,1.54,0.14,1.4,,21.90999984741211,91.41999816894533,3939.340087890625,6.1,2.6678187820641908,,,,,2026-07-25 07:39:52,,2.28,23.95184931079648,0.07,-0.0099999999999999,-1.1278187820641907,,
2021-03-12,6262.8279999999995,7579901.0,1310273.0,6.8,1.64,0.14,1.5,,20.690000534057617,91.68000030517578,3943.340087890625,6.1,2.6678187820641908,,,,,2026-07-25 07:39:52,,2.26,23.95184931079648,0.07,-0.0099999999999999,-1.0278187820641909,,
2021-03-13,6262.8279999999995,7579901.0,1310273.0,6.8,1.64,0.14,1.5,,20.690000534057617,91.68000030517578,3943.340087890625,6.1,2.6678187820641908,,,,,2026-07-25 07:39:52,,2.26,23.95184931079648,0.07,-0.0099999999999999,-1.0278187820641909,,
2021-03-14,6262.8279999999995,7579901.0,1310273.0,6.8,1.64,0.14,1.5,,20.690000534057617,91.68000030517578,3943.340087890625,6.1,2.6678187820641908,,,,,2026-07-25 07:39:52,,2.26,23.95184931079648,0.07,-0.0099999999999999,-1.0278187820641909,,
2021-03-15,6269.625,7579901.0,1310273.0,0.003,1.62,0.14,1.48,,20.030000686645508,91.83000183105467,3968.93994140625,6.1,2.6678187820641908,,,,,2026-07-25 07:39:52,,2.27,23.95184931079648,0.07,-0.0099999999999999,-1.0478187820641909,,
2021-03-16,6268.9259999999995,7579901.0,1310273.0,0.702,1.62,0.15,1.47,,19.790000915527344,91.87000274658205,3962.7099609375,6.1,2.6678187820641908,,,,,2026-07-25 07:39:52,,2.3,23.95184931079648,0.07,-0.0099999999999999,-1.0478187820641909,,
2021-03-17,,7693506.0,1089501.0,0.0,1.63,0.13,1.5,,19.229999542236328,91.4000015258789,3974.1201171875,6.1,2.6678187820641908,,,,,2026-07-25 07:39:52,,2.3,23.95184931079648,0.07,-0.0099999999999999,-1.0378187820641909,,
2021-03-18,6577.435,7693506.0,1089501.0,26.57,1.71,0.16,1.55,,21.579999923706055,91.8499984741211,3915.4599609375,6.1,2.6678187820641908,,,,,2026-07-25 07:39:53,,2.27,23.95184931079648,0.07,-0.0099999999999999,-0.9578187820641908,,
2021-03-19,6585.097,7693506.0,1089501.0,18.908,1.74,0.16,1.58,,20.950000762939453,91.91999816894533,3913.10009765625,6.1,2.6678187820641908,,,,,2026-07-25 07:39:53,,2.31,23.95184931079648,0.07,-0.0099999999999999,-0.9278187820641908,,
2021-03-20,6585.097,7693506.0,1089501.0,18.908,1.74,0.16,1.58,,20.950000762939453,91.91999816894533,3913.10009765625,6.1,2.6678187820641908,,,,,2026-07-25 07:39:53,,2.31,23.95184931079648,0.07,0.0,-0.9278187820641908,,
2021-03-21,6585.097,7693506.0,1089501.0,18.908,1.74,0.16,1.58,,20.950000762939453,91.91999816894533,3913.10009765625,6.1,2.6678187820641908,,,,,2026-07-25 07:39:53,,2.31,23.95184931079648,0.07,0.0,-0.9278187820641908,,
2021-03-22,6581.763,7693506.0,1089501.0,22.242,1.69,0.15,1.54,,18.8799991607666,91.8000030517578,3940.590087890625,6.1,2.6678187820641908,,,,,2026-07-25 07:39:53,,2.33,23.95184931079648,0.07,0.0,-0.9778187820641908,,
2021-03-23,6584.479,7693506.0,1089501.0,19.526,1.63,0.15,1.48,,20.299999237060547,92.33999633789062,3910.52001953125,6.1,2.6678187820641908,,,,,2026-07-25 07:39:53,,2.29,23.95184931079648,0.07,0.0,-1.0378187820641909,,
2021-03-24,6665.812,7719622.0,1031908.0,21.902,1.62,0.14,1.48,,21.200000762939453,92.52999877929688,3889.139892578125,6.1,2.6678187820641908,,,,,2026-07-25 07:39:53,,2.31,23.95184931079648,0.07,0.0,-1.0478187820641909,,
2021-03-25,6677.614,7719622.0,1031908.0,10.1,1.63,0.14,1.49,,19.809999465942383,92.87999725341795,3909.52001953125,6.1,2.6678187820641908,,,,,2026-07-25 07:39:53,,2.32,23.95184931079648,0.07,0.0,-1.0378187820641909,,
2021-03-26,6676.264,7719622.0,1031908.0,11.45,1.67,0.14,1.53,,18.86000061035156,92.7699966430664,3974.5400390625,6.1,2.6678187820641908,,,,,2026-07-25 07:39:53,,2.34,23.95184931079648,0.07,0.0,-0.9978187820641908,,
2021-03-27,6676.264,7719622.0,1031908.0,11.45,1.67,0.14,1.53,,18.86000061035156,92.7699966430664,3974.5400390625,6.1,2.6678187820641908,,,,,2026-07-25 07:39:53,,2.34,23.95184931079648,0.07,0.0,-0.9978187820641908,,
2021-03-28,6676.264,7719622.0,1031908.0,11.45,1.67,0.14,1.53,,18.86000061035156,92.7699966430664,3974.5400390625,6.1,2.6678187820641908,,,,,2026-07-25 07:39:53,,2.34,23.95184931079648,0.07,0.0,-0.9978187820641908,,
2021-03-29,6647.36,7719622.0,1031908.0,40.354,1.73,0.14,1.59,,20.739999771118164,92.94000244140624,3971.090087890625,6.1,2.6678187820641908,,,,,2026-07-25 07:39:53,,2.36,23.95184931079648,0.07,0.0,-0.9378187820641908,,
2021-03-30,6582.989,7719622.0,1031908.0,104.725,1.73,0.16,1.57,,19.61000061035156,93.3000030517578,3958.550048828125,6.1,2.6678187820641908,,,,,2026-07-25 07:39:53,,2.35,23.95184931079648,0.07,0.0,-0.9378187820641908,,
2021-03-31,6432.7300000000005,7688988.0,1121951.0,134.307,1.74,0.16,1.58,,19.399999618530273,93.2300033569336,3972.889892578125,6.1,2.6678187820641908,,,,,2026-07-25 07:39:53,,2.37,23.95184931079648,0.06,-0.01,-0.9278187820641908,,
2021-04-01,6557.462,7688988.0,1121951.0,9.575,1.69,0.17,1.52,,17.329999923706055,92.93000030517578,4019.8701171875,6.1,4.133077115360573,,,,,2026-07-25 07:39:53,,2.35,18.224115603007274,0.07,0.0,-2.443077115360573,,
2021-04-02,6557.462,7688988.0,1121951.0,9.575,1.72,0.19,1.53,,17.329999923706055,92.93000030517578,4019.8701171875,6.1,4.133077115360573,,,,,2026-07-25 07:39:53,,2.36,18.224115603007274,0.07,0.0,-2.413077115360573,,
2021-04-03,6557.462,7688988.0,1121951.0,9.575,1.72,0.19,1.53,,17.329999923706055,92.93000030517578,4019.8701171875,6.1,4.133077115360573,,,,,2026-07-25 07:39:53,,2.36,18.224115603007274,0.07,0.0,-2.413077115360573,,
2021-04-04,6557.462,7688988.0,1121951.0,9.575,1.72,0.19,1.53,,17.329999923706055,92.93000030517578,4019.8701171875,6.1,4.133077115360573,,,,,2026-07-25 07:39:53,,2.36,18.224115603007274,0.07,0.0,-2.413077115360573,,
2021-04-05,6563.587,7688988.0,1121951.0,3.45,1.73,0.17,1.56,,17.90999984741211,92.5999984741211,4077.909912109375,6.1,4.133077115360573,,,,,2026-07-25 07:39:53,,2.35,18.224115603007274,0.07,0.0,-2.403077115360573,,
2021-04-06,6548.086,7688988.0,1121951.0,18.951,1.67,0.16,1.51,,18.1200008392334,92.33999633789062,4073.93994140625,6.1,4.133077115360573,,,,,2026-07-25 07:39:53,,2.32,18.224115603007274,0.07,0.0,-2.463077115360573,,
2021-04-07,6718.879,7708882.0,954968.0,35.035,1.68,0.16,1.52,,17.15999984741211,92.45999908447266,4079.949951171875,6.1,4.133077115360573,,,,,2026-07-25 07:39:53,,2.34,18.224115603007274,0.07,0.0,-2.453077115360573,,
2021-04-08,6726.273999999999,7708882.0,954968.0,27.64,1.64,0.14,1.5,,16.950000762939453,92.05999755859376,4097.169921875,6.1,4.133077115360573,,,,,2026-07-25 07:39:53,,2.33,18.224115603007274,0.07,0.0,-2.493077115360573,,
2021-04-09,6722.648999999999,7708882.0,954968.0,31.265,1.67,0.16,1.51,,16.690000534057617,92.16000366210938,4128.7998046875,6.1,4.133077115360573,,,,,2026-07-25 07:39:53,,2.31,18.224115603007274,0.07,0.0,-2.463077115360573,,
2021-04-10,6722.648999999999,7708882.0,954968.0,31.265,1.67,0.16,1.51,,16.690000534057617,92.16000366210938,4128.7998046875,6.1,4.133077115360573,,,,,2026-07-25 07:39:53,,2.31,18.224115603007274,0.07,0.0,-2.463077115360573,,
2021-04-11,6722.648999999999,7708882.0,954968.0,31.265,1.67,0.16,1.51,,16.690000534057617,92.16000366210938,4128.7998046875,6.1,4.133077115360573,,,,,2026-07-25 07:39:53,,2.31,18.224115603007274,0.07,0.0,-2.463077115360573,,
2021-04-12,6723.693,7708882.0,954968.0,30.221,1.69,0.18,1.51,,16.90999984741211,92.13999938964844,4127.990234375,6.1,4.133077115360573,,,,,2026-07-25 07:39:53,,2.33,18.224115603007274,0.07,0.0,-2.443077115360573,,
2021-04-13,6716.371,7708882.0,954968.0,37.543,1.64,0.16,1.48,,16.649999618530273,91.8499984741211,4141.58984375,6.1,4.133077115360573,,,,,2026-07-25 07:39:53,,2.33,18.224115603007274,0.07,0.0,-2.493077115360573,,
2021-04-14,6820.563,7793104.0,921685.0,50.856,1.64,0.16,1.48,,16.989999771118164,91.69000244140624,4124.66015625,6.1,4.133077115360573,,,,,2026-07-25 07:39:53,,2.33,18.224115603007274,0.07,0.0,-2.493077115360573,,
2021-04-15,6842.793,7793104.0,921685.0,28.626,1.56,0.16,1.4,,16.56999969482422,91.66999816894533,4170.419921875,6.1,4.133077115360573,,,,,2026-07-25 07:39:53,,2.33,18.224115603007274,0.07,0.0,-2.5730771153605727,,
2021-04-16,6831.479,7793104.0,921685.0,39.94,1.59,0.16,1.43,,16.25,91.55999755859376,4185.47021484375,6.1,4.133077115360573,,,,,2026-07-25 07:39:53,,2.36,18.224115603007274,0.07,0.0,-2.543077115360573,,
2021-04-17,6831.479,7793104.0,921685.0,39.94,1.59,0.16,1.43,,16.25,91.55999755859376,4185.47021484375,6.1,4.133077115360573,,,,,2026-07-25 07:39:53,,2.36,18.224115603007274,0.07,0.0,-2.543077115360573,,
2021-04-18,6831.479,7793104.0,921685.0,39.94,1.59,0.16,1.43,,16.25,91.55999755859376,4185.47021484375,6.1,4.133077115360573,,,,,2026-07-25 07:39:53,,2.36,18.224115603007274,0.07,0.0,-2.543077115360573,,
2021-04-19,6817.621,7793104.0,921685.0,53.798,1.61,0.16,1.45,,17.290000915527344,91.06999969482422,4163.259765625,6.1,4.133077115360573,,,,,2026-07-25 07:39:53,,2.34,18.224115603007274,0.07,0.0,-2.5230771153605724,,
2021-04-20,6803.672,7793104.0,921685.0,67.747,1.58,0.15,1.43,,18.68000030517578,91.23999786376952,4134.93994140625,6.1,4.133077115360573,,,,,2026-07-25 07:39:53,,2.32,18.224115603007274,0.07,0.0,-2.5530771153605727,,
2021-04-21,6736.176,7820948.0,1003443.0,81.329,1.57,0.15,1.42,,17.5,91.16000366210938,4173.419921875,6.1,4.133077115360573,,,,,2026-07-25 07:39:53,,2.33,18.224115603007274,0.07,0.0,-2.5630771153605725,,
2021-04-22,6714.861,7820948.0,1003443.0,102.644,1.57,0.16,1.41,,18.709999084472656,91.33000183105467,4134.97998046875,6.1,4.133077115360573,,,,,2026-07-25 07:39:53,,2.33,18.224115603007274,0.07,0.0,-2.5630771153605725,,
2021-04-23,6743.711,7820948.0,1003443.0,73.794,1.58,0.16,1.42,,17.329999923706055,90.86000061035156,4180.169921875,6.1,4.133077115360573,,,,,2026-07-25 07:39:53,,2.34,18.224115603007274,0.07,0.0,-2.5530771153605727,,
2021-04-24,6743.711,7820948.0,1003443.0,73.794,1.58,0.16,1.42,,17.329999923706055,90.86000061035156,4180.169921875,6.1,4.133077115360573,,,,,2026-07-25 07:39:53,,2.34,18.224115603007274,0.07,0.0,-2.5530771153605727,,
2021-04-25,6743.711,7820948.0,1003443.0,73.794,1.58,0.16,1.42,,17.329999923706055,90.86000061035156,4180.169921875,6.1,4.133077115360573,,,,,2026-07-25 07:39:53,,2.34,18.224115603007274,0.07,0.0,-2.5530771153605727,,
2021-04-26,6716.589,7820948.0,1003443.0,100.916,1.58,0.18,1.4,,17.639999389648438,90.80999755859376,4187.6201171875,6.1,4.133077115360573,,,,,2026-07-25 07:39:53,,2.36,18.224115603007274,0.07,0.0,-2.5530771153605727,,
2021-04-27,6675.3330000000005,7820948.0,1003443.0,142.172,1.63,0.17,1.46,,17.559999465942383,90.91000366210938,4186.72021484375,6.1,4.133077115360573,,,,,2026-07-25 07:39:53,,2.39,18.224115603007274,0.07,0.0,-2.503077115360573,,
2021-04-28,6681.943,7780962.0,932287.0,166.732,1.63,0.17,1.46,,17.280000686645508,90.61000061035156,4183.18017578125,6.1,4.133077115360573,,,,,2026-07-25 07:39:53,,2.41,18.224115603007274,0.07,0.0,-2.503077115360573,,
2021-04-29,6675.206,7780962.0,932287.0,173.469,1.65,0.16,1.49,,17.610000610351562,90.61000061035156,4211.47021484375,6.1,4.133077115360573,,,,,2026-07-25 07:39:53,,2.42,18.224115603007274,0.06,-0.01,-2.483077115360573,,
2021-04-30,6665.441,7780962.0,932287.0,183.234,1.65,0.16,1.49,,18.61000061035156,91.27999877929688,4181.169921875,6.1,4.133077115360573,,,,,2026-07-25 07:39:53,,2.41,18.224115603007274,0.05,-0.0099999999999999,-2.483077115360573,,
2021-05-01,6665.441,7780962.0,932287.0,183.234,1.65,0.16,1.49,,18.61000061035156,91.27999877929688,4181.169921875,5.8,4.918257089467626,,,,,2026-07-25 07:39:53,,2.41,14.08528458866105,0.05,-0.02,-3.268257089467626,,
2021-05-02,6665.441,7780962.0,932287.0,183.234,1.65,0.16,1.49,,18.61000061035156,91.27999877929688,4181.169921875,5.8,4.918257089467626,,,,,2026-07-25 07:39:53,,2.41,14.08528458866105,0.05,-0.02,-3.268257089467626,,
2021-05-03,6718.951,7780962.0,932287.0,129.724,1.63,0.16,1.47,,18.309999465942383,90.9499969482422,4192.66015625,5.8,4.918257089467626,,,,,2026-07-25 07:39:53,,2.42,14.08528458866105,0.06,-0.01,-3.288257089467626,,
2021-05-04,6700.869000000001,7780962.0,932287.0,147.806,1.61,0.16,1.45,,19.479999542236328,91.29000091552734,4164.66015625,5.8,4.918257089467626,,,,,2026-07-25 07:39:53,,2.42,14.08528458866105,0.06,-0.01,-3.3082570894676255,,
2021-05-05,6701.552,7810486.0,946134.0,162.8,1.59,0.16,1.43,,19.149999618530273,91.30999755859376,4167.58984375,5.8,4.918257089467626,,,,,2026-07-25 07:39:53,,2.47,14.08528458866105,0.06,-0.01,-3.328257089467626,,
2021-05-06,6709.431,7810486.0,946134.0,154.921,1.58,0.16,1.42,,18.38999938964844,90.9499969482422,4201.6201171875,5.8,4.918257089467626,,,,,2026-07-25 07:39:53,,2.45,14.08528458866105,0.06,-0.01,-3.338257089467626,,
2021-05-07,6702.496,7810486.0,946134.0,161.856,1.6,0.14,1.46,,16.690000534057617,90.2300033569336,4232.60009765625,5.8,4.918257089467626,,,,,2026-07-25 07:39:53,,2.49,14.08528458866105,0.06,-0.01,-3.3182570894676258,,
2021-05-08,6702.496,7810486.0,946134.0,161.856,1.6,0.14,1.46,,16.690000534057617,90.2300033569336,4232.60009765625,5.8,4.918257089467626,,,,,2026-07-25 07:39:53,,2.49,14.08528458866105,0.06,-0.01,-3.3182570894676258,,
2021-05-09,6702.496,7810486.0,946134.0,161.856,1.6,0.14,1.46,,16.690000534057617,90.2300033569336,4232.60009765625,5.8,4.918257089467626,,,,,2026-07-25 07:39:53,,2.49,14.08528458866105,0.06,-0.01,-3.3182570894676258,,
2021-05-10,6688.804,7810486.0,946134.0,175.548,1.63,0.16,1.47,,19.65999984741211,90.20999908447266,4188.43017578125,5.8,4.918257089467626,,,,,2026-07-25 07:39:53,,2.54,14.08528458866105,0.06,-0.01,-3.288257089467626,,
2021-05-11,6682.599,7810486.0,946134.0,181.753,1.64,0.16,1.48,,21.84000015258789,90.13999938964844,4152.10009765625,5.8,4.918257089467626,,,,,2026-07-25 07:39:53,,2.53,14.08528458866105,0.06,-0.01,-3.278257089467626,,
2021-05-12,6757.153,7830663.0,864253.0,209.257,1.69,0.16,1.53,,27.59000015258789,90.70999908447266,4063.0400390625,5.8,4.918257089467626,,,,,2026-07-25 07:39:53,,2.54,14.08528458866105,0.06,-0.01,-3.228257089467626,,
2021-05-13,6731.193,7830663.0,864253.0,235.217,1.66,0.16,1.5,,23.1299991607666,90.75,4112.5,5.8,4.918257089467626,,,,,2026-07-25 07:39:53,,2.51,14.08528458866105,0.06,-0.01,-3.2582570894676257,,
2021-05-14,6725.224999999999,7830663.0,864253.0,241.185,1.63,0.16,1.47,,18.809999465942383,90.31999969482422,4173.85009765625,5.8,4.918257089467626,,,,,2026-07-25 07:39:53,,2.51,14.08528458866105,0.06,-0.01,-3.288257089467626,,
2021-05-15,6725.224999999999,7830663.0,864253.0,241.185,1.63,0.16,1.47,,18.809999465942383,90.31999969482422,4173.85009765625,5.8,4.918257089467626,,,,,2026-07-25 07:39:53,,2.51,14.08528458866105,0.06,-0.01,-3.288257089467626,,
2021-05-16,6725.224999999999,7830663.0,864253.0,241.185,1.63,0.16,1.47,,18.809999465942383,90.31999969482422,4173.85009765625,5.8,4.918257089467626,,,,,2026-07-25 07:39:53,,2.51,14.08528458866105,0.06,-0.01,-3.288257089467626,,
2021-05-17,6757.45,7830663.0,864253.0,208.96,1.64,0.16,1.48,,19.719999313354492,90.22000122070312,4163.2900390625,5.8,4.918257089467626,,,,,2026-07-25 07:39:53,,2.54,14.08528458866105,0.06,-0.01,-3.278257089467626,,
2021-05-18,6722.94,7830663.0,864253.0,243.47,1.64,0.16,1.48,,21.34000015258789,89.75,4127.830078125,5.8,4.918257089467626,,,,,2026-07-25 07:39:54,,2.52,14.08528458866105,0.06,-0.01,-3.278257089467626,,
2021-05-19,6768.052000000001,7922883.0,860833.0,293.998,1.68,0.16,1.52,,22.18000030517578,90.19000244140624,4115.68017578125,5.8,4.918257089467626,,,,,2026-07-25 07:39:54,,2.48,14.08528458866105,0.06,-0.01,-3.238257089467626,,
2021-05-20,6710.929,7922883.0,860833.0,351.121,1.63,0.15,1.48,,20.670000076293945,89.80999755859375,4159.1201171875,5.8,4.918257089467626,,,,,2026-07-25 07:39:54,,2.41,14.08528458866105,0.06,-0.01,-3.288257089467626,,
2021-05-21,6693.004,7922883.0,860833.0,369.046,1.63,0.17,1.46,,20.149999618530273,90.0199966430664,4155.85986328125,5.8,4.918257089467626,,,,,2026-07-25 07:39:54,,2.43,14.08528458866105,0.06,-0.01,-3.288257089467626,,
2021-05-22,6693.004,7922883.0,860833.0,369.046,1.63,0.17,1.46,,20.149999618530273,90.0199966430664,4155.85986328125,5.8,4.918257089467626,,,,,2026-07-25 07:39:54,,2.43,14.08528458866105,0.06,-0.01,-3.288257089467626,,
2021-05-23,6693.004,7922883.0,860833.0,369.046,1.63,0.17,1.46,,20.149999618530273,90.0199966430664,4155.85986328125,5.8,4.918257089467626,,,,,2026-07-25 07:39:54,,2.43,14.08528458866105,0.06,-0.01,-3.288257089467626,,
2021-05-24,6667.109,7922883.0,860833.0,394.941,1.61,0.15,1.46,,18.399999618530273,89.83000183105469,4197.0498046875,5.8,4.918257089467626,,,,,2026-07-25 07:39:54,,2.44,14.08528458866105,0.06,-0.01,-3.3082570894676255,,
2021-05-25,6629.095,7922883.0,860833.0,432.955,1.56,0.15,1.41,,18.84000015258789,89.63999938964844,4188.1298828125,5.8,4.918257089467626,,,,,2026-07-25 07:39:54,,2.42,14.08528458866105,0.06,-0.01,-3.358257089467626,,
2021-05-26,6674.346,7903541.0,778912.0,450.283,1.58,0.14,1.44,,17.360000610351562,90.04000091552734,4195.990234375,5.8,4.918257089467626,,,,,2026-07-25 07:39:54,,2.4,14.08528458866105,0.06,-0.01,-3.338257089467626,,
2021-05-27,6639.3,7903541.0,778912.0,485.329,1.61,0.14,1.47,,16.739999771118164,89.97000122070312,4200.8798828125,5.8,4.918257089467626,,,,,2026-07-25 07:39:54,,2.42,14.08528458866105,0.06,-0.01,-3.3082570894676255,,
2021-05-28,6645.131,7903541.0,778912.0,479.498,1.58,0.14,1.44,,16.760000228881836,90.02999877929688,4204.10986328125,5.8,4.918257089467626,,,,,2026-07-25 07:39:54,,2.42,14.08528458866105,0.05,-0.02,-3.338257089467626,,
2021-05-29,6645.131,7903541.0,778912.0,479.498,1.58,0.14,1.44,,16.760000228881836,90.02999877929688,4204.10986328125,5.8,4.918257089467626,,,,,2026-07-25 07:39:54,,2.42,14.08528458866105,0.05,-0.0099999999999999,-3.338257089467626,,
2021-05-30,6645.131,7903541.0,778912.0,479.498,1.58,0.14,1.44,,16.760000228881836,90.02999877929688,4204.10986328125,5.8,4.918257089467626,,,,,2026-07-25 07:39:54,,2.42,14.08528458866105,0.05,0.0,-3.338257089467626,,
2021-05-31,6645.131,7903541.0,778912.0,479.498,1.58,0.14,1.44,,16.760000228881836,90.02999877929688,4204.10986328125,5.8,4.918257089467626,,,,,2026-07-25 07:39:54,,2.42,14.08528458866105,0.05,0.0,-3.338257089467626,,
2021-06-01,6676.644,7903541.0,778912.0,447.985,1.62,0.16,1.46,,17.899999618530273,89.83000183105469,4202.0400390625,5.9,5.295632620349999,,,,,2026-07-25 07:39:54,,2.46,12.608128990392808,0.06,0.0099999999999999,-3.675632620349999,,
2021-06-02,6684.838,7935703.0,812087.0,438.778,1.59,0.13,1.46,,17.479999542236328,89.9000015258789,4208.1201171875,5.9,5.295632620349999,,,,,2026-07-25 07:39:54,,2.44,12.608128990392808,0.06,0.0,-3.7056326203499994,,
2021-06-03,6644.514,7935703.0,812087.0,479.102,1.63,0.16,1.47,,18.040000915527344,90.5,4192.85009765625,5.9,5.295632620349999,,,,,2026-07-25 07:39:54,,2.42,12.608128990392808,0.06,0.0,-3.6656326203499994,,
2021-06-04,6640.267,7935703.0,812087.0,483.349,1.56,0.14,1.42,,16.420000076293945,90.13999938964844,4229.89013671875,5.9,5.295632620349999,,,,,2026-07-25 07:39:54,,2.4,12.608128990392808,0.06,0.0,-3.735632620349999,,
2021-06-05,6640.267,7935703.0,812087.0,483.349,1.56,0.14,1.42,,16.420000076293945,90.13999938964844,4229.89013671875,5.9,5.295632620349999,,,,,2026-07-25 07:39:54,,2.4,12.608128990392808,0.06,0.0,-3.735632620349999,,
2021-06-06,6640.267,7935703.0,812087.0,483.349,1.56,0.14,1.42,,16.420000076293945,90.13999938964844,4229.89013671875,5.9,5.295632620349999,,,,,2026-07-25 07:39:54,,2.4,12.608128990392808,0.06,0.0,-3.735632620349999,,
2021-06-07,6637.519,7935703.0,812087.0,486.097,1.57,0.16,1.41,,16.420000076293945,89.94999694824219,4226.52001953125,5.9,5.295632620349999,,,,,2026-07-25 07:39:54,,2.39,12.608128990392808,0.06,0.0,-3.725632620349999,,
2021-06-08,6626.188,7935703.0,812087.0,497.428,1.53,0.14,1.39,,17.06999969482422,90.08000183105467,4227.259765625,5.9,5.295632620349999,,,,,2026-07-25 07:39:54,,2.36,12.608128990392808,0.06,0.0,-3.765632620349999,,
2021-06-09,6775.868,7952327.0,673555.0,502.904,1.5,0.16,1.34,,17.889999389648438,90.12000274658205,4219.5498046875,5.9,5.295632620349999,,,,,2026-07-25 07:39:54,,2.32,12.608128990392808,0.06,0.0,-3.7956326203499993,,
2021-06-10,6743.829,7952327.0,673555.0,534.943,1.45,0.14,1.31,,16.100000381469727,90.08000183105467,4239.18017578125,5.9,5.295632620349999,,,,,2026-07-25 07:39:54,,2.35,12.608128990392808,0.06,0.0,-3.845632620349999,,
2021-06-11,6730.964,7952327.0,673555.0,547.808,1.47,0.16,1.31,,15.649999618530272,90.55999755859376,4247.43994140625,5.9,5.295632620349999,,,,,2026-07-25 07:39:54,,2.32,12.608128990392808,0.06,0.0,-3.825632620349999,,
2021-06-12,6730.964,7952327.0,673555.0,547.808,1.47,0.16,1.31,,15.649999618530272,90.55999755859376,4247.43994140625,5.9,5.295632620349999,,,,,2026-07-25 07:39:54,,2.32,12.608128990392808,0.06,0.0,-3.825632620349999,,
2021-06-13,6730.964,7952327.0,673555.0,547.808,1.47,0.16,1.31,,15.649999618530272,90.55999755859376,4247.43994140625,5.9,5.295632620349999,,,,,2026-07-25 07:39:54,,2.32,12.608128990392808,0.06,0.0,-3.825632620349999,,
2021-06-14,6694.88,7952327.0,673555.0,583.892,1.51,0.16,1.35,,16.389999389648438,90.5199966430664,4255.14990234375,5.9,5.295632620349999,,,,,2026-07-25 07:39:54,,2.36,12.608128990392808,0.06,0.0,-3.785632620349999,,
2021-06-15,6769.213,7952327.0,673555.0,509.559,1.51,0.16,1.35,,17.020000457763672,90.54000091552734,4246.58984375,5.9,5.295632620349999,,,,,2026-07-25 07:39:54,,2.38,12.608128990392808,0.06,0.0,-3.785632620349999,,
2021-06-16,6778.201,8064257.0,765114.0,520.942,1.57,0.21,1.36,,18.149999618530273,91.12999725341795,4223.7001953125,5.9,5.295632620349999,,,,,2026-07-25 07:39:54,,2.32,12.608128990392808,0.06,0.0,-3.725632620349999,,
2021-06-17,6543.343,8064257.0,765114.0,755.8,1.52,0.23,1.29,,17.75,91.88999938964844,4221.85986328125,5.9,5.295632620349999,,,,,2026-07-25 07:39:54,,2.27,12.608128990392808,0.1,0.04,-3.7756326203499992,,
2021-06-18,6552.022,8064257.0,765114.0,747.121,1.45,0.26,1.19,,20.700000762939453,92.2300033569336,4166.4501953125,5.9,5.295632620349999,,,,,2026-07-25 07:39:54,,2.24,12.608128990392808,0.1,0.04,-3.845632620349999,,
2021-06-19,6552.022,8064257.0,765114.0,747.121,1.45,0.26,1.19,,20.700000762939453,92.2300033569336,4166.4501953125,5.9,5.295632620349999,,,,,2026-07-25 07:39:54,,2.24,12.608128990392808,0.1,0.04,-3.845632620349999,,
2021-06-20,6552.022,8064257.0,765114.0,747.121,1.45,0.26,1.19,,20.700000762939453,92.2300033569336,4166.4501953125,5.9,5.295632620349999,,,,,2026-07-25 07:39:54,,2.24,12.608128990392808,0.1,0.04,-3.845632620349999,,
2021-06-21,6534.002,8064257.0,765114.0,765.141,1.5,0.27,1.23,,17.889999389648438,91.86000061035156,4224.7900390625,5.9,5.295632620349999,,,,,2026-07-25 07:39:54,,2.25,12.608128990392808,0.1,0.04,-3.7956326203499993,,
2021-06-22,6507.5380000000005,8064257.0,765114.0,791.605,1.48,0.25,1.23,,16.65999984741211,91.7300033569336,4246.43994140625,5.9,5.295632620349999,,,,,2026-07-25 07:39:54,,2.31,12.608128990392808,0.1,0.04,-3.8156326203499993,,
2021-06-23,6554.418,8101945.0,733877.0,813.65,1.5,0.26,1.24,,16.31999969482422,91.8000030517578,4241.83984375,5.9,5.295632620349999,,,,,2026-07-25 07:39:54,,2.34,12.608128990392808,0.1,0.04,-3.7956326203499993,,
2021-06-24,6555.0199999999995,8101945.0,733877.0,813.048,1.49,0.26,1.23,,15.970000267028809,91.81999969482422,4266.490234375,5.9,5.295632620349999,,,,,2026-07-25 07:39:54,,2.3,12.608128990392808,0.1,0.04,-3.805632620349999,,
2021-06-25,6597.237999999999,8101945.0,733877.0,770.83,1.54,0.28,1.26,,15.619999885559082,91.80999755859376,4280.7001953125,5.9,5.295632620349999,,,,,2026-07-25 07:39:54,,2.34,12.608128990392808,0.1,0.04,-3.7556326203499992,,
2021-06-26,6597.237999999999,8101945.0,733877.0,770.83,1.54,0.28,1.26,,15.619999885559082,91.80999755859376,4280.7001953125,5.9,5.295632620349999,,,,,2026-07-25 07:39:54,,2.34,12.608128990392808,0.1,0.04,-3.7556326203499992,,
2021-06-27,6597.237999999999,8101945.0,733877.0,770.83,1.54,0.28,1.26,,15.619999885559082,91.80999755859376,4280.7001953125,5.9,5.295632620349999,,,,,2026-07-25 07:39:54,,2.34,12.608128990392808,0.1,0.05,-3.7556326203499992,,
2021-06-28,6565.048999999999,8101945.0,733877.0,803.019,1.49,0.25,1.24,,15.760000228881836,91.87999725341795,4290.60986328125,5.9,5.295632620349999,,,,,2026-07-25 07:39:54,,2.33,12.608128990392808,0.1,0.05,-3.805632620349999,,
2021-06-29,6526.821999999999,8101945.0,733877.0,841.246,1.49,0.27,1.22,,16.020000457763672,92.0500030517578,4291.7998046875,5.9,5.295632620349999,,,,,2026-07-25 07:39:54,,2.32,12.608128990392808,0.1,0.05,-3.805632620349999,,
2021-06-30,6234.6759999999995,8078544.0,851929.0,991.939,1.45,0.25,1.2,,15.829999923706056,92.44000244140624,4297.5,5.9,5.295632620349999,,,,,2026-07-25 07:39:54,,2.32,12.608128990392808,0.08,0.03,-3.845632620349999,,
2021-07-01,6483.968,8078544.0,851929.0,742.647,1.48,0.25,1.23,,15.479999542236328,92.5999984741211,4319.93994140625,5.4,5.245169381309234,,,,,2026-07-25 07:39:54,,2.35,12.53204184255592,0.1,0.04,-3.7651693813092337,,
2021-07-02,6495.111,8078544.0,851929.0,731.504,1.44,0.24,1.2,,15.06999969482422,92.2300033569336,4352.33984375,5.4,5.245169381309234,,,,,2026-07-25 07:39:54,,2.33,12.53204184255592,0.1,0.04,-3.8051693813092338,,
2021-07-03,6495.111,8078544.0,851929.0,731.504,1.44,0.24,1.2,,15.06999969482422,92.2300033569336,4352.33984375,5.4,5.245169381309234,,,,,2026-07-25 07:39:54,,2.33,12.53204184255592,0.1,0.04,-3.8051693813092338,,
2021-07-04,6495.111,8078544.0,851929.0,731.504,1.44,0.24,1.2,,15.06999969482422,92.2300033569336,4352.33984375,5.4,5.245169381309234,,,,,2026-07-25 07:39:54,,2.33,12.53204184255592,0.1,0.04,-3.8051693813092338,,
2021-07-05,6495.111,8078544.0,851929.0,731.504,1.44,0.24,1.2,,15.06999969482422,92.2300033569336,4352.33984375,5.4,5.245169381309234,,,,,2026-07-25 07:39:54,,2.33,12.53204184255592,0.1,0.04,-3.8051693813092338,,
2021-07-06,6454.034,8078544.0,851929.0,772.581,1.37,0.22,1.15,,16.440000534057617,92.5500030517578,4343.5400390625,5.4,5.245169381309234,,,,,2026-07-25 07:39:54,,2.31,12.53204184255592,0.1,0.04,-3.8751693813092336,,
2021-07-07,6587.155,8097773.0,724898.0,785.72,1.33,0.22,1.11,,16.200000762939453,92.63999938964844,4358.1298828125,5.4,5.245169381309234,,,,,2026-07-25 07:39:54,,2.28,12.53204184255592,0.1,0.04,-3.9151693813092336,,
2021-07-08,6579.476,8097773.0,724898.0,793.399,1.3,0.19,1.11,,19.0,92.36000061035156,4320.81982421875,5.4,5.245169381309234,,,,,2026-07-25 07:39:54,,2.22,12.53204184255592,0.1,0.04,-3.945169381309234,,
2021-07-09,6592.279,8097773.0,724898.0,780.596,1.37,0.23,1.14,,16.18000030517578,92.12999725341795,4369.5498046875,5.4,5.245169381309234,,,,,2026-07-25 07:39:54,,2.28,12.53204184255592,0.1,0.04,-3.8751693813092336,,
2021-07-10,6592.279,8097773.0,724898.0,780.596,1.37,0.23,1.14,,16.18000030517578,92.12999725341795,4369.5498046875,5.4,5.245169381309234,,,,,2026-07-25 07:39:54,,2.28,12.53204184255592,0.1,0.04,-3.8751693813092336,,
2021-07-11,6592.279,8097773.0,724898.0,780.596,1.37,0.23,1.14,,16.18000030517578,92.12999725341795,4369.5498046875,5.4,5.245169381309234,,,,,2026-07-25 07:39:54,,2.28,12.53204184255592,0.1,0.04,-3.8751693813092336,,
2021-07-12,6596.403,8097773.0,724898.0,776.472,1.38,0.23,1.15,,16.170000076293945,92.2300033569336,4384.6298828125,5.4,5.245169381309234,,,,,2026-07-25 07:39:54,,2.33,12.53204184255592,0.1,0.04,-3.865169381309234,,
2021-07-13,6574.608,8097773.0,724898.0,798.267,1.42,0.26,1.16,,17.1200008392334,92.75,4369.2099609375,5.4,5.245169381309234,,,,,2026-07-25 07:39:54,,2.36,12.53204184255592,0.1,0.04,-3.825169381309234,,
2021-07-14,6684.133999999999,8201651.0,657542.0,859.975,1.37,0.23,1.14,,16.329999923706055,92.41000366210938,4374.2998046875,5.4,5.245169381309234,,,,,2026-07-25 07:39:54,,2.34,12.53204184255592,0.1,0.04,-3.8751693813092336,,
2021-07-15,6767.848,8201651.0,657542.0,776.261,1.31,0.23,1.08,,17.010000228881836,92.62000274658205,4360.02978515625,5.4,5.245169381309234,,,,,2026-07-25 07:39:54,,2.32,12.53204184255592,0.1,0.04,-3.9351693813092337,,
2021-07-16,6726.543,8201651.0,657542.0,817.566,1.31,0.25,1.06,,18.450000762939453,92.69000244140624,4327.16015625,5.4,5.245169381309234,,,,,2026-07-25 07:39:54,,2.33,12.53204184255592,0.1,0.04,-3.9351693813092337,,
2021-07-17,6726.543,8201651.0,657542.0,817.566,1.31,0.25,1.06,,18.450000762939453,92.69000244140624,4327.16015625,5.4,5.245169381309234,,,,,2026-07-25 07:39:54,,2.33,12.53204184255592,0.1,0.0,-3.9351693813092337,,
2021-07-18,6726.543,8201651.0,657542.0,817.566,1.31,0.25,1.06,,18.450000762939453,92.69000244140624,4327.16015625,5.4,5.245169381309234,,,,,2026-07-25 07:39:55,,2.33,12.53204184255592,0.1,0.0,-3.9351693813092337,,
2021-07-19,6683.641,8201651.0,657542.0,860.468,1.19,0.21,0.98,,22.5,92.88999938964844,4258.490234375,5.4,5.245169381309234,,,,,2026-07-25 07:39:55,,2.24,12.53204184255592,0.1,0.0,-4.055169381309234,,
2021-07-20,6696.007,8201651.0,657542.0,848.102,1.23,0.2,1.03,,19.729999542236328,92.97000122070312,4323.06005859375,5.4,5.245169381309234,,,,,2026-07-25 07:39:55,,2.26,12.53204184255592,0.1,0.0,-4.015169381309233,,
2021-07-21,6738.030000000001,8240530.0,616294.0,886.206,1.3,0.22,1.08,,17.90999984741211,92.75,4358.68994140625,5.4,5.245169381309234,,,,,2026-07-25 07:39:55,,2.28,12.53204184255592,0.1,0.0,-3.945169381309234,,
2021-07-22,6726.039000000001,8240530.0,616294.0,898.197,1.27,0.2,1.07,,17.690000534057617,92.81999969482422,4367.47998046875,5.4,5.245169381309234,,,,,2026-07-25 07:39:55,,2.28,12.53204184255592,0.1,0.0,-3.9751693813092337,,
2021-07-23,6746.985000000001,8240530.0,616294.0,877.251,1.3,0.22,1.08,,17.200000762939453,92.91000366210938,4411.7900390625,5.4,5.245169381309234,,,,,2026-07-25 07:39:55,,2.35,12.53204184255592,0.1,0.0,-3.945169381309234,,
2021-07-24,6746.985000000001,8240530.0,616294.0,877.251,1.3,0.22,1.08,,17.200000762939453,92.91000366210938,4411.7900390625,5.4,5.245169381309234,,,,,2026-07-25 07:39:55,,2.35,12.53204184255592,0.1,0.0,-3.945169381309234,,
2021-07-25,6746.985000000001,8240530.0,616294.0,877.251,1.3,0.22,1.08,,17.200000762939453,92.91000366210938,4411.7900390625,5.4,5.245169381309234,,,,,2026-07-25 07:39:55,,2.35,12.53204184255592,0.1,0.0,-3.945169381309234,,
2021-07-26,6733.033000000001,8240530.0,616294.0,891.203,1.29,0.22,1.07,,17.579999923706055,92.6500015258789,4422.2998046875,5.4,5.245169381309234,,,,,2026-07-25 07:39:55,,2.4,12.53204184255592,0.1,0.0,-3.9551693813092337,,
2021-07-27,6696.817000000001,8240530.0,616294.0,927.419,1.25,0.2,1.05,,19.36000061035156,92.43000030517578,4401.4599609375,5.4,5.245169381309234,,,,,2026-07-25 07:39:55,,2.38,12.53204184255592,0.1,0.0,-3.9951693813092337,,
2021-07-28,6719.317999999999,8221473.0,536966.0,965.189,1.26,0.2,1.06,,18.309999465942383,92.31999969482422,4400.64013671875,5.4,5.245169381309234,,,,,2026-07-25 07:39:55,,2.41,12.53204184255592,0.1,0.0,-3.985169381309234,,
2021-07-29,6697.223999999999,8221473.0,536966.0,987.283,1.28,0.2,1.08,,17.700000762939453,91.86000061035156,4419.14990234375,5.4,5.245169381309234,,,,,2026-07-25 07:39:55,,2.43,12.53204184255592,0.1,0.0,-3.9651693813092335,,
2021-07-30,6645.112999999999,8221473.0,536966.0,1039.394,1.24,0.19,1.05,,18.239999771118164,92.16999816894533,4395.259765625,5.4,5.245169381309234,,,,,2026-07-25 07:39:55,,2.4,12.53204184255592,0.07,-0.0099999999999999,-4.0051693813092335,,
2021-07-31,6645.112999999999,8221473.0,536966.0,1039.394,1.24,0.19,1.05,,18.239999771118164,92.16999816894533,4395.259765625,5.4,5.245169381309234,,,,,2026-07-25 07:39:55,,2.4,12.53204184255592,0.07,-0.03,-4.0051693813092335,,
2021-08-01,6645.112999999999,8221473.0,536966.0,1039.394,1.24,0.19,1.05,,18.239999771118164,92.16999816894533,4395.259765625,5.1,5.152015301793966,,,,,2026-07-25 07:39:55,,2.4,13.195228991048925,0.07,-0.03,-3.912015301793966,,
2021-08-02,6763.19,8221473.0,536966.0,921.317,1.2,0.17,1.03,,19.459999084472656,92.0500030517578,4387.16015625,5.1,5.152015301793966,,,,,2026-07-25 07:39:55,,2.37,13.195228991048925,0.1,0.0,-3.952015301793966,,
2021-08-03,6775.065,8221473.0,536966.0,909.442,1.19,0.17,1.02,,18.040000915527344,92.08000183105467,4423.14990234375,5.1,5.152015301793966,,,,,2026-07-25 07:39:55,,2.38,13.195228991048925,0.1,0.0,-3.9620153017939663,,
2021-08-04,6797.447,8235073.0,505871.0,931.755,1.19,0.17,1.02,,17.969999313354492,92.2699966430664,4402.66015625,5.1,5.152015301793966,,,,,2026-07-25 07:39:55,,2.35,13.195228991048925,0.1,0.0,-3.9620153017939663,,
2021-08-05,6784.867,8235073.0,505871.0,944.335,1.23,0.21,1.02,,17.280000686645508,92.23999786376952,4429.10009765625,5.1,5.152015301793966,,,,,2026-07-25 07:39:55,,2.33,13.195228991048925,0.1,0.0,-3.9220153017939663,,
2021-08-06,6777.068,8235073.0,505871.0,952.134,1.31,0.21,1.1,,16.149999618530273,92.8000030517578,4436.52001953125,5.1,5.152015301793966,,,,,2026-07-25 07:39:55,,2.37,13.195228991048925,0.1,0.0,-3.842015301793966,,
2021-08-07,6777.068,8235073.0,505871.0,952.134,1.31,0.21,1.1,,16.149999618530273,92.8000030517578,4436.52001953125,5.1,5.152015301793966,,,,,2026-07-25 07:39:55,,2.37,13.195228991048925,0.1,0.0,-3.842015301793966,,
2021-08-08,6777.068,8235073.0,505871.0,952.134,1.31,0.21,1.1,,16.149999618530273,92.8000030517578,4436.52001953125,5.1,5.152015301793966,,,,,2026-07-25 07:39:55,,2.37,13.195228991048925,0.1,0.0,-3.842015301793966,,
2021-08-09,6747.437,8235073.0,505871.0,981.765,1.33,0.23,1.1,,16.719999313354492,92.9499969482422,4432.35009765625,5.1,5.152015301793966,,,,,2026-07-25 07:39:55,,2.37,13.195228991048925,0.1,0.0,-3.822015301793966,,
2021-08-10,6730.548000000001,8235073.0,505871.0,998.654,1.36,0.24,1.12,,16.790000915527344,93.05999755859376,4436.75,5.1,5.152015301793966,,,,,2026-07-25 07:39:55,,2.4,13.195228991048925,0.1,0.0,-3.792015301793966,,
2021-08-11,6866.951999999999,8257159.0,389747.0,1000.46,1.35,0.23,1.12,,16.170000076293945,92.91000366210938,4442.41015625,5.1,5.152015301793966,,,,,2026-07-25 07:39:55,,2.42,13.195228991048925,0.1,0.0,-3.802015301793966,,
2021-08-12,6780.07,8257159.0,389747.0,1087.342,1.36,0.23,1.13,,15.59000015258789,93.04000091552734,4460.830078125,5.1,5.152015301793966,,,,,2026-07-25 07:39:55,,2.41,13.195228991048925,0.1,0.0,-3.792015301793966,,
2021-08-13,6816.471,8257159.0,389747.0,1050.941,1.29,0.23,1.06,,15.449999809265137,92.5199966430664,4468.0,5.1,5.152015301793966,,,,,2026-07-25 07:39:55,,2.37,13.195228991048925,0.1,0.0,-3.8620153017939662,,
2021-08-14,6816.471,8257159.0,389747.0,1050.941,1.29,0.23,1.06,,15.449999809265137,92.5199966430664,4468.0,5.1,5.152015301793966,,,,,2026-07-25 07:39:55,,2.37,13.195228991048925,0.1,0.0,-3.8620153017939662,,
2021-08-15,6816.471,8257159.0,389747.0,1050.941,1.29,0.23,1.06,,15.449999809265137,92.5199966430664,4468.0,5.1,5.152015301793966,,,,,2026-07-25 07:39:55,,2.37,13.195228991048925,0.1,0.0,-3.8620153017939662,,
2021-08-16,6830.994,8257159.0,389747.0,1036.418,1.26,0.21,1.05,,16.1200008392334,92.62999725341795,4479.7099609375,5.1,5.152015301793966,,,,,2026-07-25 07:39:55,,2.36,13.195228991048925,0.1,0.0,-3.8920153017939665,,
2021-08-17,6813.958,8257159.0,389747.0,1053.454,1.26,0.23,1.03,,17.90999984741211,93.12999725341795,4448.080078125,5.1,5.152015301793966,,,,,2026-07-25 07:39:55,,2.33,13.195228991048925,0.1,0.0,-3.8920153017939665,,
2021-08-18,6913.291,8342598.0,313651.0,1115.656,1.27,0.23,1.04,,21.56999969482422,93.13999938964844,4400.27001953125,5.1,5.152015301793966,,,,,2026-07-25 07:39:55,,2.32,13.195228991048925,0.09,-0.01,-3.8820153017939663,,
2021-08-19,6919.009,8342598.0,313651.0,1109.938,1.24,0.22,1.02,,21.670000076293945,93.56999969482422,4405.7998046875,5.1,5.152015301793966,,,,,2026-07-25 07:39:55,,2.28,13.195228991048925,0.09,-0.01,-3.912015301793966,,
2021-08-20,6917.042,8342598.0,313651.0,1111.905,1.26,0.23,1.03,,18.559999465942383,93.5,4441.669921875,5.1,5.152015301793966,,,,,2026-07-25 07:39:55,,2.27,13.195228991048925,0.09,-0.01,-3.8920153017939665,,
2021-08-21,6917.042,8342598.0,313651.0,1111.905,1.26,0.23,1.03,,18.559999465942383,93.5,4441.669921875,5.1,5.152015301793966,,,,,2026-07-25 07:39:55,,2.27,13.195228991048925,0.09,-0.01,-3.8920153017939665,,
2021-08-22,6917.042,8342598.0,313651.0,1111.905,1.26,0.23,1.03,,18.559999465942383,93.5,4441.669921875,5.1,5.152015301793966,,,,,2026-07-25 07:39:55,,2.27,13.195228991048925,0.09,-0.01,-3.8920153017939665,,
2021-08-23,6893.25,8342598.0,313651.0,1135.697,1.25,0.23,1.02,,17.149999618530273,92.95999908447266,4479.52978515625,5.1,5.152015301793966,,,,,2026-07-25 07:39:55,,2.27,13.195228991048925,0.09,-0.01,-3.9020153017939663,,
2021-08-24,6899.21,8342598.0,313651.0,1129.737,1.29,0.24,1.05,,17.219999313354492,92.88999938964844,4486.22998046875,5.1,5.152015301793966,,,,,2026-07-25 07:39:55,,2.3,13.195228991048925,0.09,-0.01,-3.8620153017939662,,
2021-08-25,6927.454000000001,8332743.0,258200.0,1147.089,1.35,0.23,1.12,,16.790000915527344,92.83000183105467,4496.18994140625,5.1,5.152015301793966,,,,,2026-07-25 07:39:55,,2.35,13.195228991048925,0.09,-0.01,-3.802015301793966,,
2021-08-26,6982.751,8332743.0,258200.0,1091.792,1.34,0.25,1.09,,18.84000015258789,93.05999755859376,4470.0,5.1,5.152015301793966,,,,,2026-07-25 07:39:55,,2.33,13.195228991048925,0.09,-0.01,-3.8120153017939664,,
2021-08-27,6954.528,8332743.0,258200.0,1120.015,1.31,0.22,1.09,,16.389999389648438,92.69000244140624,4509.3701171875,5.1,5.152015301793966,,,,,2026-07-25 07:39:55,,2.39,13.195228991048925,0.08,-0.02,-3.842015301793966,,
2021-08-28,6954.528,8332743.0,258200.0,1120.015,1.31,0.22,1.09,,16.389999389648438,92.69000244140624,4509.3701171875,5.1,5.152015301793966,,,,,2026-07-25 07:39:55,,2.39,13.195228991048925,0.08,-0.02,-3.842015301793966,,
2021-08-29,6954.528,8332743.0,258200.0,1120.015,1.31,0.22,1.09,,16.389999389648438,92.69000244140624,4509.3701171875,5.1,5.152015301793966,,,,,2026-07-25 07:39:55,,2.39,13.195228991048925,0.08,0.0099999999999999,-3.842015301793966,,
2021-08-30,6933.832,8332743.0,258200.0,1140.711,1.29,0.2,1.09,,16.190000534057617,92.6500015258789,4528.7900390625,5.1,5.152015301793966,,,,,2026-07-25 07:39:55,,2.37,13.195228991048925,0.08,0.0099999999999999,-3.8620153017939662,,
2021-08-31,6884.927000000001,8332743.0,258200.0,1189.616,1.3,0.2,1.1,,16.479999542236328,92.62999725341795,4522.68017578125,5.1,5.152015301793966,,,,,2026-07-25 07:39:55,,2.33,13.195228991048925,0.06,-0.01,-3.8520153017939665,,
2021-09-01,6968.124000000001,8349173.0,296934.0,1084.115,1.31,0.2,1.11,,16.110000610351562,92.4499969482422,4524.08984375,4.7,5.351215590949132,,,,,2026-07-25 07:39:55,,2.34,12.785915871522649,0.08,-0.02,-4.0412155909491325,,
2021-09-02,6985.252,8349173.0,296934.0,1066.987,1.29,0.2,1.09,,16.40999984741211,92.2300033569336,4536.9501953125,4.7,5.351215590949132,,,,,2026-07-25 07:39:55,,2.32,12.785915871522649,0.08,-0.02,-4.061215590949132,,
2021-09-03,6977.532,8349173.0,296934.0,1074.707,1.33,0.21,1.12,,16.40999984741211,92.04000091552734,4535.43017578125,4.7,5.351215590949132,,,,,2026-07-25 07:39:55,,2.34,12.785915871522649,0.08,-0.02,-4.021215590949132,,
2021-09-04,6977.532,8349173.0,296934.0,1074.707,1.33,0.21,1.12,,16.40999984741211,92.04000091552734,4535.43017578125,4.7,5.351215590949132,,,,,2026-07-25 07:39:55,,2.34,12.785915871522649,0.08,-0.02,-4.021215590949132,,
2021-09-05,6977.532,8349173.0,296934.0,1074.707,1.33,0.21,1.12,,16.40999984741211,92.04000091552734,4535.43017578125,4.7,5.351215590949132,,,,,2026-07-25 07:39:55,,2.34,12.785915871522649,0.08,-0.02,-4.021215590949132,,
2021-09-06,6977.532,8349173.0,296934.0,1074.707,1.33,0.21,1.12,,16.40999984741211,92.04000091552734,4535.43017578125,4.7,5.351215590949132,,,,,2026-07-25 07:39:55,,2.34,12.785915871522649,0.08,-0.02,-4.021215590949132,,
2021-09-07,6972.294000000001,8349173.0,296934.0,1079.945,1.38,0.22,1.16,,18.13999938964844,92.5199966430664,4520.02978515625,4.7,5.351215590949132,,,,,2026-07-25 07:39:55,,2.36,12.785915871522649,0.08,-0.02,-3.971215590949132,,
2021-09-08,7041.383,8357314.0,200702.0,1115.229,1.35,0.22,1.13,,17.959999084472656,92.6500015258789,4514.06982421875,4.7,5.351215590949132,,,,,2026-07-25 07:39:55,,2.38,12.785915871522649,0.08,-0.02,-4.001215590949132,,
2021-09-09,7048.9529999999995,8357314.0,200702.0,1107.659,1.3,0.23,1.07,,18.799999237060547,92.4800033569336,4493.27978515625,4.7,5.351215590949132,,,,,2026-07-25 07:39:55,,2.38,12.785915871522649,0.08,-0.02,-4.051215590949132,,
2021-09-10,7057.289,8357314.0,200702.0,1099.323,1.35,0.23,1.12,,20.950000762939453,92.58000183105467,4458.580078125,4.7,5.351215590949132,,,,,2026-07-25 07:39:55,,2.4,12.785915871522649,0.08,-0.02,-4.001215590949132,,
2021-09-11,7057.289,8357314.0,200702.0,1099.323,1.35,0.23,1.12,,20.950000762939453,92.58000183105467,4458.580078125,4.7,5.351215590949132,,,,,2026-07-25 07:39:55,,2.4,12.785915871522649,0.08,-0.02,-4.001215590949132,,
2021-09-12,7057.289,8357314.0,200702.0,1099.323,1.35,0.23,1.12,,20.950000762939453,92.58000183105467,4458.580078125,4.7,5.351215590949132,,,,,2026-07-25 07:39:55,,2.4,12.785915871522649,0.08,-0.02,-4.001215590949132,,
2021-09-13,7069.504,8357314.0,200702.0,1087.108,1.33,0.21,1.12,,19.3700008392334,92.62000274658205,4468.72998046875,4.7,5.351215590949132,,,,,2026-07-25 07:39:55,,2.37,12.785915871522649,0.08,-0.02,-4.021215590949132,,
2021-09-14,6987.332,8357314.0,200702.0,1169.28,1.28,0.21,1.07,,19.459999084472656,92.6500015258789,4443.0498046875,4.7,5.351215590949132,,,,,2026-07-25 07:39:55,,2.33,12.785915871522649,0.08,-0.02,-4.071215590949132,,
2021-09-15,7022.76,8448770.0,344668.0,1081.342,1.31,0.21,1.1,,18.18000030517578,92.48999786376952,4480.7001953125,4.7,5.351215590949132,,,,,2026-07-25 07:39:55,,2.35,12.785915871522649,0.08,-0.02,-4.0412155909491325,,
2021-09-16,6956.608000000001,8448770.0,344668.0,1147.494,1.34,0.23,1.11,,18.690000534057617,92.86000061035156,4473.75,4.7,5.351215590949132,,,,,2026-07-25 07:39:55,,2.35,12.785915871522649,0.08,-0.02,-4.011215590949132,,
2021-09-17,6885.799000000001,8448770.0,344668.0,1218.303,1.37,0.23,1.14,,20.809999465942383,93.1999969482422,4432.990234375,4.7,5.351215590949132,,,,,2026-07-25 07:39:55,,2.33,12.785915871522649,0.08,-0.0099999999999999,-3.981215590949132,,
2021-09-18,6885.799000000001,8448770.0,344668.0,1218.303,1.37,0.23,1.14,,20.809999465942383,93.1999969482422,4432.990234375,4.7,5.351215590949132,,,,,2026-07-25 07:39:55,,2.33,12.785915871522649,0.08,-0.0099999999999999,-3.981215590949132,,
2021-09-19,6885.799000000001,8448770.0,344668.0,1218.303,1.37,0.23,1.14,,20.809999465942383,93.1999969482422,4432.990234375,4.7,5.351215590949132,,,,,2026-07-25 07:39:55,,2.33,12.785915871522649,0.08,-0.0099999999999999,-3.981215590949132,,
2021-09-20,6879.813000000001,8448770.0,344668.0,1224.289,1.31,0.23,1.08,,25.709999084472656,93.23999786376952,4357.72998046875,4.7,5.351215590949132,,,,,2026-07-25 07:39:56,,2.29,12.785915871522649,0.08,-0.0099999999999999,-4.0412155909491325,,
2021-09-21,6863.608000000001,8448770.0,344668.0,1240.494,1.33,0.22,1.11,,24.36000061035156,93.1999969482422,4354.18994140625,4.7,5.351215590949132,,,,,2026-07-25 07:39:56,,2.29,12.785915871522649,0.08,-0.0099999999999999,-4.021215590949132,,
2021-09-22,6933.8640000000005,8489824.0,272679.0,1283.281,1.32,0.25,1.07,,20.8700008392334,93.45999908447266,4395.64013671875,4.7,5.351215590949132,,,,,2026-07-25 07:39:56,,2.28,12.785915871522649,0.08,-0.0099999999999999,-4.031215590949132,,
2021-09-23,6864.662,8489824.0,272679.0,1352.483,1.41,0.27,1.14,,18.6299991607666,93.0999984741211,4448.97998046875,4.7,5.351215590949132,,,,,2026-07-25 07:39:56,,2.31,12.785915871522649,0.08,-0.0099999999999999,-3.941215590949132,,
2021-09-24,6903.488,8489824.0,272679.0,1313.657,1.47,0.29,1.18,,17.75,93.33000183105467,4455.47998046875,4.7,5.351215590949132,,,,,2026-07-25 07:39:56,,2.34,12.785915871522649,0.08,-0.0099999999999999,-3.881215590949133,,
2021-09-25,6903.488,8489824.0,272679.0,1313.657,1.47,0.29,1.18,,17.75,93.33000183105467,4455.47998046875,4.7,5.351215590949132,,,,,2026-07-25 07:39:56,,2.34,12.785915871522649,0.08,-0.0099999999999999,-3.881215590949133,,
2021-09-26,6903.488,8489824.0,272679.0,1313.657,1.47,0.29,1.18,,17.75,93.33000183105467,4455.47998046875,4.7,5.351215590949132,,,,,2026-07-25 07:39:56,,2.34,12.785915871522649,0.08,0.0,-3.881215590949133,,
2021-09-27,6920.095,8489824.0,272679.0,1297.05,1.48,0.31,1.17,,18.760000228881836,93.37999725341795,4443.10986328125,4.7,5.351215590949132,,,,,2026-07-25 07:39:56,,2.35,12.785915871522649,0.08,0.0,-3.871215590949132,,
2021-09-28,6851.960000000001,8489824.0,272679.0,1365.185,1.54,0.31,1.23,,23.25,93.7699966430664,4352.6298828125,4.7,5.351215590949132,,,,,2026-07-25 07:39:56,,2.38,12.785915871522649,0.08,0.0,-3.811215590949132,,
2021-09-29,6858.395999999999,8447981.0,173745.0,1415.84,1.55,0.3,1.25,,22.559999465942383,94.33999633789062,4359.4599609375,4.7,5.351215590949132,,,,,2026-07-25 07:39:56,,2.37,12.785915871522649,0.08,0.0,-3.801215590949132,,
2021-09-30,6669.354999999999,8447981.0,173745.0,1604.881,1.52,0.28,1.24,,23.13999938964844,94.25,4307.5400390625,4.7,5.351215590949132,,,,,2026-07-25 07:39:56,,2.37,12.785915871522649,0.06,0.0,-3.831215590949132,,
2021-10-01,6888.244999999999,8447981.0,173745.0,1385.991,1.48,0.27,1.21,,21.100000381469727,94.04000091552734,4357.0400390625,4.5,6.235042390298062,,,,,2026-07-25 07:39:56,,2.38,12.810807352753017,0.08,0.0,-4.755042390298062,,
2021-10-02,6888.244999999999,8447981.0,173745.0,1385.991,1.48,0.27,1.21,,21.100000381469727,94.04000091552734,4357.0400390625,4.5,6.235042390298062,,,,,2026-07-25 07:39:56,,2.38,12.810807352753017,0.08,0.0,-4.755042390298062,,
2021-10-03,6888.244999999999,8447981.0,173745.0,1385.991,1.48,0.27,1.21,,21.100000381469727,94.04000091552734,4357.0400390625,4.5,6.235042390298062,,,,,2026-07-25 07:39:56,,2.38,12.810807352753017,0.08,0.0,-4.755042390298062,,
2021-10-04,6875.062999999999,8447981.0,173745.0,1399.173,1.49,0.27,1.22,,22.959999084472656,93.80999755859376,4300.4599609375,4.5,6.235042390298062,,,,,2026-07-25 07:39:56,,2.38,12.810807352753017,0.08,0.0,-4.745042390298062,,
2021-10-05,6843.055999999999,8447981.0,173745.0,1431.18,1.54,0.28,1.26,,21.299999237060547,93.9800033569336,4345.72021484375,4.5,6.235042390298062,,,,,2026-07-25 07:39:56,,2.45,12.810807352753017,0.08,0.0,-4.695042390298062,,
2021-10-06,6917.003,8464032.0,95854.0,1451.175,1.53,0.3,1.23,,21.0,94.2699966430664,4363.5498046875,4.5,6.235042390298062,,,,,2026-07-25 07:39:56,,2.43,12.810807352753017,0.08,0.0,-4.705042390298062,,
2021-10-07,6992.315,8464032.0,95854.0,1375.863,1.58,0.32,1.26,,19.540000915527344,94.22000122070312,4399.759765625,4.5,6.235042390298062,,,,,2026-07-25 07:39:56,,2.46,12.810807352753017,0.08,0.0,-4.655042390298062,,
2021-10-08,6996.219999999999,8464032.0,95854.0,1371.958,1.61,0.32,1.29,,18.770000457763672,94.06999969482422,4391.33984375,4.5,6.235042390298062,,,,,2026-07-25 07:39:56,,2.5,12.810807352753017,0.08,0.0,-4.625042390298062,,
2021-10-09,6996.219999999999,8464032.0,95854.0,1371.958,1.61,0.32,1.29,,18.770000457763672,94.06999969482422,4391.33984375,4.5,6.235042390298062,,,,,2026-07-25 07:39:56,,2.5,12.810807352753017,0.08,0.0,-4.625042390298062,,
2021-10-10,6996.219999999999,8464032.0,95854.0,1371.958,1.61,0.32,1.29,,18.770000457763672,94.06999969482422,4391.33984375,4.5,6.235042390298062,,,,,2026-07-25 07:39:56,,2.5,12.810807352753017,0.08,0.0,-4.625042390298062,,
2021-10-11,6996.219999999999,8464032.0,95854.0,1371.958,1.61,0.32,1.29,,20.0,94.31999969482422,4361.18994140625,4.5,6.235042390298062,,,,,2026-07-25 07:39:56,,2.5,12.810807352753017,0.08,0.0,-4.625042390298062,,
2021-10-12,7001.127,8464032.0,95854.0,1367.051,1.59,0.35,1.24,,19.850000381469727,94.5199966430664,4350.64990234375,4.5,6.235042390298062,,,,,2026-07-25 07:39:56,,2.49,12.810807352753017,0.08,0.0,-4.645042390298062,,
2021-10-13,7043.781,8480942.0,72460.0,1364.701,1.56,0.37,1.19,,18.63999938964844,94.08000183105467,4363.7998046875,4.5,6.235042390298062,,,,,2026-07-25 07:39:56,,2.52,12.810807352753017,0.08,0.0,-4.675042390298062,,
2021-10-14,6962.822,8480942.0,72460.0,1445.66,1.52,0.36,1.16,,16.860000610351562,93.95999908447266,4438.259765625,4.5,6.235042390298062,,,,,2026-07-25 07:39:56,,2.52,12.810807352753017,0.08,0.0,-4.715042390298063,,
2021-10-15,6946.1849999999995,8480942.0,72460.0,1462.297,1.59,0.41,1.18,,16.299999237060547,93.94000244140624,4471.3701171875,4.5,6.235042390298062,,,,,2026-07-25 07:39:56,,2.56,12.810807352753017,0.08,0.0,-4.645042390298062,,
2021-10-16,6946.1849999999995,8480942.0,72460.0,1462.297,1.59,0.41,1.18,,16.299999237060547,93.94000244140624,4471.3701171875,4.5,6.235042390298062,,,,,2026-07-25 07:39:56,,2.56,12.810807352753017,0.08,0.0,-4.645042390298062,,
2021-10-17,6946.1849999999995,8480942.0,72460.0,1462.297,1.59,0.41,1.18,,16.299999237060547,93.94000244140624,4471.3701171875,4.5,6.235042390298062,,,,,2026-07-25 07:39:56,,2.56,12.810807352753017,0.08,0.0,-4.645042390298062,,
2021-10-18,6931.368,8480942.0,72460.0,1477.114,1.59,0.44,1.15,,16.309999465942383,93.9499969482422,4486.4599609375,4.5,6.235042390298062,,,,,2026-07-25 07:39:56,,2.54,12.810807352753017,0.08,0.0,-4.645042390298062,,
2021-10-19,6937.743,8480942.0,72460.0,1470.739,1.65,0.41,1.24,,15.699999809265137,93.79000091552734,4519.6298828125,4.5,6.235042390298062,,,,,2026-07-25 07:39:56,,2.54,12.810807352753017,0.08,0.0,-4.585042390298062,,
2021-10-20,6953.6179999999995,8564943.0,117364.0,1493.961,1.65,0.4,1.25,,15.489999771118164,93.55999755859376,4536.18994140625,4.5,6.235042390298062,,,,,2026-07-25 07:39:56,,2.57,12.810807352753017,0.08,0.0,-4.585042390298062,,
2021-10-21,6988.974,8564943.0,117364.0,1458.605,1.68,0.45,1.23,,15.010000228881836,93.7699966430664,4549.77978515625,4.5,6.235042390298062,,,,,2026-07-25 07:39:56,,2.64,12.810807352753017,0.08,0.0,-4.555042390298063,,
2021-10-22,7044.558999999999,8564943.0,117364.0,1403.02,1.66,0.48,1.18,,15.43000030517578,93.61000061035156,4544.89990234375,4.5,6.235042390298062,,,,,2026-07-25 07:39:56,,2.64,12.810807352753017,0.08,0.0,-4.575042390298062,,
2021-10-23,7044.558999999999,8564943.0,117364.0,1403.02,1.66,0.48,1.18,,15.43000030517578,93.61000061035156,4544.89990234375,4.5,6.235042390298062,,,,,2026-07-25 07:39:56,,2.64,12.810807352753017,0.08,0.0,-4.575042390298062,,
2021-10-24,7044.558999999999,8564943.0,117364.0,1403.02,1.66,0.48,1.18,,15.43000030517578,93.61000061035156,4544.89990234375,4.5,6.235042390298062,,,,,2026-07-25 07:39:56,,2.64,12.810807352753017,0.08,0.0,-4.575042390298062,,
2021-10-25,7034.391,8564943.0,117364.0,1413.188,1.64,0.47,1.17,,15.239999771118164,93.80999755859376,4566.47998046875,4.5,6.235042390298062,,,,,2026-07-25 07:39:56,,2.66,12.810807352753017,0.08,0.0,-4.595042390298063,,
2021-10-26,7024.380999999999,8564943.0,117364.0,1423.198,1.63,0.47,1.16,,15.979999542236328,93.9499969482422,4574.7900390625,4.5,6.235042390298062,,,,,2026-07-25 07:39:56,,2.69,12.810807352753017,0.08,0.0,-4.605042390298062,,
2021-10-27,6886.316,8556181.0,236495.0,1433.37,1.54,0.5,1.04,,16.979999542236328,93.86000061035156,4551.68017578125,4.5,6.235042390298062,,,,,2026-07-25 07:39:56,,2.65,12.810807352753017,0.08,0.0,-4.695042390298062,,
2021-10-28,6935.0019999999995,8556181.0,236495.0,1384.684,1.57,0.5,1.07,,16.530000686645508,93.3499984741211,4596.419921875,4.5,6.235042390298062,,,,,2026-07-25 07:39:56,,2.57,12.810807352753017,0.08,0.0,-4.665042390298062,,
2021-10-29,6817.389999999999,8556181.0,236495.0,1502.296,1.55,0.48,1.07,,16.260000228881836,94.12000274658205,4605.3798828125,4.5,6.235042390298062,,,,,2026-07-25 07:39:56,,2.51,12.810807352753017,0.07,-0.0099999999999999,-4.6850423902980625,,
2021-10-30,6817.389999999999,8556181.0,236495.0,1502.296,1.55,0.48,1.07,,16.260000228881836,94.12000274658205,4605.3798828125,4.5,6.235042390298062,,,,,2026-07-25 07:39:56,,2.51,12.810807352753017,0.07,0.01,-4.6850423902980625,,
2021-10-31,6817.389999999999,8556181.0,236495.0,1502.296,1.55,0.48,1.07,,16.260000228881836,94.12000274658205,4605.3798828125,4.5,6.235042390298062,,,,,2026-07-25 07:39:56,,2.51,12.810807352753017,0.07,-0.0099999999999999,-4.6850423902980625,,
2021-11-01,6961.08,8556181.0,236495.0,1358.606,1.58,0.5,1.08,,16.40999984741211,93.87999725341795,4613.669921875,4.1,6.901970403700863,,,,,2026-07-25 07:39:56,,2.5,12.310891193346318,0.08,0.0,-5.321970403700863,,
2021-11-02,6989.772999999999,8556181.0,236495.0,1329.913,1.56,0.46,1.1,,16.030000686645508,94.08999633789062,4630.64990234375,4.1,6.901970403700863,,,,,2026-07-25 07:39:56,,2.51,12.310891193346318,0.08,0.0,-5.341970403700863,,
2021-11-03,6943.926999999999,8574871.0,286959.0,1343.985,1.6,0.47,1.13,,15.100000381469728,93.86000061035156,4660.56982421875,4.1,6.901970403700863,,,,,2026-07-25 07:39:56,,2.53,12.310891193346318,0.08,0.0,-5.301970403700864,,
2021-11-04,6939.372999999999,8574871.0,286959.0,1348.539,1.53,0.41,1.12,,15.4399995803833,94.3499984741211,4680.06005859375,4.1,6.901970403700863,,,,,2026-07-25 07:39:56,,2.56,12.310891193346318,0.08,0.0,-5.371970403700863,,
2021-11-05,6933.852999999998,8574871.0,286959.0,1354.059,1.45,0.39,1.06,,16.479999542236328,94.31999969482422,4697.52978515625,4.1,6.901970403700863,,,,,2026-07-25 07:39:56,,2.54,12.310891193346318,0.08,0.0,-5.451970403700863,,
2021-11-06,6933.852999999998,8574871.0,286959.0,1354.059,1.45,0.39,1.06,,16.479999542236328,94.31999969482422,4697.52978515625,4.1,6.901970403700863,,,,,2026-07-25 07:39:56,,2.54,12.310891193346318,0.08,0.0,-5.451970403700863,,
2021-11-07,6933.852999999998,8574871.0,286959.0,1354.059,1.45,0.39,1.06,,16.479999542236328,94.31999969482422,4697.52978515625,4.1,6.901970403700863,,,,,2026-07-25 07:39:56,,2.54,12.310891193346318,0.08,0.0,-5.451970403700863,,
2021-11-08,6933.529999999999,8574871.0,286959.0,1354.382,1.51,0.45,1.06,,17.219999313354492,94.0500030517578,4701.7001953125,4.1,6.901970403700863,,,,,2026-07-25 07:39:56,,2.62,12.310891193346318,0.08,0.0,-5.391970403700864,,
2021-11-09,6910.714999999998,8574871.0,286959.0,1377.197,1.46,0.41,1.05,,17.780000686645508,93.95999908447266,4685.25,4.1,6.901970403700863,,,,,2026-07-25 07:39:56,,2.63,12.310891193346318,0.08,0.0,-5.441970403700863,,
2021-11-10,6983.073,8663117.0,231421.0,1448.623,1.56,0.51,1.05,,18.729999542236328,94.8499984741211,4646.7099609375,4.1,6.901970403700863,,,,,2026-07-25 07:39:56,,2.7,12.310891193346318,0.08,0.0,-5.341970403700863,,
2021-11-11,6983.073,8663117.0,231421.0,1448.623,1.56,0.51,1.05,,17.65999984741211,95.18000030517578,4649.27001953125,4.1,6.901970403700863,,,,,2026-07-25 07:39:56,,2.7,12.310891193346318,0.08,0.0,-5.341970403700863,,
2021-11-12,7014.053,8663117.0,231421.0,1417.643,1.58,0.53,1.05,,16.290000915527344,95.12999725341795,4682.85009765625,4.1,6.901970403700863,,,,,2026-07-25 07:39:56,,2.73,12.310891193346318,0.08,0.0,-5.321970403700863,,
2021-11-13,7014.053,8663117.0,231421.0,1417.643,1.58,0.53,1.05,,16.290000915527344,95.12999725341795,4682.85009765625,4.1,6.901970403700863,,,,,2026-07-25 07:39:56,,2.73,12.310891193346318,0.08,0.0,-5.321970403700863,,
2021-11-14,7014.053,8663117.0,231421.0,1417.643,1.58,0.53,1.05,,16.290000915527344,95.12999725341795,4682.85009765625,4.1,6.901970403700863,,,,,2026-07-25 07:39:56,,2.73,12.310891193346318,0.08,0.0,-5.321970403700863,,
2021-11-15,7040.039,8663117.0,231421.0,1391.657,1.63,0.53,1.1,,16.489999771118164,95.41000366210938,4682.7998046875,4.1,6.901970403700863,,,,,2026-07-25 07:39:56,,2.76,12.310891193346318,0.08,0.0,-5.2719704037008635,,
2021-11-16,6964.839,8663117.0,231421.0,1466.857,1.63,0.54,1.09,,16.3700008392334,95.91999816894533,4700.89990234375,4.1,6.901970403700863,,,,,2026-07-25 07:39:56,,2.73,12.310891193346318,0.08,0.0,-5.2719704037008635,,
2021-11-17,6975.998,8674970.0,178972.0,1520.0,1.6,0.52,1.08,,17.110000610351562,95.83000183105467,4688.669921875,4.1,6.901970403700863,,,,,2026-07-25 07:39:56,,2.7,12.310891193346318,0.08,0.0,-5.301970403700864,,
2021-11-18,6911.901,8674970.0,178972.0,1584.097,1.59,0.52,1.07,,17.59000015258789,95.54000091552734,4704.5400390625,4.1,6.901970403700863,,,,,2026-07-25 07:39:56,,2.73,12.310891193346318,0.08,0.0,-5.3119704037008635,,
2021-11-19,6920.614,8674970.0,178972.0,1575.384,1.54,0.52,1.02,,17.90999984741211,96.06999969482422,4697.9599609375,4.1,6.901970403700863,,,,,2026-07-25 07:39:56,,2.65,12.310891193346318,0.08,0.0,-5.361970403700863,,
2021-11-20,6920.614,8674970.0,178972.0,1575.384,1.54,0.52,1.02,,17.90999984741211,96.06999969482422,4697.9599609375,4.1,6.901970403700863,,,,,2026-07-25 07:39:57,,2.65,12.310891193346318,0.08,0.0,-5.361970403700863,,
2021-11-21,6920.614,8674970.0,178972.0,1575.384,1.54,0.52,1.02,,17.90999984741211,96.06999969482422,4697.9599609375,4.1,6.901970403700863,,,,,2026-07-25 07:39:57,,2.65,12.310891193346318,0.08,0.0,-5.361970403700863,,
2021-11-22,6922.228999999999,8674970.0,178972.0,1573.769,1.63,0.63,1.0,,19.170000076293945,96.5,4682.93994140625,4.1,6.901970403700863,,,,,2026-07-25 07:39:57,,2.61,12.310891193346318,0.08,0.0,-5.2719704037008635,,
2021-11-23,6924.018,8674970.0,178972.0,1571.98,1.67,0.6,1.07,,19.3799991607666,96.48999786376952,4690.7001953125,4.1,6.901970403700863,,,,,2026-07-25 07:39:57,,2.62,12.310891193346318,0.08,0.0,-5.231970403700863,,
2021-11-24,7087.832000000001,8681771.0,141042.0,1452.897,1.64,0.64,1.0,,18.579999923706055,96.83999633789062,4701.4599609375,4.1,6.901970403700863,,,,,2026-07-25 07:39:57,,2.61,12.310891193346318,0.08,0.0,-5.261970403700864,,
2021-11-25,7087.832000000001,8681771.0,141042.0,1452.897,1.64,0.64,1.0,,18.579999923706055,96.83999633789062,4701.4599609375,4.1,6.901970403700863,,,,,2026-07-25 07:39:57,,2.61,12.310891193346318,0.08,0.0,-5.261970403700864,,
2021-11-26,7089.621000000001,8681771.0,141042.0,1451.108,1.48,0.5,0.98,,28.6200008392334,96.08999633789062,4594.6201171875,4.1,6.901970403700863,,,,,2026-07-25 07:39:57,,2.55,12.310891193346318,0.08,0.0,-5.421970403700863,,
2021-11-27,7089.621000000001,8681771.0,141042.0,1451.108,1.48,0.5,0.98,,28.6200008392334,96.08999633789062,4594.6201171875,4.1,6.901970403700863,,,,,2026-07-25 07:39:57,,2.55,12.310891193346318,0.08,0.0,-5.421970403700863,,
2021-11-28,7089.621000000001,8681771.0,141042.0,1451.108,1.48,0.5,0.98,,28.6200008392334,96.08999633789062,4594.6201171875,4.1,6.901970403700863,,,,,2026-07-25 07:39:57,,2.55,12.310891193346318,0.08,0.0099999999999999,-5.421970403700863,,
2021-11-29,7081.390000000001,8681771.0,141042.0,1459.339,1.52,0.51,1.01,,22.959999084472656,96.33999633789062,4655.27001953125,4.1,6.901970403700863,,,,,2026-07-25 07:39:57,,2.54,12.310891193346318,0.08,0.0099999999999999,-5.381970403700864,,
2021-11-30,7022.773000000001,8681771.0,141042.0,1517.956,1.43,0.52,0.91,,27.190000534057617,95.98999786376952,4567.0,4.1,6.901970403700863,,,,,2026-07-25 07:39:57,,2.5,12.310891193346318,0.07,0.0,-5.471970403700864,,
2021-12-01,7063.907000000001,8650402.0,159148.0,1427.347,1.43,0.56,0.87,,31.1200008392334,96.0500030517578,4513.0400390625,3.9,7.174340285065539,,,,,2026-07-25 07:39:57,,2.44,12.466192710703773,0.08,0.0,-5.744340285065539,,
2021-12-02,7042.669000000001,8650402.0,159148.0,1448.585,1.44,0.63,0.81,,27.950000762939453,96.12999725341795,4577.10009765625,3.9,7.174340285065539,,,,,2026-07-25 07:39:57,,2.47,12.466192710703773,0.08,0.0,-5.734340285065539,,
2021-12-03,7015.790000000001,8650402.0,159148.0,1475.464,1.35,0.6,0.75,,30.670000076293945,96.12000274658205,4538.43017578125,3.9,7.174340285065539,,,,,2026-07-25 07:39:57,,2.43,12.466192710703773,0.08,0.0,-5.824340285065539,,
2021-12-04,7015.790000000001,8650402.0,159148.0,1475.464,1.35,0.6,0.75,,30.670000076293945,96.12000274658205,4538.43017578125,3.9,7.174340285065539,,,,,2026-07-25 07:39:57,,2.43,12.466192710703773,0.08,0.0,-5.824340285065539,,
2021-12-05,7015.790000000001,8650402.0,159148.0,1475.464,1.35,0.6,0.75,,30.670000076293945,96.12000274658205,4538.43017578125,3.9,7.174340285065539,,,,,2026-07-25 07:39:57,,2.43,12.466192710703773,0.08,0.0,-5.824340285065539,,
2021-12-06,7003.258000000001,8650402.0,159148.0,1487.996,1.43,0.65,0.78,,27.18000030517578,96.29000091552734,4591.669921875,3.9,7.174340285065539,,,,,2026-07-25 07:39:57,,2.44,12.466192710703773,0.08,0.0,-5.744340285065539,,
2021-12-07,7036.216,8650402.0,159148.0,1455.038,1.48,0.7,0.78,,21.88999938964844,96.37000274658205,4686.75,3.9,7.174340285065539,,,,,2026-07-25 07:39:57,,2.47,12.466192710703773,0.08,0.0,-5.69434028506554,,
2021-12-08,7055.187999999999,8664524.0,125144.0,1484.192,1.52,0.68,0.84,,19.899999618530273,95.88999938964844,4701.2099609375,3.9,7.174340285065539,,,,,2026-07-25 07:39:57,,2.52,12.466192710703773,0.08,0.0,-5.654340285065539,,
2021-12-09,7039.352999999999,8664524.0,125144.0,1500.027,1.49,0.7,0.79,,21.579999923706055,96.2699966430664,4667.4501953125,3.9,7.174340285065539,,,,,2026-07-25 07:39:57,,2.47,12.466192710703773,0.08,0.0,-5.684340285065539,,
2021-12-10,7032.232999999999,8664524.0,125144.0,1507.147,1.48,0.67,0.81,,18.690000534057617,96.0500030517578,4712.02001953125,3.9,7.174340285065539,,,,,2026-07-25 07:39:57,,2.44,12.466192710703773,0.08,0.0,-5.69434028506554,,
2021-12-11,7032.232999999999,8664524.0,125144.0,1507.147,1.48,0.67,0.81,,18.690000534057617,96.0500030517578,4712.02001953125,3.9,7.174340285065539,,,,,2026-07-25 07:39:57,,2.44,12.466192710703773,0.08,0.0,-5.69434028506554,,
2021-12-12,7032.232999999999,8664524.0,125144.0,1507.147,1.48,0.67,0.81,,18.690000534057617,96.0500030517578,4712.02001953125,3.9,7.174340285065539,,,,,2026-07-25 07:39:57,,2.44,12.466192710703773,0.08,0.0,-5.69434028506554,,
2021-12-13,6939.611999999999,8664524.0,125144.0,1599.768,1.42,0.66,0.76,,20.309999465942383,96.31999969482422,4668.97021484375,3.9,7.174340285065539,,,,,2026-07-25 07:39:57,,2.4,12.466192710703773,0.08,0.0,-5.754340285065539,,
2021-12-14,6954.891999999999,8664524.0,125144.0,1584.488,1.44,0.67,0.77,,21.88999938964844,96.56999969482422,4634.08984375,3.9,7.174340285065539,,,,,2026-07-25 07:39:57,,2.37,12.466192710703773,0.08,0.0,-5.734340285065539,,
2021-12-15,7077.275,8756666.0,58294.0,1621.097,1.47,0.69,0.78,,19.290000915527344,96.51000213623048,4709.85009765625,3.9,7.174340285065539,,,,,2026-07-25 07:39:57,,2.39,12.466192710703773,0.08,0.0,-5.704340285065539,,
2021-12-16,7040.745999999999,8756666.0,58294.0,1657.626,1.44,0.64,0.8,,20.56999969482422,96.04000091552734,4668.669921875,3.9,7.174340285065539,,,,,2026-07-25 07:39:57,,2.42,12.466192710703773,0.08,0.0,-5.734340285065539,,
2021-12-17,6993.785999999999,8756666.0,58294.0,1704.586,1.41,0.66,0.75,,21.56999969482422,96.56999969482422,4620.64013671875,3.9,7.174340285065539,,,,,2026-07-25 07:39:57,,2.38,12.466192710703773,0.08,0.0,-5.764340285065539,,
2021-12-18,6993.785999999999,8756666.0,58294.0,1704.586,1.41,0.66,0.75,,21.56999969482422,96.56999969482422,4620.64013671875,3.9,7.174340285065539,,,,,2026-07-25 07:39:57,,2.38,12.466192710703773,0.08,0.0,-5.764340285065539,,
2021-12-19,6993.785999999999,8756666.0,58294.0,1704.586,1.41,0.66,0.75,,21.56999969482422,96.56999969482422,4620.64013671875,3.9,7.174340285065539,,,,,2026-07-25 07:39:57,,2.38,12.466192710703773,0.08,0.0,-5.764340285065539,,
2021-12-20,6940.330999999999,8756666.0,58294.0,1758.041,1.43,0.65,0.78,,22.8700008392334,96.5500030517578,4568.02001953125,3.9,7.174340285065539,,,,,2026-07-25 07:39:57,,2.39,12.466192710703773,0.08,0.0,-5.744340285065539,,
2021-12-21,6950.0869999999995,8756666.0,58294.0,1748.285,1.48,0.7,0.78,,21.010000228881836,96.48999786376952,4649.22998046875,3.9,7.174340285065539,,,,,2026-07-25 07:39:57,,2.44,12.466192710703773,0.08,0.0,-5.69434028506554,,
2021-12-22,6893.702000000001,8790495.0,197516.0,1699.277,1.46,0.68,0.78,,18.6299991607666,96.08000183105467,4696.56005859375,3.9,7.174340285065539,,,,,2026-07-25 07:39:57,,2.47,12.466192710703773,0.08,0.0,-5.714340285065539,,
2021-12-23,7015.199000000001,8790495.0,197516.0,1577.78,1.5,0.71,0.79,,17.959999084472656,96.0199966430664,4725.7900390625,3.9,7.174340285065539,,,,,2026-07-25 07:39:57,,2.47,12.466192710703773,0.08,0.0,-5.674340285065539,,
2021-12-24,7015.199000000001,8790495.0,197516.0,1577.78,1.5,0.71,0.79,,17.959999084472656,96.0199966430664,4725.7900390625,3.9,7.174340285065539,,,,,2026-07-25 07:39:57,,2.47,12.466192710703773,0.08,0.0,-5.674340285065539,,
2021-12-25,7015.199000000001,8790495.0,197516.0,1577.78,1.5,0.71,0.79,,17.959999084472656,96.0199966430664,4725.7900390625,3.9,7.174340285065539,,,,,2026-07-25 07:39:57,,2.47,12.466192710703773,0.08,0.0,-5.674340285065539,,
2021-12-26,7015.199000000001,8790495.0,197516.0,1577.78,1.5,0.71,0.79,,17.959999084472656,96.0199966430664,4725.7900390625,3.9,7.174340285065539,,,,,2026-07-25 07:39:57,,2.47,12.466192710703773,0.08,0.0,-5.674340285065539,,
2021-12-27,7012.632000000001,8790495.0,197516.0,1580.347,1.48,0.76,0.72,,17.68000030517578,96.08999633789062,4791.18994140625,3.9,7.174340285065539,,,,,2026-07-25 07:39:57,,2.5,12.466192710703773,0.08,0.0,-5.69434028506554,,
2021-12-28,6955.915000000001,8790495.0,197516.0,1637.064,1.49,0.74,0.75,,17.540000915527344,96.1999969482422,4786.35009765625,3.9,7.174340285065539,,,,,2026-07-25 07:39:57,,2.5,12.466192710703773,0.08,0.0,-5.684340285065539,,
2021-12-29,6830.958999999998,8757460.0,283995.0,1642.506,1.55,0.75,0.8,,16.950000762939453,95.93000030517578,4793.06005859375,3.9,7.174340285065539,,,,,2026-07-25 07:39:57,,2.53,12.466192710703773,0.08,0.0,-5.624340285065539,,
2021-12-30,6776.988999999998,8757460.0,283995.0,1696.476,1.52,0.73,0.79,,17.329999923706055,95.97000122070312,4778.72998046875,3.9,7.174340285065539,,,,,2026-07-25 07:39:57,,2.58,12.466192710703773,0.08,0.0099999999999999,-5.654340285065539,,
2021-12-31,6568.882999999998,8757460.0,283995.0,1904.582,1.52,0.73,0.79,,17.219999313354492,95.66999816894533,4766.18017578125,3.9,7.174340285065539,,,,,2026-07-25 07:39:57,,2.56,12.466192710703773,0.07,-0.0099999999999999,-5.654340285065539,,
2022-01-01,6568.882999999998,8757460.0,283995.0,1904.582,1.52,0.73,0.79,,17.219999313354492,95.66999816894533,4766.18017578125,4.0,7.558805726967832,,,,,2026-07-25 07:39:57,,2.56,11.718870942773108,0.07,-0.0099999999999999,-6.038805726967832,,
2022-01-02,6568.882999999998,8757460.0,283995.0,1904.582,1.52,0.73,0.79,,17.219999313354492,95.66999816894533,4766.18017578125,4.0,7.558805726967832,,,,,2026-07-25 07:39:57,,2.56,11.718870942773108,0.07,-0.0099999999999999,-6.038805726967832,,
2022-01-03,6893.9389999999985,8757460.0,283995.0,1579.526,1.63,0.78,0.85,,16.600000381469727,96.23999786376952,4796.56005859375,4.0,7.558805726967832,,,,,2026-07-25 07:39:57,,2.6,11.718870942773108,0.08,0.0,-5.928805726967832,,
2022-01-04,6977.772999999998,8757460.0,283995.0,1495.692,1.66,0.77,0.89,,16.90999984741211,96.29000091552734,4793.5400390625,4.0,7.558805726967832,,,,,2026-07-25 07:39:57,,2.57,11.718870942773108,0.08,0.0,-5.898805726967832,,
2022-01-05,6838.177,8765721.0,434757.0,1492.787,1.71,0.83,0.88,,19.729999542236328,96.19000244140624,4700.580078125,4.0,7.558805726967832,,,,,2026-07-25 07:39:57,,2.53,11.718870942773108,0.08,0.0,-5.848805726967832,,
2022-01-06,6820.411,8765721.0,434757.0,1510.553,1.73,0.88,0.85,,19.61000061035156,96.25,4696.0498046875,4.0,7.558805726967832,,,,,2026-07-25 07:39:57,,2.46,11.718870942773108,0.08,0.0,-5.828805726967833,,
2022-01-07,6800.868,8765721.0,434757.0,1530.096,1.76,0.87,0.89,,18.760000228881836,95.73999786376952,4677.02978515625,4.0,7.558805726967832,,,,,2026-07-25 07:39:57,,2.48,11.718870942773108,0.08,0.0,-5.798805726967832,,
2022-01-08,6800.868,8765721.0,434757.0,1530.096,1.76,0.87,0.89,,18.760000228881836,95.73999786376952,4677.02978515625,4.0,7.558805726967832,,,,,2026-07-25 07:39:57,,2.48,11.718870942773108,0.08,0.0,-5.798805726967832,,
2022-01-09,6800.868,8765721.0,434757.0,1530.096,1.76,0.87,0.89,,18.760000228881836,95.73999786376952,4677.02978515625,4.0,7.558805726967832,,,,,2026-07-25 07:39:57,,2.48,11.718870942773108,0.08,0.0,-5.798805726967832,,
2022-01-10,6770.543,8765721.0,434757.0,1560.421,1.78,0.92,0.86,,19.399999618530273,95.98999786376952,4670.2900390625,4.0,7.558805726967832,,,,,2026-07-25 07:39:57,,2.48,11.718870942773108,0.08,0.0,-5.778805726967832,,
2022-01-11,6803.9439999999995,8765721.0,434757.0,1527.02,1.75,0.9,0.85,,18.40999984741211,95.62000274658205,4713.06982421875,4.0,7.558805726967832,,,,,2026-07-25 07:39:57,,2.54,11.718870942773108,0.08,0.0,-5.808805726967832,,
2022-01-12,6761.618,8788278.0,489679.0,1536.981,1.74,0.92,0.82,,17.6200008392334,95.0,4726.35009765625,4.0,7.558805726967832,,,,,2026-07-25 07:39:57,,2.48,11.718870942773108,0.08,0.0,-5.818805726967832,,
2022-01-13,6661.857,8788278.0,489679.0,1636.742,1.7,0.91,0.79,,20.309999465942383,94.79000091552734,4659.02978515625,4.0,7.558805726967832,,,,,2026-07-25 07:39:57,,2.43,11.718870942773108,0.08,0.0,-5.858805726967832,,
2022-01-14,6699.712,8788278.0,489679.0,1598.887,1.78,0.99,0.79,,19.190000534057617,95.16999816894533,4662.85009765625,4.0,7.558805726967832,,,,,2026-07-25 07:39:57,,2.44,11.718870942773108,0.08,0.0,-5.778805726967832,,
2022-01-15,6699.712,8788278.0,489679.0,1598.887,1.78,0.99,0.79,,19.190000534057617,95.16999816894533,4662.85009765625,4.0,7.558805726967832,,,,,2026-07-25 07:39:57,,2.44,11.718870942773108,0.08,0.0,-5.778805726967832,,
2022-01-16,6699.712,8788278.0,489679.0,1598.887,1.78,0.99,0.79,,19.190000534057617,95.16999816894533,4662.85009765625,4.0,7.558805726967832,,,,,2026-07-25 07:39:57,,2.44,11.718870942773108,0.08,0.0,-5.778805726967832,,
2022-01-17,6699.712,8788278.0,489679.0,1598.887,1.78,0.99,0.79,,19.190000534057617,95.16999816894533,4662.85009765625,4.0,7.558805726967832,,,,,2026-07-25 07:39:57,,2.44,11.718870942773108,0.08,0.0,-5.778805726967832,,
2022-01-18,6701.462,8788278.0,489679.0,1597.137,1.87,1.06,0.81,,22.790000915527344,95.7300033569336,4577.10986328125,4.0,7.558805726967832,,,,,2026-07-25 07:39:57,,2.46,11.718870942773108,0.08,0.0,-5.688805726967832,,
2022-01-19,6631.087,8867834.0,580171.0,1656.576,1.83,1.04,0.79,,23.850000381469727,95.51000213623048,4532.759765625,4.0,7.558805726967832,,,,,2026-07-25 07:39:57,,2.4,11.718870942773108,0.08,0.0,-5.728805726967832,,
2022-01-20,6608.732,8867834.0,580171.0,1678.931,1.83,1.08,0.75,,25.59000015258789,95.73999786376952,4482.72998046875,4.0,7.558805726967832,,,,,2026-07-25 07:39:57,,2.33,11.718870942773108,0.08,0.0,-5.728805726967832,,
2022-01-21,6581.536,8867834.0,580171.0,1706.127,1.75,1.01,0.74,,28.850000381469727,95.63999938964844,4397.93994140625,4.0,7.558805726967832,,,,,2026-07-25 07:39:58,,2.34,11.718870942773108,0.08,0.0,-5.808805726967832,,
2022-01-22,6581.536,8867834.0,580171.0,1706.127,1.75,1.01,0.74,,28.850000381469727,95.63999938964844,4397.93994140625,4.0,7.558805726967832,,,,,2026-07-25 07:39:58,,2.34,11.718870942773108,0.08,0.0,-5.808805726967832,,
2022-01-23,6581.536,8867834.0,580171.0,1706.127,1.75,1.01,0.74,,28.850000381469727,95.63999938964844,4397.93994140625,4.0,7.558805726967832,,,,,2026-07-25 07:39:58,,2.34,11.718870942773108,0.08,0.0,-5.808805726967832,,
2022-01-24,6673.661,8867834.0,580171.0,1614.002,1.75,0.99,0.76,,29.899999618530273,95.91999816894533,4410.1298828125,4.0,7.558805726967832,,,,,2026-07-25 07:39:58,,2.38,11.718870942773108,0.08,0.0,-5.808805726967832,,
2022-01-25,6688.161,8867834.0,580171.0,1599.502,1.78,1.02,0.76,,31.15999984741211,95.9499969482422,4356.4501953125,4.0,7.558805726967832,,,,,2026-07-25 07:39:58,,2.41,11.718870942773108,0.08,0.0,-5.778805726967832,,
2022-01-26,6607.8189999999995,8860485.0,639620.0,1613.046,1.85,1.13,0.72,,31.959999084472656,96.48999786376952,4349.93017578125,4.0,7.558805726967832,,,,,2026-07-25 07:39:58,,2.38,11.718870942773108,0.08,0.0,-5.708805726967832,,
2022-01-27,6636.969999999999,8860485.0,639620.0,1583.895,1.81,1.18,0.63,,30.489999771118164,97.26000213623048,4326.509765625,4.0,7.558805726967832,,,,,2026-07-25 07:39:58,,2.4,11.718870942773108,0.08,0.0,-5.7488057269678325,,
2022-01-28,6605.844,8860485.0,639620.0,1615.021,1.78,1.15,0.63,,27.65999984741211,97.2699966430664,4431.85009765625,4.0,7.558805726967832,,,,,2026-07-25 07:39:58,,2.44,11.718870942773108,0.08,0.0,-5.778805726967832,,
2022-01-29,6605.844,8860485.0,639620.0,1615.021,1.78,1.15,0.63,,27.65999984741211,97.2699966430664,4431.85009765625,4.0,7.558805726967832,,,,,2026-07-25 07:39:58,,2.44,11.718870942773108,0.08,0.0,-5.778805726967832,,
2022-01-30,6605.844,8860485.0,639620.0,1615.021,1.78,1.15,0.63,,27.65999984741211,97.2699966430664,4431.85009765625,4.0,7.558805726967832,,,,,2026-07-25 07:39:58,,2.44,11.718870942773108,0.08,0.0099999999999999,-5.778805726967832,,
2022-01-31,6566.014999999999,8860485.0,639620.0,1654.85,1.79,1.18,0.61,,24.829999923706055,96.54000091552734,4515.5498046875,4.0,7.558805726967832,,,,,2026-07-25 07:39:58,,2.44,11.718870942773108,0.08,0.0099999999999999,-5.768805726967832,,
2022-02-01,6636.755999999999,8860485.0,639620.0,1584.109,1.81,1.18,0.63,,21.959999084472656,96.38999938964844,4546.5400390625,3.9,7.937278766517819,,,,,2026-07-25 07:39:58,,2.43,10.604934374649975,0.08,0.0099999999999999,-6.1272787665178186,,
2022-02-02,6536.048999999999,8873211.0,710267.0,1626.895,1.78,1.16,0.62,,22.09000015258789,95.94000244140624,4589.3798828125,3.9,7.937278766517819,,,,,2026-07-25 07:39:58,,2.41,10.604934374649975,0.08,0.0,-6.157278766517819,,
2022-02-03,6522.547,8873211.0,710267.0,1640.397,1.82,1.19,0.63,,24.350000381469727,95.37999725341795,4477.43994140625,3.9,7.937278766517819,,,,,2026-07-25 07:39:58,,2.38,10.604934374649975,0.08,0.0,-6.117278766517819,,
2022-02-04,6520.052,8873211.0,710267.0,1642.892,1.93,1.31,0.62,,23.219999313354492,95.4800033569336,4500.52978515625,3.9,7.937278766517819,,,,,2026-07-25 07:39:58,,2.41,10.604934374649975,0.08,0.0,-6.007278766517819,,
2022-02-05,6520.052,8873211.0,710267.0,1642.892,1.93,1.31,0.62,,23.219999313354492,95.4800033569336,4500.52978515625,3.9,7.937278766517819,,,,,2026-07-25 07:39:58,,2.41,10.604934374649975,0.08,0.0,-6.007278766517819,,
2022-02-06,6520.052,8873211.0,710267.0,1642.892,1.93,1.31,0.62,,23.219999313354492,95.4800033569336,4500.52978515625,3.9,7.937278766517819,,,,,2026-07-25 07:39:58,,2.41,10.604934374649975,0.08,0.0,-6.007278766517819,,
2022-02-07,6483.012,8873211.0,710267.0,1679.932,1.92,1.3,0.62,,22.86000061035156,95.4000015258789,4483.8701171875,3.9,7.937278766517819,,,,,2026-07-25 07:39:58,,2.4,10.604934374649975,0.08,0.0,-6.017278766517819,,
2022-02-08,6488.334,8873211.0,710267.0,1674.61,1.96,1.35,0.61,,21.440000534057617,95.63999938964844,4521.5400390625,3.9,7.937278766517819,,,,,2026-07-25 07:39:58,,2.42,10.604934374649975,0.08,0.0,-5.977278766517819,,
2022-02-09,6545.8369999999995,8878009.0,679019.0,1653.153,1.94,1.36,0.58,,19.959999084472656,95.48999786376952,4587.18017578125,3.9,7.937278766517819,,,,,2026-07-25 07:39:58,,2.42,10.604934374649975,0.08,0.0,-5.9972787665178195,,
2022-02-10,6564.844,8878009.0,679019.0,1634.146,2.03,1.61,0.42,,23.90999984741211,95.5500030517578,4504.080078125,3.9,7.937278766517819,,,,,2026-07-25 07:39:58,,2.45,10.604934374649975,0.08,0.0,-5.90727876651782,,
2022-02-11,6563.164,8878009.0,679019.0,1635.826,1.92,1.5,0.42,,27.36000061035156,96.08000183105467,4418.64013671875,3.9,7.937278766517819,,,,,2026-07-25 07:39:58,,2.43,10.604934374649975,0.08,0.0,-6.017278766517819,,
2022-02-12,6563.164,8878009.0,679019.0,1635.826,1.92,1.5,0.42,,27.36000061035156,96.08000183105467,4418.64013671875,3.9,7.937278766517819,,,,,2026-07-25 07:39:58,,2.43,10.604934374649975,0.08,0.0,-6.017278766517819,,
2022-02-13,6563.164,8878009.0,679019.0,1635.826,1.92,1.5,0.42,,27.36000061035156,96.08000183105467,4418.64013671875,3.9,7.937278766517819,,,,,2026-07-25 07:39:58,,2.43,10.604934374649975,0.08,0.0,-6.017278766517819,,
2022-02-14,6532.758,8878009.0,679019.0,1666.232,1.98,1.58,0.4,,28.329999923706055,96.37000274658205,4401.669921875,3.9,7.937278766517819,,,,,2026-07-25 07:39:58,,2.48,10.604934374649975,0.08,0.0,-5.957278766517819,,
2022-02-15,6590.496,8878009.0,679019.0,1608.494,2.05,1.58,0.47,,25.700000762939453,95.98999786376952,4471.06982421875,3.9,7.937278766517819,,,,,2026-07-25 07:39:58,,2.48,10.604934374649975,0.08,0.0,-5.887278766517819,,
2022-02-16,6557.637999999999,8911033.0,709261.0,1644.134,2.03,1.52,0.51,,24.290000915527344,95.6999969482422,4475.009765625,3.9,7.937278766517819,,,,,2026-07-25 07:39:58,,2.46,10.604934374649975,0.08,0.0,-5.90727876651782,,
2022-02-17,6554.569999999999,8911033.0,709261.0,1647.202,1.97,1.49,0.48,,28.11000061035156,95.8000030517578,4380.259765625,3.9,7.937278766517819,,,,,2026-07-25 07:39:58,,2.43,10.604934374649975,0.08,0.0,-5.967278766517819,,
2022-02-18,6526.842999999999,8911033.0,709261.0,1674.929,1.92,1.47,0.45,,27.75,96.04000091552734,4348.8701171875,3.9,7.937278766517819,,,,,2026-07-25 07:39:58,,2.41,10.604934374649975,0.08,0.0,-6.017278766517819,,
2022-02-19,6526.842999999999,8911033.0,709261.0,1674.929,1.92,1.47,0.45,,27.75,96.04000091552734,4348.8701171875,3.9,7.937278766517819,,,,,2026-07-25 07:39:58,,2.41,10.604934374649975,0.08,0.0,-6.017278766517819,,
2022-02-20,6526.842999999999,8911033.0,709261.0,1674.929,1.92,1.47,0.45,,27.75,96.04000091552734,4348.8701171875,3.9,7.937278766517819,,,,,2026-07-25 07:39:58,,2.41,10.604934374649975,0.08,0.0,-6.017278766517819,,
2022-02-21,6526.842999999999,8911033.0,709261.0,1674.929,1.92,1.47,0.45,,27.75,96.04000091552734,4348.8701171875,3.9,7.937278766517819,,,,,2026-07-25 07:39:58,,2.41,10.604934374649975,0.08,0.0,-6.017278766517819,,
2022-02-22,6502.339999999999,8911033.0,709261.0,1699.432,1.94,1.56,0.38,,28.809999465942383,96.02999877929688,4304.759765625,3.9,7.937278766517819,,,,,2026-07-25 07:39:58,,2.45,10.604934374649975,0.08,0.0,-5.9972787665178195,,
2022-02-23,6515.01,8928129.0,674797.0,1738.322,1.99,1.58,0.41,,31.020000457763672,96.19000244140624,4225.5,3.9,7.937278766517819,,,,,2026-07-25 07:39:58,,2.53,10.604934374649975,0.08,0.0,-5.947278766517819,,
2022-02-24,6602.933000000001,8928129.0,674797.0,1650.399,1.96,1.54,0.42,,30.31999969482422,97.13999938964844,4288.7001953125,3.9,7.937278766517819,,,,,2026-07-25 07:39:58,,2.55,10.604934374649975,0.08,0.0,-5.977278766517819,,
2022-02-25,6649.983,8928129.0,674797.0,1603.349,1.97,1.55,0.42,,27.59000015258789,96.62000274658205,4384.64990234375,3.9,7.937278766517819,,,,,2026-07-25 07:39:58,,2.54,10.604934374649975,0.08,0.0,-5.967278766517819,,
2022-02-26,6649.983,8928129.0,674797.0,1603.349,1.97,1.55,0.42,,27.59000015258789,96.62000274658205,4384.64990234375,3.9,7.937278766517819,,,,,2026-07-25 07:39:58,,2.54,10.604934374649975,0.08,0.0,-5.967278766517819,,
2022-02-27,6649.983,8928129.0,674797.0,1603.349,1.97,1.55,0.42,,27.59000015258789,96.62000274658205,4384.64990234375,3.9,7.937278766517819,,,,,2026-07-25 07:39:58,,2.54,10.604934374649975,0.08,0.0,-5.967278766517819,,
2022-02-28,6657.280000000001,8928129.0,674797.0,1596.052,1.83,1.44,0.39,,30.149999618530273,96.70999908447266,4373.93994140625,3.9,7.937278766517819,,,,,2026-07-25 07:39:58,,2.62,10.604934374649975,0.08,0.0,-6.107278766517819,,
2022-03-01,6700.3820000000005,8928129.0,674797.0,1552.95,1.72,1.31,0.41,,33.31999969482422,97.41000366210938,4306.259765625,3.7,8.572204966013853,,,,,2026-07-25 07:39:58,,2.62,9.629551355594469,0.08,0.0,-6.852204966013853,,
2022-03-02,6692.753,8904455.0,685491.0,1526.211,1.86,1.5,0.36,,30.739999771118164,97.38999938964844,4386.5400390625,3.7,8.572204966013853,,,,,2026-07-25 07:39:58,,2.71,9.629551355594469,0.08,0.0,-6.712204966013853,,
2022-03-03,6684.972,8904455.0,685491.0,1533.992,1.86,1.53,0.33,,30.479999542236328,97.79000091552734,4363.490234375,3.7,8.572204966013853,,,,,2026-07-25 07:39:58,,2.69,9.629551355594469,0.08,0.0,-6.712204966013853,,
2022-03-04,6735.903,8904455.0,685491.0,1483.061,1.74,1.5,0.24,,31.979999542236328,98.6500015258789,4328.8701171875,3.7,8.572204966013853,,,,,2026-07-25 07:39:58,,2.67,9.629551355594469,0.08,0.0,-6.832204966013853,,
2022-03-05,6735.903,8904455.0,685491.0,1483.061,1.74,1.5,0.24,,31.979999542236328,98.6500015258789,4328.8701171875,3.7,8.572204966013853,,,,,2026-07-25 07:39:58,,2.67,9.629551355594469,0.08,0.0,-6.832204966013853,,
2022-03-06,6735.903,8904455.0,685491.0,1483.061,1.74,1.5,0.24,,31.979999542236328,98.6500015258789,4328.8701171875,3.7,8.572204966013853,,,,,2026-07-25 07:39:58,,2.67,9.629551355594469,0.08,0.0,-6.832204966013853,,
2022-03-07,6757.737,8904455.0,685491.0,1461.227,1.78,1.55,0.23,,36.45000076293945,99.29000091552734,4201.08984375,3.7,8.572204966013853,,,,,2026-07-25 07:39:58,,2.77,9.629551355594469,0.08,0.0,-6.792204966013853,,
2022-03-08,6693.865,8904455.0,685491.0,1525.099,1.86,1.63,0.23,,35.130001068115234,99.05999755859376,4170.7001953125,3.7,8.572204966013853,,,,,2026-07-25 07:39:58,,2.9,9.629551355594469,0.08,0.0,-6.712204966013853,,
2022-03-09,6758.874999999999,8910748.0,609369.0,1542.504,1.94,1.68,0.26,,32.45000076293945,97.97000122070312,4277.8798828125,3.7,8.572204966013853,,,,,2026-07-25 07:39:58,,2.84,9.629551355594469,0.08,0.0,-6.632204966013854,,
2022-03-10,6732.643999999999,8910748.0,609369.0,1568.735,1.98,1.72,0.26,,30.229999542236328,98.51000213623048,4259.52001953125,3.7,8.572204966013853,,,,,2026-07-25 07:39:58,,2.86,9.629551355594469,0.08,0.0,-6.592204966013853,,
2022-03-11,6743.555999999999,8910748.0,609369.0,1557.823,2.0,1.75,0.25,,30.75,99.12000274658205,4204.31005859375,3.7,8.572204966013853,,,,,2026-07-25 07:39:58,,2.94,9.629551355594469,0.08,0.0,-6.572204966013853,,
2022-03-12,6743.555999999999,8910748.0,609369.0,1557.823,2.0,1.75,0.25,,30.75,99.12000274658205,4204.31005859375,3.7,8.572204966013853,,,,,2026-07-25 07:39:58,,2.94,9.629551355594469,0.08,0.0,-6.572204966013853,,
2022-03-13,6743.555999999999,8910748.0,609369.0,1557.823,2.0,1.75,0.25,,30.75,99.12000274658205,4204.31005859375,3.7,8.572204966013853,,,,,2026-07-25 07:39:58,,2.94,9.629551355594469,0.08,0.0,-6.572204966013853,,
2022-03-14,6693.357999999999,8910748.0,609369.0,1608.021,2.14,1.87,0.27,,31.770000457763672,99.05999755859376,4173.10986328125,3.7,8.572204966013853,,,,,2026-07-25 07:39:58,,2.93,9.629551355594469,0.08,0.0,-6.4322049660138525,,
2022-03-15,6717.907999999999,8910748.0,609369.0,1583.471,2.15,1.85,0.3,,29.829999923706055,99.06999969482422,4262.4501953125,3.7,8.572204966013853,,,,,2026-07-25 07:39:58,,2.84,9.629551355594469,0.08,0.0,-6.422204966013853,,
2022-03-16,6719.142000000001,8954306.0,621527.0,1613.637,2.19,1.95,0.24,,26.670000076293945,98.37999725341795,4357.85986328125,3.7,8.572204966013853,,,,,2026-07-25 07:39:58,,2.8,9.629551355594469,0.08,0.0,-6.382204966013854,,
2022-03-17,6672.802000000001,8954306.0,621527.0,1659.977,2.2,1.94,0.26,,25.670000076293945,98.01000213623048,4411.669921875,3.7,8.572204966013853,,,,,2026-07-25 07:39:58,,2.91,9.629551355594469,0.33,0.25,-6.372204966013853,,
2022-03-18,6617.631,8954306.0,621527.0,1715.148,2.14,1.97,0.17,,23.8700008392334,98.2300033569336,4463.1201171875,3.7,8.572204966013853,,,,,2026-07-25 07:39:58,,2.86,9.629551355594469,0.33,0.25,-6.4322049660138525,,
2022-03-19,6617.631,8954306.0,621527.0,1715.148,2.14,1.97,0.17,,23.8700008392334,98.2300033569336,4463.1201171875,3.7,8.572204966013853,,,,,2026-07-25 07:39:58,,2.86,9.629551355594469,0.33,0.25,-6.4322049660138525,,
2022-03-20,6617.631,8954306.0,621527.0,1715.148,2.14,1.97,0.17,,23.8700008392334,98.2300033569336,4463.1201171875,3.7,8.572204966013853,,,,,2026-07-25 07:39:58,,2.86,9.629551355594469,0.33,0.25,-6.4322049660138525,,
2022-03-21,6603.886,8954306.0,621527.0,1728.893,2.32,2.14,0.18,,23.530000686645508,98.5,4461.18017578125,3.7,8.572204966013853,,,,,2026-07-25 07:39:58,,2.9,9.629551355594469,0.33,0.25,-6.252204966013853,,
2022-03-22,6569.5960000000005,8954306.0,621527.0,1763.183,2.38,2.18,0.2,,22.940000534057617,98.48999786376952,4511.60986328125,3.7,8.572204966013853,,,,,2026-07-25 07:39:58,,2.91,9.629551355594469,0.33,0.25,-6.192204966013853,,
2022-03-23,6582.846,8962474.0,576442.0,1803.186,2.32,2.13,0.19,,23.56999969482422,98.62000274658205,4456.240234375,3.7,8.572204966013853,,,,,2026-07-25 07:39:58,,2.94,9.629551355594469,0.33,0.25,-6.252204966013853,,
2022-03-24,6678.3769999999995,8962474.0,576442.0,1707.655,2.34,2.13,0.21,,21.670000076293945,98.79000091552734,4520.16015625,3.7,8.572204966013853,,,,,2026-07-25 07:39:58,,2.92,9.629551355594469,0.33,0.25,-6.232204966013853,,
2022-03-25,6709.057999999999,8962474.0,576442.0,1676.974,2.48,2.3,0.18,,20.809999465942383,98.80999755859376,4543.06005859375,3.7,8.572204966013853,,,,,2026-07-25 07:39:59,,2.95,9.629551355594469,0.33,0.25,-6.092204966013853,,
2022-03-26,6709.057999999999,8962474.0,576442.0,1676.974,2.48,2.3,0.18,,20.809999465942383,98.80999755859376,4543.06005859375,3.7,8.572204966013853,,,,,2026-07-25 07:39:59,,2.95,9.629551355594469,0.33,0.25,-6.092204966013853,,
2022-03-27,6709.057999999999,8962474.0,576442.0,1676.974,2.48,2.3,0.18,,20.809999465942383,98.80999755859376,4543.06005859375,3.7,8.572204966013853,,,,,2026-07-25 07:39:59,,2.95,9.629551355594469,0.33,0.25,-6.092204966013853,,
2022-03-28,6697.4,8962474.0,576442.0,1688.632,2.46,2.35,0.11,,19.6299991607666,99.08999633789062,4575.52001953125,3.7,8.572204966013853,,,,,2026-07-25 07:39:59,,2.95,9.629551355594469,0.33,0.25,-6.112204966013853,,
2022-03-29,6667.161999999999,8962474.0,576442.0,1718.87,2.41,2.35,0.06,,18.899999618530273,98.4000015258789,4631.60009765625,3.7,8.572204966013853,,,,,2026-07-25 07:39:59,,2.86,9.629551355594469,0.33,0.25,-6.162204966013853,,
2022-03-30,6594.412,8937142.0,556791.0,1785.939,2.35,2.31,0.04,,19.329999923706055,97.79000091552734,4602.4501953125,3.7,8.572204966013853,,,,,2026-07-25 07:39:59,,2.86,9.629551355594469,0.33,0.25,-6.222204966013853,,
2022-03-31,6508.381,8937142.0,556791.0,1871.97,2.32,2.28,0.04,,20.559999465942383,98.30999755859376,4530.41015625,3.7,8.572204966013853,,,,,2026-07-25 07:39:59,,2.84,9.629551355594469,0.33,0.25,-6.252204966013853,,
2022-04-01,6714.2880000000005,8937142.0,556791.0,1666.063,2.39,2.44,-0.05,,19.6299991607666,98.62999725341795,4545.85986328125,3.7,8.231750770777225,,,,,2026-07-25 07:39:59,,2.8,7.901245582469674,0.33,0.25,-5.8417507707772245,,
2022-04-02,6714.2880000000005,8937142.0,556791.0,1666.063,2.39,2.44,-0.05,,19.6299991607666,98.62999725341795,4545.85986328125,3.7,8.231750770777225,,,,,2026-07-25 07:39:59,,2.8,7.901245582469674,0.33,0.25,-5.8417507707772245,,
2022-04-03,6714.2880000000005,8937142.0,556791.0,1666.063,2.39,2.44,-0.05,,19.6299991607666,98.62999725341795,4545.85986328125,3.7,8.231750770777225,,,,,2026-07-25 07:39:59,,2.8,7.901245582469674,0.33,0.25,-5.8417507707772245,,
2022-04-04,6687.415000000001,8937142.0,556791.0,1692.936,2.42,2.43,-0.01,,18.56999969482422,98.98999786376952,4582.64013671875,3.7,8.231750770777225,,,,,2026-07-25 07:39:59,,2.8,7.901245582469674,0.33,0.25,-5.811750770777225,,
2022-04-05,6669.517000000001,8937142.0,556791.0,1710.834,2.54,2.51,0.03,,21.030000686645508,99.47000122070312,4525.1201171875,3.7,8.231750770777225,,,,,2026-07-25 07:39:59,,2.84,7.901245582469674,0.33,0.25,-5.691750770777225,,
2022-04-06,6660.536,8937592.0,545584.0,1731.472,2.61,2.5,0.11,,22.100000381469727,99.5999984741211,4481.14990234375,3.7,8.231750770777225,,,,,2026-07-25 07:39:59,,2.83,7.901245582469674,0.33,0.25,-5.621750770777226,,
2022-04-07,6657.584,8937592.0,545584.0,1734.424,2.66,2.47,0.19,,21.549999237060547,99.75,4500.2099609375,3.7,8.231750770777225,,,,,2026-07-25 07:39:59,,2.82,7.901245582469674,0.33,0.25,-5.571750770777225,,
2022-04-08,6641.51,8937592.0,545584.0,1750.498,2.72,2.53,0.19,,21.15999984741211,99.8000030517578,4488.27978515625,3.7,8.231750770777225,,,,,2026-07-25 07:39:59,,2.87,7.901245582469674,0.33,0.25,-5.511750770777224,,
2022-04-09,6641.51,8937592.0,545584.0,1750.498,2.72,2.53,0.19,,21.15999984741211,99.8000030517578,4488.27978515625,3.7,8.231750770777225,,,,,2026-07-25 07:39:59,,2.87,7.901245582469674,0.33,0.25,-5.511750770777224,,
2022-04-10,6641.51,8937592.0,545584.0,1750.498,2.72,2.53,0.19,,21.15999984741211,99.8000030517578,4488.27978515625,3.7,8.231750770777225,,,,,2026-07-25 07:39:59,,2.87,7.901245582469674,0.33,0.25,-5.511750770777224,,
2022-04-11,6633.049999999999,8937592.0,545584.0,1758.958,2.79,2.5,0.29,,24.3700008392334,99.93000030517578,4412.52978515625,3.7,8.231750770777225,,,,,2026-07-25 07:39:59,,2.91,7.901245582469674,0.33,0.25,-5.441750770777225,,
2022-04-12,6681.594,8937592.0,545584.0,1710.414,2.72,2.39,0.33,,24.260000228881836,100.29000091552734,4397.4501953125,3.7,8.231750770777225,,,,,2026-07-25 07:39:59,,2.86,7.901245582469674,0.33,0.25,-5.511750770777224,,
2022-04-13,6606.395999999999,8965487.0,543536.0,1815.555,2.7,2.37,0.33,,21.81999969482422,99.87999725341795,4446.58984375,3.7,8.231750770777225,,,,,2026-07-25 07:39:59,,2.8,7.901245582469674,0.33,0.25,-5.531750770777225,,
2022-04-14,6715.016,8965487.0,543536.0,1706.935,2.83,2.47,0.36,,22.700000762939453,100.31999969482422,4392.58984375,3.7,8.231750770777225,,,,,2026-07-25 07:39:59,,2.89,7.901245582469674,0.33,0.25,-5.401750770777225,,
2022-04-15,6715.016,8965487.0,543536.0,1706.935,2.83,2.47,0.36,,22.700000762939453,100.31999969482422,4392.58984375,3.7,8.231750770777225,,,,,2026-07-25 07:39:59,,2.89,7.901245582469674,0.33,0.25,-5.401750770777225,,
2022-04-16,6715.016,8965487.0,543536.0,1706.935,2.83,2.47,0.36,,22.700000762939453,100.31999969482422,4392.58984375,3.7,8.231750770777225,,,,,2026-07-25 07:39:59,,2.89,7.901245582469674,0.33,0.0,-5.401750770777225,,
2022-04-17,6715.016,8965487.0,543536.0,1706.935,2.83,2.47,0.36,,22.700000762939453,100.31999969482422,4392.58984375,3.7,8.231750770777225,,,,,2026-07-25 07:39:59,,2.89,7.901245582469674,0.33,0.0,-5.401750770777225,,
2022-04-18,6683.571999999999,8965487.0,543536.0,1738.379,2.85,2.46,0.39,,22.170000076293945,100.77999877929688,4391.68994140625,3.7,8.231750770777225,,,,,2026-07-25 07:39:59,,2.92,7.901245582469674,0.33,0.0,-5.381750770777225,,
2022-04-19,6604.659,8965487.0,543536.0,1817.292,2.93,2.61,0.32,,21.3700008392334,100.95999908447266,4462.2099609375,3.7,8.231750770777225,,,,,2026-07-25 07:39:59,,2.93,7.901245582469674,0.33,0.0,-5.301750770777225,,
2022-04-20,6181.765000000001,8955851.0,907526.0,1866.56,2.85,2.6,0.25,,20.31999969482422,100.38999938964844,4459.4501953125,3.7,8.231750770777225,,,,,2026-07-25 07:39:59,,2.92,7.901245582469674,0.33,0.0,-5.381750770777225,,
2022-04-21,6193.625000000001,8955851.0,907526.0,1854.7,2.9,2.68,0.22,,22.68000030517578,100.58000183105467,4393.66015625,3.7,8.231750770777225,,,,,2026-07-25 07:39:59,,3.02,7.901245582469674,0.33,0.0,-5.331750770777225,,
2022-04-22,6283.294000000001,8955851.0,907526.0,1765.031,2.9,2.72,0.18,,28.209999084472656,101.22000122070312,4271.77978515625,3.7,8.231750770777225,,,,,2026-07-25 07:39:59,,2.98,7.901245582469674,0.33,0.0,-5.331750770777225,,
2022-04-23,6283.294000000001,8955851.0,907526.0,1765.031,2.9,2.72,0.18,,28.209999084472656,101.22000122070312,4271.77978515625,3.7,8.231750770777225,,,,,2026-07-25 07:39:59,,2.98,7.901245582469674,0.33,0.0,-5.331750770777225,,
2022-04-24,6283.294000000001,8955851.0,907526.0,1765.031,2.9,2.72,0.18,,28.209999084472656,101.22000122070312,4271.77978515625,3.7,8.231750770777225,,,,,2026-07-25 07:39:59,,2.98,7.901245582469674,0.33,0.0,-5.331750770777225,,
2022-04-25,6264.716,8955851.0,907526.0,1783.609,2.81,2.63,0.18,,27.020000457763672,101.75,4296.1201171875,3.7,8.231750770777225,,,,,2026-07-25 07:39:59,,2.91,7.901245582469674,0.33,0.0,-5.421750770777225,,
2022-04-26,6228.982000000001,8955851.0,907526.0,1819.343,2.77,2.54,0.23,,33.52000045776367,102.3000030517578,4175.2001953125,3.7,8.231750770777225,,,,,2026-07-25 07:39:59,,2.85,7.901245582469674,0.33,0.0,-5.4617507707772255,,
2022-04-27,6178.618,8939199.0,957419.0,1803.162,2.82,2.58,0.24,,31.600000381469727,102.9499969482422,4183.9599609375,3.7,8.231750770777225,,,,,2026-07-25 07:39:59,,2.88,7.901245582469674,0.33,0.0,-5.411750770777225,,
2022-04-28,6163.3640000000005,8939199.0,957419.0,1818.416,2.85,2.63,0.22,,29.989999771118164,103.62000274658205,4287.5,3.7,8.231750770777225,,,,,2026-07-25 07:39:59,,2.97,7.901245582469674,0.33,0.0,-5.381750770777225,,
2022-04-29,6074.978000000001,8939199.0,957419.0,1906.802,2.89,2.7,0.19,,33.400001525878906,102.95999908447266,4131.93017578125,3.7,8.231750770777225,,,,,2026-07-25 07:39:59,,2.88,7.901245582469674,0.33,0.0,-5.3417507707772245,,
2022-04-30,6074.978000000001,8939199.0,957419.0,1906.802,2.89,2.7,0.19,,33.400001525878906,102.95999908447266,4131.93017578125,3.7,8.231750770777225,,,,,2026-07-25 07:39:59,,2.88,7.901245582469674,0.33,0.0,-5.3417507707772245,,
2022-05-01,6074.978000000001,8939199.0,957419.0,1906.802,2.89,2.7,0.19,,33.400001525878906,102.95999908447266,4131.93017578125,3.6,8.538171195642065,,,,,2026-07-25 07:39:59,,2.88,6.160674135335409,0.33,0.0,-5.648171195642064,,
2022-05-02,6185.478000000001,8939199.0,957419.0,1796.302,2.99,2.73,0.26,,32.34000015258789,103.73999786376952,4155.3798828125,3.6,8.538171195642065,,,,,2026-07-25 07:39:59,,2.81,6.160674135335409,0.33,0.0,-5.548171195642064,,
2022-05-03,6185.528,8939199.0,957419.0,1796.252,2.97,2.78,0.19,,29.25,103.47000122070312,4175.47998046875,3.6,8.538171195642065,,,,,2026-07-25 07:39:59,,2.83,6.160674135335409,0.33,0.0,-5.568171195642064,,
2022-05-04,6159.9039999999995,8939972.0,964412.0,1815.656,2.93,2.66,0.27,,25.420000076293945,102.58999633789062,4300.169921875,3.6,8.538171195642065,,,,,2026-07-25 07:39:59,,2.86,6.160674135335409,0.33,0.0,-5.608171195642065,,
2022-05-05,6130.798,8939972.0,964412.0,1844.762,3.05,2.71,0.34,,31.200000762939453,103.75,4146.8701171875,3.6,8.538171195642065,,,,,2026-07-25 07:39:59,,2.87,6.160674135335409,0.83,0.4999999999999999,-5.488171195642065,,
2022-05-06,6113.6939999999995,8939972.0,964412.0,1861.866,3.12,2.72,0.4,,30.190000534057617,103.66000366210938,4123.33984375,3.6,8.538171195642065,,,,,2026-07-25 07:39:59,,2.86,6.160674135335409,0.83,0.4999999999999999,-5.418171195642064,,
2022-05-07,6113.6939999999995,8939972.0,964412.0,1861.866,3.12,2.72,0.4,,30.190000534057617,103.66000366210938,4123.33984375,3.6,8.538171195642065,,,,,2026-07-25 07:39:59,,2.86,6.160674135335409,0.83,0.4999999999999999,-5.418171195642064,,
2022-05-08,6113.6939999999995,8939972.0,964412.0,1861.866,3.12,2.72,0.4,,30.190000534057617,103.66000366210938,4123.33984375,3.6,8.538171195642065,,,,,2026-07-25 07:39:59,,2.86,6.160674135335409,0.83,0.4999999999999999,-5.418171195642064,,
2022-05-09,6116.565,8939972.0,964412.0,1858.995,3.05,2.61,0.44,,34.75,103.6500015258789,3991.239990234375,3.6,8.538171195642065,,,,,2026-07-25 07:39:59,,2.75,6.160674135335409,0.83,0.4999999999999999,-5.488171195642065,,
2022-05-10,6111.334999999999,8939972.0,964412.0,1864.225,2.99,2.62,0.37,,32.9900016784668,103.91999816894533,4001.050048828125,3.6,8.538171195642065,,,,,2026-07-25 07:39:59,,2.65,6.160674135335409,0.83,0.4999999999999999,-5.548171195642064,,
2022-05-11,6146.558,8942008.0,919331.0,1876.119,2.91,2.66,0.25,,32.560001373291016,103.8499984741211,3935.179931640625,3.6,8.538171195642065,,,,,2026-07-25 07:39:59,,2.7,6.160674135335409,0.83,0.4999999999999999,-5.628171195642064,,
2022-05-12,6122.608,8942008.0,919331.0,1900.069,2.84,2.56,0.28,,31.770000457763672,104.8499984741211,3930.080078125,3.6,8.538171195642065,,,,,2026-07-25 07:39:59,,2.59,6.160674135335409,0.83,0.4999999999999999,-5.698171195642065,,
2022-05-13,6157.389999999999,8942008.0,919331.0,1865.287,2.93,2.61,0.32,,28.8700008392334,104.55999755859376,4023.889892578125,3.6,8.538171195642065,,,,,2026-07-25 07:39:59,,2.69,6.160674135335409,0.83,0.4999999999999999,-5.608171195642065,,
2022-05-14,6157.389999999999,8942008.0,919331.0,1865.287,2.93,2.61,0.32,,28.8700008392334,104.55999755859376,4023.889892578125,3.6,8.538171195642065,,,,,2026-07-25 07:39:59,,2.69,6.160674135335409,0.83,0.4999999999999999,-5.608171195642065,,
2022-05-15,6157.389999999999,8942008.0,919331.0,1865.287,2.93,2.61,0.32,,28.8700008392334,104.55999755859376,4023.889892578125,3.6,8.538171195642065,,,,,2026-07-25 07:39:59,,2.69,6.160674135335409,0.83,0.4999999999999999,-5.608171195642065,,
2022-05-16,6189.525,8942008.0,919331.0,1833.152,2.88,2.58,0.3,,27.469999313354492,104.19000244140624,4008.010009765625,3.6,8.538171195642065,,,,,2026-07-25 07:39:59,,2.68,6.160674135335409,0.83,0.4999999999999999,-5.658171195642065,,
2022-05-17,6145.1939999999995,8942008.0,919331.0,1877.483,2.98,2.71,0.27,,26.100000381469727,103.36000061035156,4088.85009765625,3.6,8.538171195642065,,,,,2026-07-25 07:39:59,,2.71,6.160674135335409,0.83,0.4999999999999999,-5.558171195642064,,
2022-05-18,6105.798999999999,8945898.0,866726.0,1973.373,2.89,2.68,0.21,,30.959999084472656,103.80999755859376,3923.679931640625,3.6,8.538171195642065,,,,,2026-07-25 07:39:59,,2.72,6.160674135335409,0.83,0.4999999999999999,-5.648171195642064,,
2022-05-19,6098.1669999999995,8945898.0,866726.0,1981.005,2.84,2.63,0.21,,29.350000381469727,102.72000122070312,3900.7900390625,3.6,8.538171195642065,,,,,2026-07-25 07:39:59,,2.59,6.160674135335409,0.83,0.4999999999999999,-5.698171195642065,,
2022-05-20,6091.1849999999995,8945898.0,866726.0,1987.987,2.78,2.6,0.18,,29.43000030517578,103.1500015258789,3901.360107421875,3.6,8.538171195642065,,,,,2026-07-25 07:39:59,,2.55,6.160674135335409,0.83,0.4999999999999999,-5.758171195642065,,
2022-05-21,6091.1849999999995,8945898.0,866726.0,1987.987,2.78,2.6,0.18,,29.43000030517578,103.1500015258789,3901.360107421875,3.6,8.538171195642065,,,,,2026-07-25 07:39:59,,2.55,6.160674135335409,0.83,0.4999999999999999,-5.758171195642065,,
2022-05-22,6091.1849999999995,8945898.0,866726.0,1987.987,2.78,2.6,0.18,,29.43000030517578,103.1500015258789,3901.360107421875,3.6,8.538171195642065,,,,,2026-07-25 07:40:00,,2.55,6.160674135335409,0.83,0.4999999999999999,-5.758171195642065,,
2022-05-23,6034.513999999999,8945898.0,866726.0,2044.658,2.86,2.65,0.21,,28.479999542236328,102.08000183105467,3973.75,3.6,8.538171195642065,,,,,2026-07-25 07:40:00,,2.6,6.160674135335409,0.83,0.4999999999999999,-5.678171195642065,,
2022-05-24,6091.307,8945898.0,866726.0,1987.865,2.76,2.5,0.26,,29.450000762939453,101.86000061035156,3941.47998046875,3.6,8.538171195642065,,,,,2026-07-25 07:40:00,,2.55,6.160674135335409,0.83,0.4999999999999999,-5.778171195642065,,
2022-05-25,6116.817000000001,8914281.0,801714.0,1995.75,2.75,2.48,0.27,,28.3700008392334,102.05999755859376,3978.72998046875,3.6,8.538171195642065,,,,,2026-07-25 07:40:00,,2.56,6.160674135335409,0.83,0.4999999999999999,-5.7881711956420645,,
2022-05-26,6104.865000000001,8914281.0,801714.0,2007.702,2.75,2.46,0.29,,27.5,101.83000183105467,4057.840087890625,3.6,8.538171195642065,,,,,2026-07-25 07:40:00,,2.62,6.160674135335409,0.83,0.4999999999999999,-5.7881711956420645,,
2022-05-27,6105.879000000001,8914281.0,801714.0,2006.688,2.74,2.47,0.27,,25.719999313354492,101.66999816894533,4158.240234375,3.6,8.538171195642065,,,,,2026-07-25 07:40:00,,2.63,6.160674135335409,0.83,0.4999999999999999,-5.798171195642064,,
2022-05-28,6105.879000000001,8914281.0,801714.0,2006.688,2.74,2.47,0.27,,25.719999313354492,101.66999816894533,4158.240234375,3.6,8.538171195642065,,,,,2026-07-25 07:40:00,,2.63,6.160674135335409,0.83,0.4999999999999999,-5.798171195642064,,
2022-05-29,6105.879000000001,8914281.0,801714.0,2006.688,2.74,2.47,0.27,,25.719999313354492,101.66999816894533,4158.240234375,3.6,8.538171195642065,,,,,2026-07-25 07:40:00,,2.63,6.160674135335409,0.83,0.4999999999999999,-5.798171195642064,,
2022-05-30,6105.879000000001,8914281.0,801714.0,2006.688,2.74,2.47,0.27,,25.719999313354492,101.66999816894533,4158.240234375,3.6,8.538171195642065,,,,,2026-07-25 07:40:00,,2.63,6.160674135335409,0.83,0.4999999999999999,-5.798171195642064,,
2022-05-31,6134.029,8914281.0,801714.0,1978.538,2.85,2.53,0.32,,26.190000534057617,101.75,4132.14990234375,3.6,8.538171195642065,,,,,2026-07-25 07:40:00,,2.64,6.160674135335409,0.83,0.4999999999999999,-5.688171195642065,,
2022-06-01,6169.459999999999,8915050.0,780575.0,1965.015,2.94,2.66,0.28,,25.690000534057617,102.5500030517578,4101.22998046875,3.6,8.979361103105798,,,,,2026-07-25 07:40:00,,2.65,5.733750061044085,0.83,0.4999999999999999,-6.039361103105799,,
2022-06-02,6149.235999999999,8915050.0,780575.0,1985.239,2.92,2.65,0.27,,24.719999313354492,101.7699966430664,4176.81982421875,3.6,8.979361103105798,,,,,2026-07-25 07:40:00,,2.66,5.733750061044085,0.83,0.4999999999999999,-6.059361103105799,,
2022-06-03,6103.246999999999,8915050.0,780575.0,2031.228,2.96,2.66,0.3,,24.790000915527344,102.13999938964844,4108.5400390625,3.6,8.979361103105798,,,,,2026-07-25 07:40:00,,2.74,5.733750061044085,0.83,0.4999999999999999,-6.0193611031057985,,
2022-06-04,6103.246999999999,8915050.0,780575.0,2031.228,2.96,2.66,0.3,,24.790000915527344,102.13999938964844,4108.5400390625,3.6,8.979361103105798,,,,,2026-07-25 07:40:00,,2.74,5.733750061044085,0.83,0.0,-6.0193611031057985,,
2022-06-05,6103.246999999999,8915050.0,780575.0,2031.228,2.96,2.66,0.3,,24.790000915527344,102.13999938964844,4108.5400390625,3.6,8.979361103105798,,,,,2026-07-25 07:40:00,,2.74,5.733750061044085,0.83,0.0,-6.0193611031057985,,
2022-06-06,6094.382,8915050.0,780575.0,2040.093,3.04,2.73,0.31,,25.06999969482422,102.44000244140624,4121.43017578125,3.6,8.979361103105798,,,,,2026-07-25 07:40:00,,2.76,5.733750061044085,0.83,0.0,-5.9393611031057985,,
2022-06-07,6043.08,8915050.0,780575.0,2091.395,2.98,2.75,0.23,,24.020000457763672,102.31999969482422,4160.68017578125,3.6,8.979361103105798,,,,,2026-07-25 07:40:00,,2.73,5.733750061044085,0.83,0.0,-5.999361103105798,,
2022-06-08,6094.085000000001,8918254.0,683892.0,2140.277,3.03,2.78,0.25,,23.959999084472656,102.54000091552734,4115.77001953125,3.6,8.979361103105798,,,,,2026-07-25 07:40:00,,2.75,5.733750061044085,0.83,0.0,-5.949361103105799,,
2022-06-09,6092.044000000001,8918254.0,683892.0,2142.318,3.04,2.83,0.21,,26.09000015258789,103.22000122070312,4017.820068359375,3.6,8.979361103105798,,,,,2026-07-25 07:40:00,,2.75,5.733750061044085,0.83,0.0,-5.9393611031057985,,
2022-06-10,6071.477000000001,8918254.0,683892.0,2162.885,3.15,3.06,0.09,,27.75,104.1500015258789,3900.860107421875,3.6,8.979361103105798,,,,,2026-07-25 07:40:00,,2.76,5.733750061044085,0.83,0.0,-5.829361103105798,,
2022-06-11,6071.477000000001,8918254.0,683892.0,2162.885,3.15,3.06,0.09,,27.75,104.1500015258789,3900.860107421875,3.6,8.979361103105798,,,,,2026-07-25 07:40:00,,2.76,5.733750061044085,0.83,0.0,-5.829361103105798,,
2022-06-12,6071.477000000001,8918254.0,683892.0,2162.885,3.15,3.06,0.09,,27.75,104.1500015258789,3900.860107421875,3.6,8.979361103105798,,,,,2026-07-25 07:40:00,,2.76,5.733750061044085,0.83,0.0,-5.829361103105798,,
2022-06-13,6021.742000000001,8918254.0,683892.0,2212.62,3.43,3.4,0.03,,34.02000045776367,105.08000183105467,3749.6298828125,3.6,8.979361103105798,,,,,2026-07-25 07:40:00,,2.74,5.733750061044085,0.83,0.0,-5.549361103105799,,
2022-06-14,6010.505000000001,8918254.0,683892.0,2223.857,3.49,3.45,0.04,,32.689998626708984,105.5199966430664,3735.47998046875,3.6,8.979361103105798,,,,,2026-07-25 07:40:00,,2.6,5.733750061044085,0.83,0.0,-5.489361103105798,,
2022-06-15,5999.559,8932420.0,769937.0,2162.924,3.33,3.2,0.13,,29.6200008392334,105.16000366210938,3789.989990234375,3.6,8.979361103105798,,,,,2026-07-25 07:40:00,,2.7,5.733750061044085,0.83,0.0,-5.649361103105798,,
2022-06-16,5984.101000000001,8932420.0,769937.0,2178.382,3.28,3.14,0.14,,32.95000076293945,103.62999725341795,3666.77001953125,3.6,8.979361103105798,,,,,2026-07-25 07:40:00,,2.62,5.733750061044085,1.58,0.7500000000000001,-5.699361103105799,,
2022-06-17,5933.204,8932420.0,769937.0,2229.279,3.25,3.17,0.08,,31.1299991607666,104.6999969482422,3674.840087890625,3.6,8.979361103105798,,,,,2026-07-25 07:40:00,,2.58,5.733750061044085,1.58,0.7500000000000001,-5.7293611031057985,,
2022-06-18,5933.204,8932420.0,769937.0,2229.279,3.25,3.17,0.08,,31.1299991607666,104.6999969482422,3674.840087890625,3.6,8.979361103105798,,,,,2026-07-25 07:40:00,,2.58,5.733750061044085,1.58,0.7500000000000001,-5.7293611031057985,,
2022-06-19,5933.204,8932420.0,769937.0,2229.279,3.25,3.17,0.08,,31.1299991607666,104.6999969482422,3674.840087890625,3.6,8.979361103105798,,,,,2026-07-25 07:40:00,,2.58,5.733750061044085,1.58,0.7500000000000001,-5.7293611031057985,,
2022-06-20,5933.204,8932420.0,769937.0,2229.279,3.25,3.17,0.08,,31.1299991607666,104.6999969482422,3674.840087890625,3.6,8.979361103105798,,,,,2026-07-25 07:40:00,,2.58,5.733750061044085,1.58,0.7500000000000001,-5.7293611031057985,,
2022-06-21,5973.856,8932420.0,769937.0,2188.627,3.31,3.21,0.1,,30.190000534057617,104.44000244140624,3764.7900390625,3.6,8.979361103105798,,,,,2026-07-25 07:40:00,,2.61,5.733750061044085,1.58,0.7500000000000001,-5.669361103105798,,
2022-06-22,5929.835999999999,8934346.0,745052.0,2259.458,3.16,3.06,0.1,,28.950000762939453,104.1999969482422,3759.889892578125,3.6,8.979361103105798,,,,,2026-07-25 07:40:00,,2.54,5.733750061044085,1.58,0.7500000000000001,-5.819361103105798,,
2022-06-23,5903.852,8934346.0,745052.0,2285.442,3.09,3.01,0.08,,29.049999237060547,104.43000030517578,3795.72998046875,3.6,8.979361103105798,,,,,2026-07-25 07:40:00,,2.5,5.733750061044085,1.58,0.7500000000000001,-5.889361103105799,,
2022-06-24,6008.3099999999995,8934346.0,745052.0,2180.984,3.13,3.04,0.09,,27.229999542236328,104.19000244140624,3911.739990234375,3.6,8.979361103105798,,,,,2026-07-25 07:40:00,,2.56,5.733750061044085,1.58,0.7500000000000001,-5.849361103105799,,
2022-06-25,6008.3099999999995,8934346.0,745052.0,2180.984,3.13,3.04,0.09,,27.229999542236328,104.19000244140624,3911.739990234375,3.6,8.979361103105798,,,,,2026-07-25 07:40:00,,2.56,5.733750061044085,1.58,0.7500000000000001,-5.849361103105799,,
2022-06-26,6008.3099999999995,8934346.0,745052.0,2180.984,3.13,3.04,0.09,,27.229999542236328,104.19000244140624,3911.739990234375,3.6,8.979361103105798,,,,,2026-07-25 07:40:00,,2.56,5.733750061044085,1.58,0.7500000000000001,-5.849361103105799,,
2022-06-27,6033.352,8934346.0,745052.0,2155.942,3.2,3.08,0.12,,26.950000762939453,103.94000244140624,3900.110107421875,3.6,8.979361103105798,,,,,2026-07-25 07:40:00,,2.55,5.733750061044085,1.58,0.7500000000000001,-5.779361103105798,,
2022-06-28,5975.51,8934346.0,745052.0,2213.784,3.2,3.1,0.1,,28.36000061035156,104.51000213623048,3821.550048828125,3.6,8.979361103105798,,,,,2026-07-25 07:40:00,,2.48,5.733750061044085,1.58,0.7500000000000001,-5.779361103105798,,
2022-06-29,5926.732,8913553.0,759845.0,2226.976,3.1,3.06,0.04,,28.15999984741211,105.11000061035156,3818.830078125,3.6,8.979361103105798,,,,,2026-07-25 07:40:00,,2.36,5.733750061044085,1.58,0.7500000000000001,-5.879361103105799,,
2022-06-30,5823.965,8913553.0,759845.0,2329.743,2.98,2.92,0.06,,28.709999084472656,104.69000244140624,3785.3798828125,3.6,8.979361103105798,,,,,2026-07-25 07:40:00,,2.33,5.733750061044085,1.58,0.7500000000000001,-5.999361103105798,,
2022-07-01,5986.623,8913553.0,759845.0,2167.085,2.88,2.84,0.04,,26.700000762939453,105.13999938964844,3825.330078125,3.5,8.462576727730099,,,,,2026-07-25 07:40:00,,2.34,4.940096543434858,1.58,0.7500000000000001,-5.582576727730099,,
2022-07-02,5986.623,8913553.0,759845.0,2167.085,2.88,2.84,0.04,,26.700000762939453,105.13999938964844,3825.330078125,3.5,8.462576727730099,,,,,2026-07-25 07:40:00,,2.34,4.940096543434858,1.58,0.7500000000000001,-5.582576727730099,,
2022-07-03,5986.623,8913553.0,759845.0,2167.085,2.88,2.84,0.04,,26.700000762939453,105.13999938964844,3825.330078125,3.5,8.462576727730099,,,,,2026-07-25 07:40:00,,2.34,4.940096543434858,1.58,0.7500000000000001,-5.582576727730099,,
2022-07-04,5986.623,8913553.0,759845.0,2167.085,2.88,2.84,0.04,,26.700000762939453,105.13999938964844,3825.330078125,3.5,8.462576727730099,,,,,2026-07-25 07:40:00,,2.34,4.940096543434858,1.58,0.7500000000000001,-5.582576727730099,,
2022-07-05,6015.428,8913553.0,759845.0,2138.28,2.82,2.82,0.0,,27.540000915527344,106.5,3831.389892578125,3.5,8.462576727730099,,,,,2026-07-25 07:40:00,,2.3,4.940096543434858,1.58,0.7500000000000001,-5.642576727730098,,
2022-07-06,6035.882000000001,8891851.0,687943.0,2168.026,2.93,2.97,-0.04,,26.729999542236328,107.0999984741211,3845.080078125,3.5,8.462576727730099,,,,,2026-07-25 07:40:00,,2.29,4.940096543434858,1.58,0.7500000000000001,-5.532576727730099,,
2022-07-07,6031.451000000001,8891851.0,687943.0,2172.457,3.01,3.03,-0.02,,26.079999923706055,107.12999725341795,3902.6201171875,3.5,8.462576727730099,,,,,2026-07-25 07:40:00,,2.33,4.940096543434858,1.58,0.7500000000000001,-5.452576727730099,,
2022-07-08,6058.987000000001,8891851.0,687943.0,2144.921,3.09,3.12,-0.03,,24.63999938964844,107.01000213623048,3899.3798828125,3.5,8.462576727730099,,,,,2026-07-25 07:40:00,,2.37,4.940096543434858,1.58,0.7500000000000001,-5.372576727730099,,
2022-07-09,6058.987000000001,8891851.0,687943.0,2144.921,3.09,3.12,-0.03,,24.63999938964844,107.01000213623048,3899.3798828125,3.5,8.462576727730099,,,,,2026-07-25 07:40:00,,2.37,4.940096543434858,1.58,0.7500000000000001,-5.372576727730099,,
2022-07-10,6058.987000000001,8891851.0,687943.0,2144.921,3.09,3.12,-0.03,,24.63999938964844,107.01000213623048,3899.3798828125,3.5,8.462576727730099,,,,,2026-07-25 07:40:00,,2.37,4.940096543434858,1.58,0.7500000000000001,-5.372576727730099,,
2022-07-11,6039.642000000002,8891851.0,687943.0,2164.266,2.99,3.07,-0.08,,26.170000076293945,108.0199966430664,3854.429931640625,3.5,8.462576727730099,,,,,2026-07-25 07:40:00,,2.32,4.940096543434858,1.58,0.7500000000000001,-5.4725767277300985,,
2022-07-12,6057.776000000002,8891851.0,687943.0,2146.132,2.96,3.03,-0.07,,27.290000915527344,108.06999969482422,3818.800048828125,3.5,8.462576727730099,,,,,2026-07-25 07:40:00,,2.32,4.940096543434858,1.58,0.7500000000000001,-5.502576727730099,,
2022-07-13,6121.837,8895867.0,618740.0,2155.29,2.91,3.13,-0.22,,26.81999969482422,107.95999908447266,3801.780029296875,3.5,8.462576727730099,,,,,2026-07-25 07:40:00,,2.31,4.940096543434858,1.58,0.7500000000000001,-5.552576727730099,,
2022-07-14,6070.006,8895867.0,618740.0,2207.121,2.96,3.15,-0.19,,26.399999618530273,108.54000091552734,3790.3798828125,3.5,8.462576727730099,,,,,2026-07-25 07:40:00,,2.34,4.940096543434858,1.58,0.7500000000000001,-5.502576727730099,,
2022-07-15,6123.377,8895867.0,618740.0,2153.75,2.93,3.13,-0.2,,24.229999542236328,108.05999755859376,3863.159912109375,3.5,8.462576727730099,,,,,2026-07-25 07:40:00,,2.36,4.940096543434858,1.58,0.7500000000000001,-5.532576727730099,,
2022-07-16,6123.377,8895867.0,618740.0,2153.75,2.93,3.13,-0.2,,24.229999542236328,108.05999755859376,3863.159912109375,3.5,8.462576727730099,,,,,2026-07-25 07:40:00,,2.36,4.940096543434858,1.58,0.0,-5.532576727730099,,
2022-07-17,6123.377,8895867.0,618740.0,2153.75,2.93,3.13,-0.2,,24.229999542236328,108.05999755859376,3863.159912109375,3.5,8.462576727730099,,,,,2026-07-25 07:40:00,,2.36,4.940096543434858,1.58,0.0,-5.532576727730099,,
2022-07-18,6086.752,8895867.0,618740.0,2190.375,2.96,3.15,-0.19,,25.299999237060547,107.37000274658205,3830.85009765625,3.5,8.462576727730099,,,,,2026-07-25 07:40:00,,2.37,4.940096543434858,1.58,0.0,-5.502576727730099,,
2022-07-19,6065.3060000000005,8895867.0,618740.0,2211.821,3.01,3.23,-0.22,,24.5,106.68000030517578,3936.68994140625,3.5,8.462576727730099,,,,,2026-07-25 07:40:00,,2.39,4.940096543434858,1.58,0.0,-5.452576727730099,,
2022-07-20,6042.661,8899213.0,616348.0,2240.204,3.04,3.25,-0.21,,23.8799991607666,107.08000183105467,3959.89990234375,3.5,8.462576727730099,,,,,2026-07-25 07:40:00,,2.38,4.940096543434858,1.58,0.0,-5.422576727730099,,
2022-07-21,6011.109,8899213.0,616348.0,2271.756,2.91,3.1,-0.19,,23.11000061035156,106.91000366210938,3998.949951171875,3.5,8.462576727730099,,,,,2026-07-25 07:40:00,,2.33,4.940096543434858,1.58,0.0,-5.552576727730099,,
2022-07-22,6053.906,8899213.0,616348.0,2228.959,2.77,2.98,-0.21,,23.030000686645508,106.7300033569336,3961.6298828125,3.5,8.462576727730099,,,,,2026-07-25 07:40:00,,2.34,4.940096543434858,1.58,0.0,-5.692576727730099,,
2022-07-23,6053.906,8899213.0,616348.0,2228.959,2.77,2.98,-0.21,,23.030000686645508,106.7300033569336,3961.6298828125,3.5,8.462576727730099,,,,,2026-07-25 07:40:01,,2.34,4.940096543434858,1.58,0.0,-5.692576727730099,,
2022-07-24,6053.906,8899213.0,616348.0,2228.959,2.77,2.98,-0.21,,23.030000686645508,106.7300033569336,3961.6298828125,3.5,8.462576727730099,,,,,2026-07-25 07:40:01,,2.34,4.940096543434858,1.58,0.0,-5.692576727730099,,
2022-07-25,6090.498,8899213.0,616348.0,2192.367,2.81,3.0,-0.19,,23.36000061035156,106.4800033569336,3966.840087890625,3.5,8.462576727730099,,,,,2026-07-25 07:40:01,,2.36,4.940096543434858,1.58,0.0,-5.652576727730098,,
2022-07-26,6093.391,8899213.0,616348.0,2189.474,2.81,3.02,-0.21,,24.690000534057617,107.19000244140624,3921.050048828125,3.5,8.462576727730099,,,,,2026-07-25 07:40:01,,2.36,4.940096543434858,1.58,0.0,-5.652576727730098,,
2022-07-27,6085.495000000001,8890004.0,615515.0,2188.994,2.78,2.96,-0.18,,23.239999771118164,106.4499969482422,4023.610107421875,3.5,8.462576727730099,,,,,2026-07-25 07:40:01,,2.42,4.940096543434858,1.58,0.0,-5.682576727730099,,
2022-07-28,6034.606000000002,8890004.0,615515.0,2239.883,2.68,2.85,-0.17,,22.329999923706055,106.3499984741211,4072.429931640625,3.5,8.462576727730099,,,,,2026-07-25 07:40:01,,2.48,4.940096543434858,2.33,0.75,-5.782576727730099,,
2022-07-29,5974.289000000002,8890004.0,615515.0,2300.2,2.67,2.89,-0.22,,21.329999923706055,105.9000015258789,4130.2900390625,3.5,8.462576727730099,,,,,2026-07-25 07:40:01,,2.53,4.940096543434858,2.32,0.7399999999999998,-5.792576727730099,,
2022-07-30,5974.289000000002,8890004.0,615515.0,2300.2,2.67,2.89,-0.22,,21.329999923706055,105.9000015258789,4130.2900390625,3.5,8.462576727730099,,,,,2026-07-25 07:40:01,,2.53,4.940096543434858,2.32,0.7399999999999998,-5.792576727730099,,
2022-07-31,5974.289000000002,8890004.0,615515.0,2300.2,2.67,2.89,-0.22,,21.329999923706055,105.9000015258789,4130.2900390625,3.5,8.462576727730099,,,,,2026-07-25 07:40:01,,2.53,4.940096543434858,2.32,0.7399999999999998,-5.792576727730099,,
2022-08-01,6112.604000000001,8890004.0,615515.0,2161.885,2.6,2.9,-0.3,,22.84000015258789,105.4499969482422,4118.6298828125,3.6,8.222579178218826,,,,,2026-07-25 07:40:01,,2.51,3.8305039202326303,2.33,0.75,-5.622579178218826,,
2022-08-02,6118.4760000000015,8890004.0,615515.0,2156.013,2.75,3.06,-0.31,,23.93000030517578,106.23999786376952,4091.18994140625,3.6,8.222579178218826,,,,,2026-07-25 07:40:01,,2.48,3.8305039202326303,2.33,0.75,-5.472579178218826,,
2022-08-03,6125.805000000002,8874620.0,566577.0,2182.238,2.73,3.1,-0.37,,21.950000762939453,106.51000213623048,4155.169921875,3.6,8.222579178218826,,,,,2026-07-25 07:40:01,,2.5,3.8305039202326303,2.33,0.75,-5.492579178218826,,
2022-08-04,6116.497000000001,8874620.0,566577.0,2191.546,2.68,3.03,-0.35,,21.440000534057617,105.69000244140624,4151.93994140625,3.6,8.222579178218826,,,,,2026-07-25 07:40:01,,2.46,3.8305039202326303,2.33,0.75,-5.542579178218826,,
2022-08-05,6113.116000000002,8874620.0,566577.0,2194.927,2.83,3.24,-0.41,,21.149999618530273,106.62000274658205,4145.18994140625,3.6,8.222579178218826,,,,,2026-07-25 07:40:01,,2.46,3.8305039202326303,2.33,0.75,-5.392579178218826,,
2022-08-06,6113.116000000002,8874620.0,566577.0,2194.927,2.83,3.24,-0.41,,21.149999618530273,106.62000274658205,4145.18994140625,3.6,8.222579178218826,,,,,2026-07-25 07:40:01,,2.46,3.8305039202326303,2.33,0.75,-5.392579178218826,,
2022-08-07,6113.116000000002,8874620.0,566577.0,2194.927,2.83,3.24,-0.41,,21.149999618530273,106.62000274658205,4145.18994140625,3.6,8.222579178218826,,,,,2026-07-25 07:40:01,,2.46,3.8305039202326303,2.33,0.75,-5.392579178218826,,
2022-08-08,6112.3510000000015,8874620.0,566577.0,2195.692,2.77,3.21,-0.44,,21.290000915527344,106.44000244140624,4140.06005859375,3.6,8.222579178218826,,,,,2026-07-25 07:40:01,,2.48,3.8305039202326303,2.33,0.75,-5.452579178218826,,
2022-08-09,6121.475000000001,8874620.0,566577.0,2186.568,2.8,3.28,-0.48,,21.770000457763672,106.37000274658205,4122.47021484375,3.6,8.222579178218826,,,,,2026-07-25 07:40:01,,2.47,3.8305039202326303,2.33,0.75,-5.422579178218826,,
2022-08-10,6140.352000000001,8879138.0,561140.0,2177.646,2.78,3.23,-0.45,,19.739999771118164,105.1999969482422,4210.240234375,3.6,8.222579178218826,,,,,2026-07-25 07:40:01,,2.43,3.8305039202326303,2.33,0.75,-5.442579178218827,,
2022-08-11,6118.751000000002,8879138.0,561140.0,2199.247,2.87,3.23,-0.36,,20.200000762939453,105.08999633789062,4207.27001953125,3.6,8.222579178218826,,,,,2026-07-25 07:40:01,,2.47,3.8305039202326303,2.33,0.75,-5.352579178218826,,
2022-08-12,6104.805000000001,8879138.0,561140.0,2213.193,2.84,3.25,-0.41,,19.530000686645508,105.62999725341795,4280.14990234375,3.6,8.222579178218826,,,,,2026-07-25 07:40:01,,2.47,3.8305039202326303,2.33,0.75,-5.382579178218826,,
2022-08-13,6104.805000000001,8879138.0,561140.0,2213.193,2.84,3.25,-0.41,,19.530000686645508,105.62999725341795,4280.14990234375,3.6,8.222579178218826,,,,,2026-07-25 07:40:01,,2.47,3.8305039202326303,2.33,0.75,-5.382579178218826,,
2022-08-14,6104.805000000001,8879138.0,561140.0,2213.193,2.84,3.25,-0.41,,19.530000686645508,105.62999725341795,4280.14990234375,3.6,8.222579178218826,,,,,2026-07-25 07:40:01,,2.47,3.8305039202326303,2.33,0.75,-5.382579178218826,,
2022-08-15,6142.141000000001,8879138.0,561140.0,2175.857,2.79,3.2,-0.41,,19.950000762939453,106.5500030517578,4297.14013671875,3.6,8.222579178218826,,,,,2026-07-25 07:40:01,,2.44,3.8305039202326303,2.33,0.75,-5.432579178218826,,
2022-08-16,6152.666000000001,8879138.0,561140.0,2165.332,2.82,3.25,-0.43,,19.690000534057617,106.5,4305.2001953125,3.6,8.222579178218826,,,,,2026-07-25 07:40:01,,2.44,3.8305039202326303,2.33,0.75,-5.402579178218826,,
2022-08-17,6110.853000000001,8849762.0,539278.0,2199.631,2.89,3.28,-0.39,,19.899999618530273,106.56999969482422,4274.0400390625,3.6,8.222579178218826,,,,,2026-07-25 07:40:01,,2.46,3.8305039202326303,2.33,0.75,-5.332579178218825,,
2022-08-18,6092.323,8849762.0,539278.0,2218.161,2.88,3.22,-0.34,,19.559999465942383,107.4800033569336,4283.740234375,3.6,8.222579178218826,,,,,2026-07-25 07:40:01,,2.52,3.8305039202326303,2.33,0.75,-5.342579178218826,,
2022-08-19,6088.804,8849762.0,539278.0,2221.68,2.98,3.25,-0.27,,20.600000381469727,108.16999816894533,4228.47998046875,3.6,8.222579178218826,,,,,2026-07-25 07:40:01,,2.55,3.8305039202326303,2.33,0.75,-5.242579178218826,,
2022-08-20,6088.804,8849762.0,539278.0,2221.68,2.98,3.25,-0.27,,20.600000381469727,108.16999816894533,4228.47998046875,3.6,8.222579178218826,,,,,2026-07-25 07:40:01,,2.55,3.8305039202326303,2.33,0.75,-5.242579178218826,,
2022-08-21,6088.804,8849762.0,539278.0,2221.68,2.98,3.25,-0.27,,20.600000381469727,108.16999816894533,4228.47998046875,3.6,8.222579178218826,,,,,2026-07-25 07:40:01,,2.55,3.8305039202326303,2.33,0.75,-5.242579178218826,,
2022-08-22,6074.819,8849762.0,539278.0,2235.665,3.03,3.32,-0.29,,23.799999237060547,109.0500030517578,4137.990234375,3.6,8.222579178218826,,,,,2026-07-25 07:40:01,,2.57,3.8305039202326303,2.33,0.75,-5.192579178218827,,
2022-08-23,6059.7660000000005,8849762.0,539278.0,2250.718,3.05,3.29,-0.24,,24.11000061035156,108.62000274658205,4128.72998046875,3.6,8.222579178218826,,,,,2026-07-25 07:40:01,,2.58,3.8305039202326303,2.33,0.75,-5.172579178218826,,
2022-08-24,6084.168,8851436.0,530196.0,2237.072,3.11,3.36,-0.25,,22.81999969482422,108.68000030517578,4140.77001953125,3.6,8.222579178218826,,,,,2026-07-25 07:40:01,,2.62,3.8305039202326303,2.33,0.75,-5.112579178218827,,
2022-08-25,6133.333,8851436.0,530196.0,2187.907,3.03,3.35,-0.32,,21.780000686645508,108.47000122070312,4199.1201171875,3.6,8.222579178218826,,,,,2026-07-25 07:40:01,,2.6,3.8305039202326303,2.33,0.75,-5.192579178218827,,
2022-08-26,6138.788,8851436.0,530196.0,2182.452,3.04,3.37,-0.33,,25.559999465942383,108.8000030517578,4057.659912109375,3.6,8.222579178218826,,,,,2026-07-25 07:40:01,,2.57,3.8305039202326303,2.33,0.75,-5.182579178218826,,
2022-08-27,6138.788,8851436.0,530196.0,2182.452,3.04,3.37,-0.33,,25.559999465942383,108.8000030517578,4057.659912109375,3.6,8.222579178218826,,,,,2026-07-25 07:40:01,,2.57,3.8305039202326303,2.33,0.0,-5.182579178218826,,
2022-08-28,6138.788,8851436.0,530196.0,2182.452,3.04,3.37,-0.33,,25.559999465942383,108.8000030517578,4057.659912109375,3.6,8.222579178218826,,,,,2026-07-25 07:40:01,,2.57,3.8305039202326303,2.33,0.0100000000000002,-5.182579178218826,,
2022-08-29,6116.052,8851436.0,530196.0,2205.188,3.12,3.42,-0.3,,26.209999084472656,108.83999633789062,4030.610107421875,3.6,8.222579178218826,,,,,2026-07-25 07:40:01,,2.58,3.8305039202326303,2.33,0.0100000000000002,-5.102579178218826,,
2022-08-30,6132.264999999999,8851436.0,530196.0,2188.975,3.11,3.46,-0.35,,26.209999084472656,108.7699966430664,3986.159912109375,3.6,8.222579178218826,,,,,2026-07-25 07:40:01,,2.55,3.8305039202326303,2.33,0.0100000000000002,-5.112579178218827,,
2022-08-31,5905.157000000001,8826093.0,669911.0,2251.025,3.15,3.45,-0.3,,25.8700008392334,108.6999969482422,3955.0,3.6,8.222579178218826,,,,,2026-07-25 07:40:01,,2.48,3.8305039202326303,2.33,0.0,-5.072579178218826,,
2022-09-01,5983.026000000001,8826093.0,669911.0,2173.156,3.26,3.51,-0.25,,25.559999465942383,109.69000244140624,3966.85009765625,3.5,8.192106896425821,,,,,2026-07-25 07:40:01,,2.45,2.648586816643639,2.33,0.0,-4.932106896425822,,
2022-09-02,5982.769,8826093.0,669911.0,2173.413,3.2,3.4,-0.2,,25.469999313354492,109.52999877929688,3924.260009765625,3.5,8.192106896425821,,,,,2026-07-25 07:40:01,,2.47,2.648586816643639,2.33,0.0,-4.992106896425821,,
2022-09-03,5982.769,8826093.0,669911.0,2173.413,3.2,3.4,-0.2,,25.469999313354492,109.52999877929688,3924.260009765625,3.5,8.192106896425821,,,,,2026-07-25 07:40:01,,2.47,2.648586816643639,2.33,0.0,-4.992106896425821,,
2022-09-04,5982.769,8826093.0,669911.0,2173.413,3.2,3.4,-0.2,,25.469999313354492,109.52999877929688,3924.260009765625,3.5,8.192106896425821,,,,,2026-07-25 07:40:01,,2.47,2.648586816643639,2.33,0.0,-4.992106896425821,,
2022-09-05,5982.769,8826093.0,669911.0,2173.413,3.2,3.4,-0.2,,25.469999313354492,109.52999877929688,3924.260009765625,3.5,8.192106896425821,,,,,2026-07-25 07:40:01,,2.47,2.648586816643639,2.33,0.0,-4.992106896425821,,
2022-09-06,5967.386,8826093.0,669911.0,2188.796,3.33,3.5,-0.17,,26.90999984741211,110.20999908447266,3908.18994140625,3.5,8.192106896425821,,,,,2026-07-25 07:40:01,,2.48,2.648586816643639,2.33,0.0,-4.862106896425821,,
2022-09-07,6032.4929999999995,8822401.0,582921.0,2206.987,3.27,3.45,-0.18,,24.63999938964844,109.83999633789062,3979.8701171875,3.5,8.192106896425821,,,,,2026-07-25 07:40:01,,2.45,2.648586816643639,2.33,0.0,-4.922106896425822,,
2022-09-08,6029.013999999999,8822401.0,582921.0,2210.466,3.29,3.48,-0.19,,23.61000061035156,109.70999908447266,4006.179931640625,3.5,8.192106896425821,,,,,2026-07-25 07:40:01,,2.41,2.648586816643639,2.33,0.0,-4.902106896425821,,
2022-09-09,6029.766,8822401.0,582921.0,2209.714,3.33,3.56,-0.23,,22.790000915527344,109.0,4067.360107421875,3.5,8.192106896425821,,,,,2026-07-25 07:40:01,,2.42,2.648586816643639,2.33,0.0,-4.862106896425821,,
2022-09-10,6029.766,8822401.0,582921.0,2209.714,3.33,3.56,-0.23,,22.790000915527344,109.0,4067.360107421875,3.5,8.192106896425821,,,,,2026-07-25 07:40:01,,2.42,2.648586816643639,2.33,0.0,-4.862106896425821,,
2022-09-11,6029.766,8822401.0,582921.0,2209.714,3.33,3.56,-0.23,,22.790000915527344,109.0,4067.360107421875,3.5,8.192106896425821,,,,,2026-07-25 07:40:01,,2.42,2.648586816643639,2.33,0.0,-4.862106896425821,,
2022-09-12,6020.933999999999,8822401.0,582921.0,2218.546,3.37,3.58,-0.21,,23.8700008392334,108.33000183105467,4110.41015625,3.5,8.192106896425821,,,,,2026-07-25 07:40:01,,2.42,2.648586816643639,2.33,0.0,-4.822106896425821,,
2022-09-13,6036.7609999999995,8822401.0,582921.0,2202.719,3.42,3.75,-0.33,,27.270000457763672,109.81999969482422,3932.68994140625,3.5,8.192106896425821,,,,,2026-07-25 07:40:01,,2.44,2.648586816643639,2.33,0.0,-4.7721068964258215,,
2022-09-14,5989.183000000001,8832759.0,617997.0,2225.579,3.41,3.78,-0.37,,26.15999984741211,109.66000366210938,3946.010009765625,3.5,8.192106896425821,,,,,2026-07-25 07:40:01,,2.46,2.648586816643639,2.33,0.0,-4.782106896425821,,
2022-09-15,6038.5740000000005,8832759.0,617997.0,2176.188,3.45,3.87,-0.42,,26.270000457763672,109.73999786376952,3901.35009765625,3.5,8.192106896425821,,,,,2026-07-25 07:40:01,,2.43,2.648586816643639,2.33,0.0,-4.742106896425821,,
2022-09-16,6027.929,8832759.0,617997.0,2186.833,3.45,3.85,-0.4,,26.299999237060547,109.76000213623048,3873.330078125,3.5,8.192106896425821,,,,,2026-07-25 07:40:01,,2.38,2.648586816643639,2.33,0.0,-4.742106896425821,,
2022-09-17,6027.929,8832759.0,617997.0,2186.833,3.45,3.85,-0.4,,26.299999237060547,109.76000213623048,3873.330078125,3.5,8.192106896425821,,,,,2026-07-25 07:40:01,,2.38,2.648586816643639,2.33,0.0,-4.742106896425821,,
2022-09-18,6027.929,8832759.0,617997.0,2186.833,3.45,3.85,-0.4,,26.299999237060547,109.76000213623048,3873.330078125,3.5,8.192106896425821,,,,,2026-07-25 07:40:01,,2.38,2.648586816643639,2.33,0.0,-4.742106896425821,,
2022-09-19,5997.220000000001,8832759.0,617997.0,2217.542,3.49,3.95,-0.46,,25.760000228881836,109.73999786376952,3899.889892578125,3.5,8.192106896425821,,,,,2026-07-25 07:40:01,,2.34,2.648586816643639,2.33,0.0,-4.702106896425821,,
2022-09-20,5975.892000000001,8832759.0,617997.0,2238.87,3.57,3.96,-0.39,,27.15999984741211,110.22000122070312,3855.929931640625,3.5,8.192106896425821,,,,,2026-07-25 07:40:01,,2.4,2.648586816643639,2.33,0.0,-4.622106896425821,,
2022-09-21,5810.616,8816802.0,690286.0,2315.9,3.51,4.02,-0.51,,27.989999771118164,110.63999938964844,3789.929931640625,3.5,8.192106896425821,,,,,2026-07-25 07:40:01,,2.38,2.648586816643639,2.33,0.0,-4.682106896425822,,
2022-09-22,5767.289,8816802.0,690286.0,2359.227,3.7,4.11,-0.41,,27.350000381469727,111.3499984741211,3757.989990234375,3.5,8.192106896425821,,,,,2026-07-25 07:40:01,,2.41,2.648586816643639,3.08,0.75,-4.492106896425821,,
2022-09-23,5807.155,8816802.0,690286.0,2319.361,3.69,4.2,-0.51,,29.920000076293945,113.19000244140624,3693.22998046875,3.5,8.192106896425821,,,,,2026-07-25 07:40:01,,2.37,2.648586816643639,3.08,0.75,-4.502106896425822,,
2022-09-24,5807.155,8816802.0,690286.0,2319.361,3.69,4.2,-0.51,,29.920000076293945,113.19000244140624,3693.22998046875,3.5,8.192106896425821,,,,,2026-07-25 07:40:01,,2.37,2.648586816643639,3.08,0.75,-4.502106896425822,,
2022-09-25,5807.155,8816802.0,690286.0,2319.361,3.69,4.2,-0.51,,29.920000076293945,113.19000244140624,3693.22998046875,3.5,8.192106896425821,,,,,2026-07-25 07:40:01,,2.37,2.648586816643639,3.08,0.75,-4.502106896425822,,
2022-09-26,5827.504999999999,8816802.0,690286.0,2299.011,3.88,4.27,-0.39,,32.2599983215332,114.0999984741211,3655.0400390625,3.5,8.192106896425821,,,,,2026-07-25 07:40:02,,2.32,2.648586816643639,3.08,0.75,-4.312106896425822,,
2022-09-27,5799.405,8816802.0,690286.0,2327.111,3.97,4.3,-0.33,,32.599998474121094,114.11000061035156,3647.2900390625,3.5,8.192106896425821,,,,,2026-07-25 07:40:02,,2.33,2.648586816643639,3.08,0.75,-4.222106896425821,,
2022-09-28,5766.848999999999,8795567.0,661920.0,2366.798,3.72,4.07,-0.35,,30.18000030517578,112.5999984741211,3719.0400390625,3.5,8.192106896425821,,,,,2026-07-25 07:40:02,,2.33,2.648586816643639,3.08,0.75,-4.472106896425821,,
2022-09-29,5761.883999999999,8795567.0,661920.0,2371.763,3.76,4.16,-0.4,,31.84000015258789,112.25,3640.469970703125,3.5,8.192106896425821,,,,,2026-07-25 07:40:02,,2.19,2.648586816643639,3.08,0.75,-4.432106896425822,,
2022-09-30,5707.736999999999,8795567.0,661920.0,2425.91,3.83,4.22,-0.39,,31.6200008392334,112.12000274658205,3585.6201171875,3.5,8.192106896425821,,,,,2026-07-25 07:40:02,,2.15,2.648586816643639,3.08,0.75,-4.362106896425821,,
2022-10-01,5707.736999999999,8795567.0,661920.0,2425.91,3.83,4.22,-0.39,,31.6200008392334,112.12000274658205,3585.6201171875,3.6,7.758813957693,,,,,2026-07-25 07:40:02,,2.15,1.4215097870570848,3.08,0.75,-3.928813957693,,
2022-10-02,5707.736999999999,8795567.0,661920.0,2425.91,3.83,4.22,-0.39,,31.6200008392334,112.12000274658205,3585.6201171875,3.6,7.758813957693,,,,,2026-07-25 07:40:02,,2.15,1.4215097870570848,3.08,0.75,-3.928813957693,,
2022-10-03,5881.123999999999,8795567.0,661920.0,2252.523,3.67,4.12,-0.45,,30.100000381469727,111.75,3678.429931640625,3.6,7.758813957693,,,,,2026-07-25 07:40:02,,2.24,1.4215097870570848,3.08,0.75,-4.0888139576930005,,
2022-10-04,5900.030999999999,8795567.0,661920.0,2233.616,3.62,4.1,-0.48,,29.06999969482422,110.06999969482422,3790.929931640625,3.6,7.758813957693,,,,,2026-07-25 07:40:02,,2.24,1.4215097870570848,3.08,0.75,-4.138813957693,,
2022-10-05,5906.123,8759053.0,622131.0,2230.799,3.76,4.15,-0.39,,28.549999237060547,111.06999969482422,3783.280029296875,3.6,7.758813957693,,,,,2026-07-25 07:40:02,,2.22,1.4215097870570848,3.08,0.75,-3.9988139576930006,,
2022-10-06,5904.120999999999,8759053.0,622131.0,2232.801,3.83,4.23,-0.4,,30.520000457763672,112.26000213623048,3744.52001953125,3.6,7.758813957693,,,,,2026-07-25 07:40:02,,2.22,1.4215097870570848,3.08,0.75,-3.928813957693,,
2022-10-07,5909.972,8759053.0,622131.0,2226.95,3.89,4.3,-0.41,,31.36000061035156,112.8000030517578,3639.659912109375,3.6,7.758813957693,,,,,2026-07-25 07:40:02,,2.27,1.4215097870570848,3.08,0.75,-3.868813957693,,
2022-10-08,5909.972,8759053.0,622131.0,2226.95,3.89,4.3,-0.41,,31.36000061035156,112.8000030517578,3639.659912109375,3.6,7.758813957693,,,,,2026-07-25 07:40:02,,2.27,1.4215097870570848,3.08,0.75,-3.868813957693,,
2022-10-09,5909.972,8759053.0,622131.0,2226.95,3.89,4.3,-0.41,,31.36000061035156,112.8000030517578,3639.659912109375,3.6,7.758813957693,,,,,2026-07-25 07:40:02,,2.27,1.4215097870570848,3.08,0.75,-3.868813957693,,
2022-10-10,5909.972,8759053.0,622131.0,2226.95,3.89,4.3,-0.41,,32.45000076293945,113.13999938964844,3612.389892578125,3.6,7.758813957693,,,,,2026-07-25 07:40:02,,2.27,1.4215097870570848,3.08,0.75,-3.868813957693,,
2022-10-11,5914.442999999999,8759053.0,622131.0,2222.479,3.93,4.3,-0.37,,33.630001068115234,113.22000122070312,3588.840087890625,3.6,7.758813957693,,,,,2026-07-25 07:40:02,,2.31,1.4215097870570848,3.08,0.75,-3.828813957693,,
2022-10-12,5928.249999999999,8758969.0,583513.0,2247.206,3.91,4.28,-0.37,,33.56999969482422,113.31999969482422,3577.030029296875,3.6,7.758813957693,,,,,2026-07-25 07:40:02,,2.29,1.4215097870570848,3.08,0.75,-3.848813957693,,
2022-10-13,5931.356,8758969.0,583513.0,2244.1,3.97,4.47,-0.5,,31.940000534057617,112.36000061035156,3669.909912109375,3.6,7.758813957693,,,,,2026-07-25 07:40:02,,2.34,1.4215097870570848,3.08,0.75,-3.788813957693,,
2022-10-14,5953.403999999999,8758969.0,583513.0,2222.052,4.0,4.48,-0.48,,32.02000045776367,113.30999755859376,3583.070068359375,3.6,7.758813957693,,,,,2026-07-25 07:40:02,,2.41,1.4215097870570848,3.08,0.75,-3.758813957693,,
2022-10-15,5953.403999999999,8758969.0,583513.0,2222.052,4.0,4.48,-0.48,,32.02000045776367,113.30999755859376,3583.070068359375,3.6,7.758813957693,,,,,2026-07-25 07:40:02,,2.41,1.4215097870570848,3.08,0.75,-3.758813957693,,
2022-10-16,5953.403999999999,8758969.0,583513.0,2222.052,4.0,4.48,-0.48,,32.02000045776367,113.30999755859376,3583.070068359375,3.6,7.758813957693,,,,,2026-07-25 07:40:02,,2.41,1.4215097870570848,3.08,0.75,-3.758813957693,,
2022-10-17,6003.154999999999,8758969.0,583513.0,2172.301,4.02,4.45,-0.43,,31.3700008392334,112.04000091552734,3677.949951171875,3.6,7.758813957693,,,,,2026-07-25 07:40:02,,2.45,1.4215097870570848,3.08,0.75,-3.738813957693001,,
2022-10-18,5948.731,8758969.0,583513.0,2226.725,4.01,4.43,-0.42,,30.5,112.12999725341795,3719.97998046875,3.6,7.758813957693,,,,,2026-07-25 07:40:02,,2.41,1.4215097870570848,3.08,0.75,-3.7488139576930006,,
2022-10-19,5861.474,8743922.0,640613.0,2241.835,4.14,4.55,-0.41,,30.760000228881836,112.9800033569336,3695.159912109375,3.6,7.758813957693,,,,,2026-07-25 07:40:02,,2.42,1.4215097870570848,3.08,0.75,-3.6188139576930007,,
2022-10-20,5869.238,8743922.0,640613.0,2234.071,4.24,4.62,-0.38,,29.979999542236328,112.87999725341795,3665.780029296875,3.6,7.758813957693,,,,,2026-07-25 07:40:02,,2.51,1.4215097870570848,3.08,0.75,-3.518813957693,,
2022-10-21,5837.5,8743922.0,640613.0,2265.809,4.21,4.49,-0.28,,29.690000534057617,112.01000213623048,3752.75,3.6,7.758813957693,,,,,2026-07-25 07:40:02,,2.52,1.4215097870570848,3.08,0.75,-3.5488139576930005,,
2022-10-22,5837.5,8743922.0,640613.0,2265.809,4.21,4.49,-0.28,,29.690000534057617,112.01000213623048,3752.75,3.6,7.758813957693,,,,,2026-07-25 07:40:02,,2.52,1.4215097870570848,3.08,0.0,-3.5488139576930005,,
2022-10-23,5837.5,8743922.0,640613.0,2265.809,4.21,4.49,-0.28,,29.690000534057617,112.01000213623048,3752.75,3.6,7.758813957693,,,,,2026-07-25 07:40:02,,2.52,1.4215097870570848,3.08,0.0,-3.5488139576930005,,
2022-10-24,5861.265,8743922.0,640613.0,2242.044,4.25,4.5,-0.25,,29.850000381469727,111.98999786376952,3797.340087890625,3.6,7.758813957693,,,,,2026-07-25 07:40:02,,2.59,1.4215097870570848,3.08,0.0,-3.5088139576930004,,
2022-10-25,5907.693,8743922.0,640613.0,2195.616,4.1,4.42,-0.32,,28.459999084472656,110.9499969482422,3859.110107421875,3.6,7.758813957693,,,,,2026-07-25 07:40:02,,2.51,1.4215097870570848,3.08,0.0,-3.6588139576930008,,
2022-10-26,5899.906999999999,8723090.0,636327.0,2186.856,4.04,4.39,-0.35,,27.280000686645508,109.6999969482422,3830.60009765625,3.6,7.758813957693,,,,,2026-07-25 07:40:02,,2.44,1.4215097870570848,3.08,0.0,-3.718813957693,,
2022-10-27,5934.278,8723090.0,636327.0,2152.485,3.96,4.3,-0.34,,27.38999938964844,110.58999633789062,3807.300048828125,3.6,7.758813957693,,,,,2026-07-25 07:40:02,,2.45,1.4215097870570848,3.08,0.0,-3.798813957693001,,
2022-10-28,5903.473,8723090.0,636327.0,2183.29,4.02,4.41,-0.39,,25.75,110.66999816894533,3901.06005859375,3.6,7.758813957693,,,,,2026-07-25 07:40:02,,2.51,1.4215097870570848,3.08,0.0,-3.738813957693001,,
2022-10-29,5903.473,8723090.0,636327.0,2183.29,4.02,4.41,-0.39,,25.75,110.66999816894533,3901.06005859375,3.6,7.758813957693,,,,,2026-07-25 07:40:02,,2.51,1.4215097870570848,3.08,0.0,-3.738813957693001,,
2022-10-30,5903.473,8723090.0,636327.0,2183.29,4.02,4.41,-0.39,,25.75,110.66999816894533,3901.06005859375,3.6,7.758813957693,,,,,2026-07-25 07:40:02,,2.51,1.4215097870570848,3.08,0.0,-3.738813957693001,,
2022-10-31,5811.304,8723090.0,636327.0,2275.459,4.1,4.51,-0.41,,25.8799991607666,111.52999877929688,3871.97998046875,3.6,7.758813957693,,,,,2026-07-25 07:40:02,,2.52,1.4215097870570848,3.08,0.0,-3.6588139576930008,,
2022-11-01,5886.253,8723090.0,636327.0,2200.51,4.07,4.54,-0.47,,25.809999465942383,111.4800033569336,3856.10009765625,3.6,7.122856456533988,,,,,2026-07-25 07:40:02,,2.51,0.3309007906935335,3.08,0.0,-3.0528564565339877,,
2022-11-02,5894.920000000001,8676870.0,552089.0,2229.861,4.1,4.61,-0.51,,25.86000061035156,111.3499984741211,3759.68994140625,3.6,7.122856456533988,,,,,2026-07-25 07:40:02,,2.53,0.3309007906935335,3.08,0.0,-3.0228564565339884,,
2022-11-03,5904.990000000001,8676870.0,552089.0,2219.791,4.14,4.71,-0.57,,25.299999237060547,112.93000030517578,3719.889892578125,3.6,7.122856456533988,,,,,2026-07-25 07:40:02,,2.4,0.3309007906935335,3.83,0.75,-2.9828564565339883,,
2022-11-04,5893.941000000001,8676870.0,552089.0,2230.84,4.17,4.66,-0.49,,24.549999237060547,110.87999725341795,3770.550048828125,3.6,7.122856456533988,,,,,2026-07-25 07:40:02,,2.48,0.3309007906935335,3.83,0.75,-2.952856456533988,,
2022-11-05,5893.941000000001,8676870.0,552089.0,2230.84,4.17,4.66,-0.49,,24.549999237060547,110.87999725341795,3770.550048828125,3.6,7.122856456533988,,,,,2026-07-25 07:40:02,,2.48,0.3309007906935335,3.83,0.75,-2.952856456533988,,
2022-11-06,5893.941000000001,8676870.0,552089.0,2230.84,4.17,4.66,-0.49,,24.549999237060547,110.87999725341795,3770.550048828125,3.6,7.122856456533988,,,,,2026-07-25 07:40:02,,2.48,0.3309007906935335,3.83,0.75,-2.952856456533988,,
2022-11-07,5883.464000000001,8676870.0,552089.0,2241.317,4.22,4.72,-0.5,,24.350000381469727,110.12000274658205,3806.800048828125,3.6,7.122856456533988,,,,,2026-07-25 07:40:02,,2.53,0.3309007906935335,3.83,0.75,-2.9028564565339883,,
2022-11-08,5892.226000000001,8676870.0,552089.0,2232.555,4.14,4.67,-0.53,,25.540000915527344,109.62000274658205,3828.110107421875,3.6,7.122856456533988,,,,,2026-07-25 07:40:02,,2.5,0.3309007906935335,3.83,0.75,-2.9828564565339883,,
2022-11-09,5923.734,8678886.0,517340.0,2237.812,4.12,4.61,-0.49,,26.09000015258789,110.5500030517578,3748.570068359375,3.6,7.122856456533988,,,,,2026-07-25 07:40:02,,2.42,0.3309007906935335,3.83,0.75,-3.002856456533988,,
2022-11-10,5960.960000000001,8678886.0,517340.0,2200.586,3.82,4.34,-0.52,,23.530000686645508,108.20999908447266,3956.3701171875,3.6,7.122856456533988,,,,,2026-07-25 07:40:02,,2.39,0.3309007906935335,3.83,0.75,-3.302856456533988,,
2022-11-11,5960.960000000001,8678886.0,517340.0,2200.586,3.82,4.34,-0.52,,22.520000457763672,106.29000091552734,3992.929931640625,3.6,7.122856456533988,,,,,2026-07-25 07:40:02,,2.39,0.3309007906935335,3.83,0.75,-3.302856456533988,,
2022-11-12,5960.960000000001,8678886.0,517340.0,2200.586,3.82,4.34,-0.52,,22.520000457763672,106.29000091552734,3992.929931640625,3.6,7.122856456533988,,,,,2026-07-25 07:40:02,,2.39,0.3309007906935335,3.83,0.75,-3.302856456533988,,
2022-11-13,5960.960000000001,8678886.0,517340.0,2200.586,3.82,4.34,-0.52,,22.520000457763672,106.29000091552734,3992.929931640625,3.6,7.122856456533988,,,,,2026-07-25 07:40:02,,2.39,0.3309007906935335,3.83,0.75,-3.302856456533988,,
2022-11-14,5996.528,8678886.0,517340.0,2165.018,3.88,4.4,-0.52,,23.729999542236328,106.66000366210938,3957.25,3.6,7.122856456533988,,,,,2026-07-25 07:40:02,,2.37,0.3309007906935335,3.83,0.75,-3.242856456533988,,
2022-11-15,6074.972,8678886.0,517340.0,2086.574,3.8,4.37,-0.57,,24.540000915527344,106.4000015258789,3991.72998046875,3.6,7.122856456533988,,,,,2026-07-25 07:40:02,,2.35,0.3309007906935335,3.83,0.75,-3.322856456533988,,
2022-11-16,6054.365,8625620.0,472185.0,2099.07,3.67,4.35,-0.68,,24.11000061035156,106.27999877929688,3958.7900390625,3.6,7.122856456533988,,,,,2026-07-25 07:40:02,,2.29,0.3309007906935335,3.83,0.75,-3.452856456533988,,
2022-11-17,6038.996000000001,8625620.0,472185.0,2114.439,3.77,4.43,-0.66,,23.93000030517578,106.69000244140624,3946.56005859375,3.6,7.122856456533988,,,,,2026-07-25 07:40:02,,2.28,0.3309007906935335,3.83,0.75,-3.352856456533988,,
2022-11-18,6040.022000000001,8625620.0,472185.0,2113.413,3.82,4.51,-0.69,,23.1200008392334,106.93000030517578,3965.340087890625,3.6,7.122856456533988,,,,,2026-07-25 07:40:02,,2.25,0.3309007906935335,3.83,0.75,-3.302856456533988,,
2022-11-19,6040.022000000001,8625620.0,472185.0,2113.413,3.82,4.51,-0.69,,23.1200008392334,106.93000030517578,3965.340087890625,3.6,7.122856456533988,,,,,2026-07-25 07:40:02,,2.25,0.3309007906935335,3.83,0.75,-3.302856456533988,,
2022-11-20,6040.022000000001,8625620.0,472185.0,2113.413,3.82,4.51,-0.69,,23.1200008392334,106.93000030517578,3965.340087890625,3.6,7.122856456533988,,,,,2026-07-25 07:40:02,,2.25,0.3309007906935335,3.83,0.75,-3.302856456533988,,
2022-11-21,6028.009,8625620.0,472185.0,2125.426,3.83,4.48,-0.65,,22.36000061035156,107.83999633789062,3949.93994140625,3.6,7.122856456533988,,,,,2026-07-25 07:40:02,,2.31,0.3309007906935335,3.83,0.75,-3.292856456533988,,
2022-11-22,6049.503000000001,8625620.0,472185.0,2103.932,3.76,4.47,-0.71,,21.290000915527344,107.22000122070312,4003.580078125,3.6,7.122856456533988,,,,,2026-07-25 07:40:02,,2.32,0.3309007906935335,3.83,0.75,-3.362856456533988,,
2022-11-23,6059.4619999999995,8621390.0,492754.0,2069.174,3.71,4.46,-0.75,,20.350000381469727,106.08000183105467,4027.260009765625,3.6,7.122856456533988,,,,,2026-07-25 07:40:02,,2.32,0.3309007906935335,3.83,0.75,-3.412856456533988,,
2022-11-24,6059.4619999999995,8621390.0,492754.0,2069.174,3.71,4.46,-0.75,,20.350000381469727,106.08000183105467,4027.260009765625,3.6,7.122856456533988,,,,,2026-07-25 07:40:02,,2.32,0.3309007906935335,3.83,0.75,-3.412856456533988,,
2022-11-25,6097.57,8621390.0,492754.0,2031.066,3.68,4.42,-0.74,,20.5,105.95999908447266,4026.1201171875,3.6,7.122856456533988,,,,,2026-07-25 07:40:02,,2.32,0.3309007906935335,3.83,0.75,-3.442856456533988,,
2022-11-26,6097.57,8621390.0,492754.0,2031.066,3.68,4.42,-0.74,,20.5,105.95999908447266,4026.1201171875,3.6,7.122856456533988,,,,,2026-07-25 07:40:02,,2.32,0.3309007906935335,3.83,0.75,-3.442856456533988,,
2022-11-27,6097.57,8621390.0,492754.0,2031.066,3.68,4.42,-0.74,,20.5,105.95999908447266,4026.1201171875,3.6,7.122856456533988,,,,,2026-07-25 07:40:02,,2.32,0.3309007906935335,3.83,0.75,-3.442856456533988,,
2022-11-28,6073.722,8621390.0,492754.0,2054.914,3.69,4.46,-0.77,,22.209999084472656,106.68000030517578,3963.93994140625,3.6,7.122856456533988,,,,,2026-07-25 07:40:02,,2.26,0.3309007906935335,3.83,0.75,-3.432856456533988,,
2022-11-29,6064.259,8621390.0,492754.0,2064.377,3.75,4.48,-0.73,,21.88999938964844,106.81999969482422,3957.6298828125,3.6,7.122856456533988,,,,,2026-07-25 07:40:03,,2.25,0.3309007906935335,3.83,0.75,-3.372856456533988,,
2022-11-30,5935.871999999999,8584576.0,532791.0,2115.913,3.68,4.38,-0.7,,20.579999923706055,105.9499969482422,4080.110107421875,3.6,7.122856456533988,,,,,2026-07-25 07:40:03,,2.34,0.3309007906935335,3.83,0.75,-3.442856456533988,,
2022-12-01,6001.498999999999,8584576.0,532791.0,2050.286,3.53,4.25,-0.72,,19.84000015258789,104.7300033569336,4076.570068359375,3.5,6.404600402357152,,,,,2026-07-25 07:40:03,,2.36,-0.9670352160828344,3.83,0.75,-2.8746004023571525,,
2022-12-02,6002.021999999999,8584576.0,532791.0,2049.763,3.51,4.28,-0.77,,19.059999465942383,104.5500030517578,4071.699951171875,3.5,6.404600402357152,,,,,2026-07-25 07:40:03,,2.43,-0.9670352160828344,3.83,0.75,-2.8946004023571525,,
2022-12-03,6002.021999999999,8584576.0,532791.0,2049.763,3.51,4.28,-0.77,,19.059999465942383,104.5500030517578,4071.699951171875,3.5,6.404600402357152,,,,,2026-07-25 07:40:03,,2.43,-0.9670352160828344,3.83,0.0,-2.8946004023571525,,
2022-12-04,6002.021999999999,8584576.0,532791.0,2049.763,3.51,4.28,-0.77,,19.059999465942383,104.5500030517578,4071.699951171875,3.5,6.404600402357152,,,,,2026-07-25 07:40:03,,2.43,-0.9670352160828344,3.83,0.0,-2.8946004023571525,,
2022-12-05,5958.137999999999,8584576.0,532791.0,2093.647,3.6,4.41,-0.81,,20.75,105.29000091552734,3998.840087890625,3.5,6.404600402357152,,,,,2026-07-25 07:40:03,,2.39,-0.9670352160828344,3.83,0.0,-2.804600402357152,,
2022-12-06,5940.319999999999,8584576.0,532791.0,2111.465,3.51,4.34,-0.83,,22.170000076293945,105.58000183105467,3941.260009765625,3.5,6.404600402357152,,,,,2026-07-25 07:40:03,,2.31,-0.9670352160828344,3.83,0.0,-2.8946004023571525,,
2022-12-07,6020.3330000000005,8582735.0,410853.0,2151.549,3.42,4.26,-0.84,,22.68000030517578,105.0999984741211,3933.919921875,3.5,6.404600402357152,,,,,2026-07-25 07:40:03,,2.26,-0.9670352160828344,3.83,0.0,-2.9846004023571524,,
2022-12-08,5995.909000000001,8582735.0,410853.0,2175.973,3.48,4.31,-0.83,,22.290000915527344,104.7699966430664,3963.510009765625,3.5,6.404600402357152,,,,,2026-07-25 07:40:03,,2.28,-0.9670352160828344,3.83,0.0,-2.9246004023571524,,
2022-12-09,6025.134,8582735.0,410853.0,2146.748,3.57,4.33,-0.76,,22.829999923706055,104.80999755859376,3934.3798828125,3.5,6.404600402357152,,,,,2026-07-25 07:40:03,,2.26,-0.9670352160828344,3.83,0.0,-2.8346004023571525,,
2022-12-10,6025.134,8582735.0,410853.0,2146.748,3.57,4.33,-0.76,,22.829999923706055,104.80999755859376,3934.3798828125,3.5,6.404600402357152,,,,,2026-07-25 07:40:03,,2.26,-0.9670352160828344,3.83,0.0,-2.8346004023571525,,
2022-12-11,6025.134,8582735.0,410853.0,2146.748,3.57,4.33,-0.76,,22.829999923706055,104.80999755859376,3934.3798828125,3.5,6.404600402357152,,,,,2026-07-25 07:40:03,,2.26,-0.9670352160828344,3.83,0.0,-2.8346004023571525,,
2022-12-12,6013.365000000001,8582735.0,410853.0,2158.517,3.61,4.39,-0.78,,25.0,105.12999725341795,3990.56005859375,3.5,6.404600402357152,,,,,2026-07-25 07:40:03,,2.28,-0.9670352160828344,3.83,0.0,-2.7946004023571525,,
2022-12-13,5991.206,8582735.0,410853.0,2180.676,3.51,4.22,-0.71,,22.549999237060547,103.9800033569336,4019.64990234375,3.5,6.404600402357152,,,,,2026-07-25 07:40:03,,2.24,-0.9670352160828344,3.83,0.0,-2.8946004023571525,,
2022-12-14,6048.4450000000015,8583413.0,342104.0,2192.864,3.49,4.23,-0.74,,21.13999938964844,103.7699966430664,3995.320068359375,3.5,6.404600402357152,,,,,2026-07-25 07:40:03,,2.19,-0.9670352160828344,3.83,0.0,-2.914600402357152,,
2022-12-15,6117.314000000001,8583413.0,342104.0,2123.995,3.44,4.23,-0.79,,22.829999923706055,104.55999755859376,3895.75,3.5,6.404600402357152,,,,,2026-07-25 07:40:03,,2.16,-0.9670352160828344,4.33,0.5,-2.9646004023571524,,
2022-12-16,6114.769000000001,8583413.0,342104.0,2126.54,3.48,4.17,-0.69,,22.6200008392334,104.6999969482422,3852.360107421875,3.5,6.404600402357152,,,,,2026-07-25 07:40:03,,2.13,-0.9670352160828344,4.33,0.5,-2.9246004023571524,,
2022-12-17,6114.769000000001,8583413.0,342104.0,2126.54,3.48,4.17,-0.69,,22.6200008392334,104.6999969482422,3852.360107421875,3.5,6.404600402357152,,,,,2026-07-25 07:40:03,,2.13,-0.9670352160828344,4.33,0.5,-2.9246004023571524,,
2022-12-18,6114.769000000001,8583413.0,342104.0,2126.54,3.48,4.17,-0.69,,22.6200008392334,104.6999969482422,3852.360107421875,3.5,6.404600402357152,,,,,2026-07-25 07:40:03,,2.13,-0.9670352160828344,4.33,0.5,-2.9246004023571524,,
2022-12-19,6106.544000000002,8583413.0,342104.0,2134.765,3.57,4.25,-0.68,,22.420000076293945,104.72000122070312,3817.659912109375,3.5,6.404600402357152,,,,,2026-07-25 07:40:03,,2.15,-0.9670352160828344,4.33,0.5,-2.8346004023571525,,
2022-12-20,6081.901000000002,8583413.0,342104.0,2159.408,3.69,4.25,-0.56,,21.479999542236328,103.97000122070312,3821.6201171875,3.5,6.404600402357152,,,,,2026-07-25 07:40:03,,2.24,-0.9670352160828344,4.33,0.5,-2.7146004023571524,,
2022-12-21,5922.523999999999,8564411.0,434922.0,2206.965,3.68,4.21,-0.53,,20.06999969482422,104.16000366210938,3878.43994140625,3.5,6.404600402357152,,,,,2026-07-25 07:40:03,,2.27,-0.9670352160828344,4.33,0.5,-2.724600402357152,,
2022-12-22,5906.590999999999,8564411.0,434922.0,2222.898,3.67,4.24,-0.57,,21.969999313354492,104.43000030517578,3822.389892578125,3.5,6.404600402357152,,,,,2026-07-25 07:40:03,,2.19,-0.9670352160828344,4.33,0.5,-2.7346004023571524,,
2022-12-23,5913.141,8564411.0,434922.0,2216.348,3.75,4.31,-0.56,,20.8700008392334,104.30999755859376,3844.820068359375,3.5,6.404600402357152,,,,,2026-07-25 07:40:03,,2.2,-0.9670352160828344,4.33,0.5,-2.6546004023571523,,
2022-12-24,5913.141,8564411.0,434922.0,2216.348,3.75,4.31,-0.56,,20.8700008392334,104.30999755859376,3844.820068359375,3.5,6.404600402357152,,,,,2026-07-25 07:40:03,,2.2,-0.9670352160828344,4.33,0.5,-2.6546004023571523,,
2022-12-25,5913.141,8564411.0,434922.0,2216.348,3.75,4.31,-0.56,,20.8700008392334,104.30999755859376,3844.820068359375,3.5,6.404600402357152,,,,,2026-07-25 07:40:03,,2.2,-0.9670352160828344,4.33,0.5,-2.6546004023571523,,
2022-12-26,5913.141,8564411.0,434922.0,2216.348,3.75,4.31,-0.56,,20.8700008392334,104.30999755859376,3844.820068359375,3.5,6.404600402357152,,,,,2026-07-25 07:40:03,,2.2,-0.9670352160828344,4.33,0.5,-2.6546004023571523,,
2022-12-27,5908.23,8564411.0,434922.0,2221.259,3.84,4.32,-0.48,,21.649999618530273,104.18000030517578,3829.25,3.5,6.404600402357152,,,,,2026-07-25 07:40:03,,2.26,-0.9670352160828344,4.33,0.5,-2.5646004023571525,,
2022-12-28,5848.357,8551169.0,409809.0,2293.003,3.88,4.31,-0.43,,22.13999938964844,104.45999908447266,3783.219970703125,3.5,6.404600402357152,,,,,2026-07-25 07:40:03,,2.28,-0.9670352160828344,4.33,0.5,-2.5246004023571524,,
2022-12-29,5833.040999999999,8551169.0,409809.0,2308.319,3.83,4.34,-0.51,,21.440000534057617,103.83999633789062,3849.280029296875,3.5,6.404600402357152,,,,,2026-07-25 07:40:03,,2.27,-0.9670352160828344,4.33,0.5,-2.5746004023571523,,
2022-12-30,5587.644,8551169.0,409809.0,2553.716,3.88,4.41,-0.53,,21.670000076293945,103.5199966430664,3839.5,3.5,6.404600402357152,,,,,2026-07-25 07:40:03,,2.3,-0.9670352160828344,4.33,0.5,-2.5246004023571524,,
2022-12-31,5587.644,8551169.0,409809.0,2553.716,3.88,4.41,-0.53,,21.670000076293945,103.5199966430664,3839.5,3.5,6.404600402357152,,,,,2026-07-25 07:40:03,,2.3,-0.9670352160828344,4.33,0.5,-2.5246004023571524,,
2023-01-01,5587.644,8551169.0,409809.0,2553.716,3.88,4.41,-0.53,,21.670000076293945,103.5199966430664,3839.5,3.5,6.327178517960097,,,,,2026-07-25 07:40:03,,2.3,-1.71177829099306,4.33,0.5,-2.447178517960097,,
2023-01-02,5587.644,8551169.0,409809.0,2553.716,3.88,4.41,-0.53,,21.670000076293945,103.5199966430664,3839.5,3.5,6.327178517960097,,,,,2026-07-25 07:40:03,,2.3,-1.71177829099306,4.33,0.5,-2.447178517960097,,
2023-01-03,5953.088,8551169.0,409809.0,2188.272,3.79,4.4,-0.61,,22.899999618530273,104.5199966430664,3824.139892578125,3.5,6.327178517960097,,,,,2026-07-25 07:40:03,,2.26,-1.71177829099306,4.33,0.5,-2.537178517960097,,
2023-01-04,5898.267,8507429.0,379620.0,2229.542,3.69,4.36,-0.67,,22.010000228881836,104.25,3852.969970703125,3.5,6.327178517960097,,,,,2026-07-25 07:40:03,,2.22,-1.71177829099306,4.33,0.5,-2.637178517960097,,
2023-01-05,5885.323,8507429.0,379620.0,2242.486,3.71,4.45,-0.74,,22.459999084472656,105.04000091552734,3808.10009765625,3.5,6.327178517960097,,,,,2026-07-25 07:40:03,,2.22,-1.71177829099306,4.33,0.5,-2.617178517960097,,
2023-01-06,5919.544,8507429.0,379620.0,2208.265,3.55,4.24,-0.69,,21.1299991607666,103.87999725341795,3895.080078125,3.5,6.327178517960097,,,,,2026-07-25 07:40:03,,2.21,-1.71177829099306,4.33,0.5,-2.777178517960097,,
2023-01-07,5919.544,8507429.0,379620.0,2208.265,3.55,4.24,-0.69,,21.1299991607666,103.87999725341795,3895.080078125,3.5,6.327178517960097,,,,,2026-07-25 07:40:03,,2.21,-1.71177829099306,4.33,0.5,-2.777178517960097,,
2023-01-08,5919.544,8507429.0,379620.0,2208.265,3.55,4.24,-0.69,,21.1299991607666,103.87999725341795,3895.080078125,3.5,6.327178517960097,,,,,2026-07-25 07:40:03,,2.21,-1.71177829099306,4.33,0.5,-2.777178517960097,,
2023-01-09,5928.688,8507429.0,379620.0,2199.121,3.53,4.19,-0.66,,21.969999313354492,103.0,3892.090087890625,3.5,6.327178517960097,,,,,2026-07-25 07:40:03,,2.22,-1.71177829099306,4.33,0.5,-2.797178517960097,,
2023-01-10,5934.867,8507429.0,379620.0,2192.942,3.61,4.24,-0.63,,20.579999923706055,103.23999786376952,3919.25,3.5,6.327178517960097,,,,,2026-07-25 07:40:03,,2.24,-1.71177829099306,4.33,0.5,-2.717178517960097,,
2023-01-11,5962.990999999999,8508587.0,346426.0,2199.17,3.54,4.2,-0.66,,21.09000015258789,103.19000244140624,3969.610107421875,3.5,6.327178517960097,,,,,2026-07-25 07:40:03,,2.23,-1.71177829099306,4.33,0.5,-2.787178517960097,,
2023-01-12,5959.171999999999,8508587.0,346426.0,2202.989,3.43,4.12,-0.69,,18.829999923706055,102.25,3983.169921875,3.5,6.327178517960097,,,,,2026-07-25 07:40:03,,2.21,-1.71177829099306,4.33,0.5,-2.897178517960097,,
2023-01-13,5982.379999999999,8508587.0,346426.0,2179.781,3.49,4.22,-0.73,,18.350000381469727,102.1999969482422,3999.090087890625,3.5,6.327178517960097,,,,,2026-07-25 07:40:03,,2.18,-1.71177829099306,4.33,0.5,-2.837178517960097,,
2023-01-14,5982.379999999999,8508587.0,346426.0,2179.781,3.49,4.22,-0.73,,18.350000381469727,102.1999969482422,3999.090087890625,3.5,6.327178517960097,,,,,2026-07-25 07:40:03,,2.18,-1.71177829099306,4.33,0.0,-2.837178517960097,,
2023-01-15,5982.379999999999,8508587.0,346426.0,2179.781,3.49,4.22,-0.73,,18.350000381469727,102.1999969482422,3999.090087890625,3.5,6.327178517960097,,,,,2026-07-25 07:40:03,,2.18,-1.71177829099306,4.33,0.0,-2.837178517960097,,
2023-01-16,5982.379999999999,8508587.0,346426.0,2179.781,3.49,4.22,-0.73,,18.350000381469727,102.1999969482422,3999.090087890625,3.5,6.327178517960097,,,,,2026-07-25 07:40:03,,2.18,-1.71177829099306,4.33,0.0,-2.837178517960097,,
2023-01-17,6068.832999999999,8508587.0,346426.0,2093.328,3.53,4.18,-0.65,,19.36000061035156,102.38999938964844,3990.969970703125,3.5,6.327178517960097,,,,,2026-07-25 07:40:03,,2.17,-1.71177829099306,4.33,0.0,-2.797178517960097,,
2023-01-18,5979.861000000001,8489039.0,377500.0,2131.678,3.37,4.06,-0.69,,20.34000015258789,102.36000061035156,3928.860107421875,3.5,6.327178517960097,,,,,2026-07-25 07:40:03,,2.12,-1.71177829099306,4.33,0.0,-2.957178517960097,,
2023-01-19,6001.394,8489039.0,377500.0,2110.145,3.39,4.09,-0.7,,20.520000457763672,102.05999755859376,3898.85009765625,3.5,6.327178517960097,,,,,2026-07-25 07:40:03,,2.2,-1.71177829099306,4.33,0.0,-2.937178517960097,,
2023-01-20,6021.0160000000005,8489039.0,377500.0,2090.523,3.48,4.14,-0.66,,19.850000381469727,102.01000213623048,3972.610107421875,3.5,6.327178517960097,,,,,2026-07-25 07:40:03,,2.23,-1.71177829099306,4.33,0.0,-2.847178517960097,,
2023-01-21,6021.0160000000005,8489039.0,377500.0,2090.523,3.48,4.14,-0.66,,19.850000381469727,102.01000213623048,3972.610107421875,3.5,6.327178517960097,,,,,2026-07-25 07:40:03,,2.23,-1.71177829099306,4.33,0.0,-2.847178517960097,,
2023-01-22,6021.0160000000005,8489039.0,377500.0,2090.523,3.48,4.14,-0.66,,19.850000381469727,102.01000213623048,3972.610107421875,3.5,6.327178517960097,,,,,2026-07-25 07:40:03,,2.23,-1.71177829099306,4.33,0.0,-2.847178517960097,,
2023-01-23,5976.040000000001,8489039.0,377500.0,2135.499,3.52,4.21,-0.69,,19.809999465942383,102.13999938964844,4019.81005859375,3.5,6.327178517960097,,,,,2026-07-25 07:40:03,,2.28,-1.71177829099306,4.33,0.0,-2.807178517960097,,
2023-01-24,6063.153,8489039.0,377500.0,2048.386,3.46,4.12,-0.66,,19.200000762939453,101.91999816894533,4016.949951171875,3.5,6.327178517960097,,,,,2026-07-25 07:40:03,,2.27,-1.71177829099306,4.33,0.0,-2.867178517960097,,
2023-01-25,5866.374000000001,8470557.0,572622.0,2031.561,3.46,4.11,-0.65,,19.079999923706055,101.63999938964844,4016.219970703125,3.5,6.327178517960097,,,,,2026-07-25 07:40:03,,2.29,-1.71177829099306,4.33,0.0,-2.867178517960097,,
2023-01-26,5873.866,8470557.0,572622.0,2024.069,3.49,4.17,-0.68,,18.729999542236328,101.83999633789062,4060.429931640625,3.5,6.327178517960097,,,,,2026-07-25 07:40:03,,2.33,-1.71177829099306,4.33,0.0,-2.837178517960097,,
2023-01-27,5894.301,8470557.0,572622.0,2003.634,3.52,4.19,-0.67,,18.510000228881836,101.93000030517578,4070.56005859375,3.5,6.327178517960097,,,,,2026-07-25 07:40:03,,2.33,-1.71177829099306,4.33,0.0,-2.807178517960097,,
2023-01-28,5894.301,8470557.0,572622.0,2003.634,3.52,4.19,-0.67,,18.510000228881836,101.93000030517578,4070.56005859375,3.5,6.327178517960097,,,,,2026-07-25 07:40:03,,2.33,-1.71177829099306,4.33,0.0,-2.807178517960097,,
2023-01-29,5894.301,8470557.0,572622.0,2003.634,3.52,4.19,-0.67,,18.510000228881836,101.93000030517578,4070.56005859375,3.5,6.327178517960097,,,,,2026-07-25 07:40:04,,2.33,-1.71177829099306,4.33,0.0,-2.807178517960097,,
2023-01-30,5849.2210000000005,8470557.0,572622.0,2048.714,3.55,4.25,-0.7,,19.940000534057617,102.27999877929688,4017.77001953125,3.5,6.327178517960097,,,,,2026-07-25 07:40:04,,2.29,-1.71177829099306,4.33,0.0,-2.777178517960097,,
2023-01-31,5836.363,8470557.0,572622.0,2061.572,3.52,4.21,-0.69,,19.399999618530273,102.0999984741211,4076.60009765625,3.5,6.327178517960097,,,,,2026-07-25 07:40:04,,2.24,-1.71177829099306,4.33,0.0,-2.807178517960097,,
2023-02-01,5894.496000000001,8433610.0,500852.0,2038.262,3.39,4.09,-0.7,,17.8700008392334,101.22000122070312,4119.2099609375,3.6,5.957820738137087,,,,,2026-07-25 07:40:04,,2.25,-2.219583149211968,4.33,0.0,-2.567820738137087,,
2023-02-02,5882.695000000001,8433610.0,500852.0,2050.063,3.4,4.09,-0.69,,18.729999542236328,101.75,4179.759765625,3.6,5.957820738137087,,,,,2026-07-25 07:40:04,,2.22,-2.219583149211968,4.58,0.25,-2.557820738137087,,
2023-02-03,5891.541000000001,8433610.0,500852.0,2041.217,3.53,4.3,-0.77,,18.329999923706055,102.91999816894533,4136.47998046875,3.6,5.957820738137087,,,,,2026-07-25 07:40:04,,2.22,-2.219583149211968,4.58,0.25,-2.4278207381370875,,
2023-02-04,5891.541000000001,8433610.0,500852.0,2041.217,3.53,4.3,-0.77,,18.329999923706055,102.91999816894533,4136.47998046875,3.6,5.957820738137087,,,,,2026-07-25 07:40:04,,2.22,-2.219583149211968,4.58,0.25,-2.4278207381370875,,
2023-02-05,5891.541000000001,8433610.0,500852.0,2041.217,3.53,4.3,-0.77,,18.329999923706055,102.91999816894533,4136.47998046875,3.6,5.957820738137087,,,,,2026-07-25 07:40:04,,2.22,-2.219583149211968,4.58,0.25,-2.4278207381370875,,
2023-02-06,5860.497000000001,8433610.0,500852.0,2072.261,3.63,4.44,-0.81,,19.43000030517578,103.62000274658205,4111.080078125,3.6,5.957820738137087,,,,,2026-07-25 07:40:04,,2.25,-2.219583149211968,4.58,0.25,-2.3278207381370875,,
2023-02-07,5874.800000000001,8433610.0,500852.0,2057.958,3.67,4.47,-0.8,,18.65999984741211,103.43000030517578,4164.0,3.6,5.957820738137087,,,,,2026-07-25 07:40:04,,2.31,-2.219583149211968,4.58,0.25,-2.2878207381370874,,
2023-02-08,5879.9270000000015,8435369.0,495838.0,2059.604,3.63,4.45,-0.82,,19.6299991607666,103.41000366210938,4117.85986328125,3.6,5.957820738137087,,,,,2026-07-25 07:40:04,,2.34,-2.219583149211968,4.58,0.25,-2.3278207381370875,,
2023-02-09,5880.589000000001,8435369.0,495838.0,2058.942,3.67,4.48,-0.81,,20.709999084472656,103.22000122070312,4081.5,3.6,5.957820738137087,,,,,2026-07-25 07:40:04,,2.33,-2.219583149211968,4.57,0.2400000000000002,-2.2878207381370874,,
2023-02-10,5896.638000000001,8435369.0,495838.0,2042.893,3.74,4.5,-0.76,,20.530000686645508,103.62999725341795,4090.4599609375,3.6,5.957820738137087,,,,,2026-07-25 07:40:04,,2.33,-2.219583149211968,4.58,0.25,-2.217820738137087,,
2023-02-11,5896.638000000001,8435369.0,495838.0,2042.893,3.74,4.5,-0.76,,20.530000686645508,103.62999725341795,4090.4599609375,3.6,5.957820738137087,,,,,2026-07-25 07:40:04,,2.33,-2.219583149211968,4.58,0.25,-2.217820738137087,,
2023-02-12,5896.638000000001,8435369.0,495838.0,2042.893,3.74,4.5,-0.76,,20.530000686645508,103.62999725341795,4090.4599609375,3.6,5.957820738137087,,,,,2026-07-25 07:40:04,,2.33,-2.219583149211968,4.58,0.25,-2.217820738137087,,
2023-02-13,5831.756000000001,8435369.0,495838.0,2107.775,3.72,4.52,-0.8,,20.34000015258789,103.3499984741211,4137.2900390625,3.6,5.957820738137087,,,,,2026-07-25 07:40:04,,2.31,-2.219583149211968,4.58,0.25,-2.237820738137087,,
2023-02-14,5862.983000000001,8435369.0,495838.0,2076.548,3.77,4.6,-0.83,,18.90999984741211,103.2300033569336,4136.1298828125,3.6,5.957820738137087,,,,,2026-07-25 07:40:04,,2.31,-2.219583149211968,4.58,0.25,-2.1878207381370873,,
2023-02-15,5933.066000000001,8384767.0,439703.0,2011.998,3.81,4.62,-0.81,,18.229999542236328,103.91999816894533,4147.60009765625,3.6,5.957820738137087,,,,,2026-07-25 07:40:04,,2.35,-2.219583149211968,4.58,0.25,-2.1478207381370873,,
2023-02-16,5912.607,8384767.0,439703.0,2032.457,3.86,4.62,-0.76,,20.170000076293945,103.86000061035156,4090.409912109375,3.6,5.957820738137087,,,,,2026-07-25 07:40:04,,2.37,-2.219583149211968,4.58,0.25,-2.0978207381370875,,
2023-02-17,5885.402,8384767.0,439703.0,2059.662,3.82,4.6,-0.78,,20.020000457763672,103.86000061035156,4079.090087890625,3.6,5.957820738137087,,,,,2026-07-25 07:40:04,,2.36,-2.219583149211968,4.58,0.25,-2.1378207381370875,,
2023-02-18,5885.402,8384767.0,439703.0,2059.662,3.82,4.6,-0.78,,20.020000457763672,103.86000061035156,4079.090087890625,3.6,5.957820738137087,,,,,2026-07-25 07:40:04,,2.36,-2.219583149211968,4.58,0.25,-2.1378207381370875,,
2023-02-19,5885.402,8384767.0,439703.0,2059.662,3.82,4.6,-0.78,,20.020000457763672,103.86000061035156,4079.090087890625,3.6,5.957820738137087,,,,,2026-07-25 07:40:04,,2.36,-2.219583149211968,4.58,0.25,-2.1378207381370875,,
2023-02-20,5885.402,8384767.0,439703.0,2059.662,3.82,4.6,-0.78,,20.020000457763672,103.86000061035156,4079.090087890625,3.6,5.957820738137087,,,,,2026-07-25 07:40:04,,2.36,-2.219583149211968,4.58,0.25,-2.1378207381370875,,
2023-02-21,5899.0,8384767.0,439703.0,2046.064,3.95,4.67,-0.72,,22.8700008392334,104.18000030517578,3997.340087890625,3.6,5.957820738137087,,,,,2026-07-25 07:40:04,,2.42,-2.219583149211968,4.58,0.25,-2.007820738137087,,
2023-02-22,5817.034000000001,8382190.0,451307.0,2113.849,3.93,4.66,-0.73,,22.290000915527344,104.58999633789062,3991.050048828125,3.6,5.957820738137087,,,,,2026-07-25 07:40:04,,2.41,-2.219583149211968,4.58,0.25,-2.027820738137087,,
2023-02-23,5783.466,8382190.0,451307.0,2147.417,3.88,4.66,-0.78,,21.13999938964844,104.5999984741211,4012.320068359375,3.6,5.957820738137087,,,,,2026-07-25 07:40:04,,2.39,-2.219583149211968,4.58,0.25,-2.0778207381370875,,
2023-02-24,5788.742,8382190.0,451307.0,2142.141,3.95,4.78,-0.83,,21.670000076293945,105.20999908447266,3970.0400390625,3.6,5.957820738137087,,,,,2026-07-25 07:40:05,,2.38,-2.219583149211968,4.58,0.25,-2.007820738137087,,
2023-02-25,5788.742,8382190.0,451307.0,2142.141,3.95,4.78,-0.83,,21.670000076293945,105.20999908447266,3970.0400390625,3.6,5.957820738137087,,,,,2026-07-25 07:40:05,,2.38,-2.219583149211968,4.58,0.25,-2.007820738137087,,
2023-02-26,5788.742,8382190.0,451307.0,2142.141,3.95,4.78,-0.83,,21.670000076293945,105.20999908447266,3970.0400390625,3.6,5.957820738137087,,,,,2026-07-25 07:40:05,,2.38,-2.219583149211968,4.58,0.25,-2.007820738137087,,
2023-02-27,5768.448,8382190.0,451307.0,2162.435,3.92,4.78,-0.86,,20.950000762939453,104.66999816894533,3982.239990234375,3.6,5.957820738137087,,,,,2026-07-25 07:40:05,,2.36,-2.219583149211968,4.57,0.2400000000000002,-2.0378207381370874,,
2023-02-28,5742.848000000001,8382190.0,451307.0,2188.035,3.92,4.81,-0.89,,20.700000762939453,104.87000274658205,3970.14990234375,3.6,5.957820738137087,,,,,2026-07-25 07:40:05,,2.43,-2.219583149211968,4.57,0.2400000000000002,-2.0378207381370874,,
2023-03-01,5854.718999999999,8339684.0,351015.0,2133.95,4.01,4.89,-0.88,,20.579999923706055,104.4800033569336,3951.389892578125,3.5,4.917719362889961,,,,,2026-07-25 07:40:05,,2.44,-3.8564458458982265,4.58,0.25,-0.9077193628899608,,
2023-03-02,5796.3139999999985,8339684.0,351015.0,2192.355,4.08,4.89,-0.81,,19.59000015258789,105.02999877929688,3981.35009765625,3.5,4.917719362889961,,,,,2026-07-25 07:40:05,,2.48,-3.8564458458982265,4.57,0.2400000000000002,-0.8377193628899606,,
2023-03-03,5802.518999999998,8339684.0,351015.0,2186.15,3.97,4.86,-0.89,,18.489999771118164,104.5199966430664,4045.639892578125,3.5,4.917719362889961,,,,,2026-07-25 07:40:05,,2.52,-3.8564458458982265,4.57,0.2400000000000002,-0.9477193628899604,,
2023-03-04,5802.518999999998,8339684.0,351015.0,2186.15,3.97,4.86,-0.89,,18.489999771118164,104.5199966430664,4045.639892578125,3.5,4.917719362889961,,,,,2026-07-25 07:40:05,,2.52,-3.8564458458982265,4.57,-0.0099999999999997,-0.9477193628899604,,
2023-03-05,5802.518999999998,8339684.0,351015.0,2186.15,3.97,4.86,-0.89,,18.489999771118164,104.5199966430664,4045.639892578125,3.5,4.917719362889961,,,,,2026-07-25 07:40:05,,2.52,-3.8564458458982265,4.57,-0.0099999999999997,-0.9477193628899604,,
2023-03-06,5797.875999999998,8339684.0,351015.0,2190.793,3.98,4.89,-0.91,,18.61000061035156,104.3499984741211,4048.419921875,3.5,4.917719362889961,,,,,2026-07-25 07:40:05,,2.49,-3.8564458458982265,4.57,-0.0099999999999997,-0.9377193628899608,,
2023-03-07,5818.473999999998,8339684.0,351015.0,2170.195,3.97,5.0,-1.03,,19.59000015258789,105.62000274658205,3986.3701171875,3.5,4.917719362889961,,,,,2026-07-25 07:40:05,,2.38,-3.8564458458982265,4.57,-0.0099999999999997,-0.9477193628899604,,
2023-03-08,5837.315,8342283.0,311731.0,2193.237,3.98,5.05,-1.07,,19.11000061035156,105.66000366210938,3992.010009765625,3.5,4.917719362889961,,,,,2026-07-25 07:40:05,,2.32,-3.8564458458982265,4.57,-0.0099999999999997,-0.9377193628899608,,
2023-03-09,5800.929,8342283.0,311731.0,2229.623,3.93,4.9,-0.97,,22.61000061035156,105.30999755859376,3918.320068359375,3.5,4.917719362889961,,,,,2026-07-25 07:40:05,,2.3,-3.8564458458982265,4.57,-0.0099999999999997,-0.9877193628899604,,
2023-03-10,5842.177,8342283.0,311731.0,2188.375,3.7,4.6,-0.9,,24.799999237060547,104.58000183105467,3861.590087890625,3.5,4.917719362889961,,,,,2026-07-25 07:40:05,,2.26,-3.8564458458982265,4.57,-0.0099999999999997,-1.2177193628899603,,
2023-03-11,5842.177,8342283.0,311731.0,2188.375,3.7,4.6,-0.9,,24.799999237060547,104.58000183105467,3861.590087890625,3.5,4.917719362889961,,,,,2026-07-25 07:40:05,,2.26,-3.8564458458982265,4.57,0.0,-1.2177193628899603,,
2023-03-12,5842.177,8342283.0,311731.0,2188.375,3.7,4.6,-0.9,,24.799999237060547,104.58000183105467,3861.590087890625,3.5,4.917719362889961,,,,,2026-07-25 07:40:05,,2.26,-3.8564458458982265,4.57,-0.0099999999999997,-1.2177193628899603,,
2023-03-13,5903.875,8342283.0,311731.0,2126.677,3.55,4.03,-0.48,,26.520000457763672,103.5999984741211,3855.760009765625,3.5,4.917719362889961,,,,,2026-07-25 07:40:05,,2.24,-3.8564458458982265,4.58,0.0,-1.3677193628899609,,
2023-03-14,5987.973,8342283.0,311731.0,2042.579,3.64,4.2,-0.56,,23.729999542236328,103.5999984741211,3919.2900390625,3.5,4.917719362889961,,,,,2026-07-25 07:40:05,,2.31,-3.8564458458982265,4.58,0.0,-1.2777193628899606,,
2023-03-15,6305.833999999999,8639300.0,277643.0,2055.823,3.51,3.93,-0.42,,26.13999938964844,104.6500015258789,3891.929931640625,3.5,4.917719362889961,,,,,2026-07-25 07:40:05,,2.29,-3.8564458458982265,4.58,0.0,-1.407719362889961,,
2023-03-16,6295.338,8639300.0,277643.0,2066.319,3.56,4.14,-0.58,,22.989999771118164,104.41999816894533,3960.280029296875,3.5,4.917719362889961,,,,,2026-07-25 07:40:05,,2.22,-3.8564458458982265,4.58,0.0,-1.3577193628899606,,
2023-03-17,6255.490999999999,8639300.0,277643.0,2106.166,3.39,3.81,-0.42,,25.510000228881836,103.70999908447266,3916.639892578125,3.5,4.917719362889961,,,,,2026-07-25 07:40:05,,2.1,-3.8564458458982265,4.58,0.0,-1.5277193628899606,,
2023-03-18,6255.490999999999,8639300.0,277643.0,2106.166,3.39,3.81,-0.42,,25.510000228881836,103.70999908447266,3916.639892578125,3.5,4.917719362889961,,,,,2026-07-25 07:40:05,,2.1,-3.8564458458982265,4.58,0.0,-1.5277193628899606,,
2023-03-19,6255.490999999999,8639300.0,277643.0,2106.166,3.39,3.81,-0.42,,25.510000228881836,103.70999908447266,3916.639892578125,3.5,4.917719362889961,,,,,2026-07-25 07:40:05,,2.1,-3.8564458458982265,4.58,0.0,-1.5277193628899606,,
2023-03-20,6263.263999999999,8639300.0,277643.0,2098.393,3.47,3.92,-0.45,,24.149999618530273,103.27999877929688,3951.570068359375,3.5,4.917719362889961,,,,,2026-07-25 07:40:05,,2.14,-3.8564458458982265,4.58,0.0,-1.4477193628899605,,
2023-03-21,6167.026,8639300.0,277643.0,2194.631,3.59,4.17,-0.58,,21.3799991607666,103.26000213623048,4002.8701171875,3.5,4.917719362889961,,,,,2026-07-25 07:40:05,,2.23,-3.8564458458982265,4.58,0.0,-1.3277193628899608,,
2023-03-22,6254.323,8733787.0,199856.0,2279.608,3.48,3.96,-0.48,,22.260000228881836,102.3499984741211,3936.969970703125,3.5,4.917719362889961,,,,,2026-07-25 07:40:05,,2.28,-3.8564458458982265,4.58,0.0,-1.4377193628899607,,
2023-03-23,6299.975,8733787.0,199856.0,2233.956,3.38,3.76,-0.38,,22.61000061035156,102.52999877929688,3948.719970703125,3.5,4.917719362889961,,,,,2026-07-25 07:40:05,,2.19,-3.8564458458982265,4.83,0.25,-1.5377193628899608,,
2023-03-24,6315.473,8733787.0,199856.0,2218.458,3.38,3.76,-0.38,,21.739999771118164,103.12000274658205,3970.989990234375,3.5,4.917719362889961,,,,,2026-07-25 07:40:05,,2.22,-3.8564458458982265,4.83,0.25,-1.5377193628899608,,
2023-03-25,6315.473,8733787.0,199856.0,2218.458,3.38,3.76,-0.38,,21.739999771118164,103.12000274658205,3970.989990234375,3.5,4.917719362889961,,,,,2026-07-25 07:40:05,,2.22,-3.8564458458982265,4.83,0.25,-1.5377193628899608,,
2023-03-26,6315.473,8733787.0,199856.0,2218.458,3.38,3.76,-0.38,,21.739999771118164,103.12000274658205,3970.989990234375,3.5,4.917719362889961,,,,,2026-07-25 07:40:05,,2.22,-3.8564458458982265,4.83,0.25,-1.5377193628899608,,
2023-03-27,6313.800000000001,8733787.0,199856.0,2220.131,3.53,3.94,-0.41,,20.600000381469727,102.86000061035156,3977.530029296875,3.5,4.917719362889961,,,,,2026-07-25 07:40:05,,2.24,-3.8564458458982265,4.83,0.25,-1.387719362889961,,
2023-03-28,6302.182000000001,8733787.0,199856.0,2231.749,3.55,4.02,-0.47,,19.969999313354492,102.43000030517578,3971.27001953125,3.5,4.917719362889961,,,,,2026-07-25 07:40:05,,2.31,-3.8564458458982265,4.83,0.25,-1.3677193628899609,,
2023-03-29,6278.321999999999,8705942.0,162758.0,2264.862,3.57,4.08,-0.51,,19.1200008392334,102.63999938964844,4027.81005859375,3.5,4.917719362889961,,,,,2026-07-25 07:40:05,,2.33,-3.8564458458982265,4.83,0.2599999999999998,-1.3477193628899609,,
2023-03-30,6271.652999999999,8705942.0,162758.0,2271.531,3.55,4.1,-0.55,,19.020000457763672,102.13999938964844,4050.830078125,3.5,4.917719362889961,,,,,2026-07-25 07:40:05,,2.34,-3.8564458458982265,4.83,0.2599999999999998,-1.3677193628899609,,
2023-03-31,6168.012999999999,8705942.0,162758.0,2375.171,3.48,4.06,-0.58,,18.700000762939453,102.51000213623048,4109.31005859375,3.5,4.917719362889961,,,,,2026-07-25 07:40:05,,2.32,-3.8564458458982265,4.83,0.25,-1.4377193628899607,,
2023-04-01,6168.012999999999,8705942.0,162758.0,2375.171,3.48,4.06,-0.58,,18.700000762939453,102.51000213623048,4109.31005859375,3.4,4.950079879124369,,,,,2026-07-25 07:40:05,,2.32,-4.6308120572914335,4.83,0.2599999999999998,-1.4700798791243694,,
2023-04-02,6168.012999999999,8705942.0,162758.0,2375.171,3.48,4.06,-0.58,,18.700000762939453,102.51000213623048,4109.31005859375,3.4,4.950079879124369,,,,,2026-07-25 07:40:05,,2.32,-4.6308120572914335,4.83,0.2599999999999998,-1.4700798791243694,,
2023-04-03,6322.173999999999,8705942.0,162758.0,2221.01,3.43,3.97,-0.54,,18.549999237060547,102.08999633789062,4124.509765625,3.4,4.950079879124369,,,,,2026-07-25 07:40:05,,2.29,-4.6308120572914335,4.83,0.2599999999999998,-1.5200798791243693,,
2023-04-04,6323.808999999999,8705942.0,162758.0,2219.375,3.35,3.84,-0.49,,19.0,101.58999633789062,4100.60009765625,3.4,4.950079879124369,,,,,2026-07-25 07:40:05,,2.25,-4.6308120572914335,4.83,0.2599999999999998,-1.600079879124369,,
2023-04-05,6248.6849999999995,8632384.0,140688.0,2243.011,3.3,3.79,-0.49,,19.079999923706055,101.8499984741211,4090.3798828125,3.4,4.950079879124369,,,,,2026-07-25 07:40:05,,2.23,-4.6308120572914335,4.83,0.2599999999999998,-1.6500798791243696,,
2023-04-06,6318.032999999999,8632384.0,140688.0,2173.663,3.3,3.82,-0.52,,18.399999618530273,101.81999969482422,4105.02001953125,3.4,4.950079879124369,,,,,2026-07-25 07:40:05,,2.24,-4.6308120572914335,4.83,0.2599999999999998,-1.6500798791243696,,
2023-04-07,6318.032999999999,8632384.0,140688.0,2173.663,3.39,3.97,-0.58,,18.399999618530273,101.81999969482422,4105.02001953125,3.4,4.950079879124369,,,,,2026-07-25 07:40:05,,2.25,-4.6308120572914335,4.83,0.2599999999999998,-1.5600798791243693,,
2023-04-08,6318.032999999999,8632384.0,140688.0,2173.663,3.39,3.97,-0.58,,18.399999618530273,101.81999969482422,4105.02001953125,3.4,4.950079879124369,,,,,2026-07-25 07:40:05,,2.25,-4.6308120572914335,4.83,0.2599999999999998,-1.5600798791243693,,
2023-04-09,6318.032999999999,8632384.0,140688.0,2173.663,3.39,3.97,-0.58,,18.399999618530273,101.81999969482422,4105.02001953125,3.4,4.950079879124369,,,,,2026-07-25 07:40:05,,2.25,-4.6308120572914335,4.83,0.2599999999999998,-1.5600798791243693,,
2023-04-10,6252.040999999999,8632384.0,140688.0,2239.655,3.41,4.0,-0.59,,18.969999313354492,102.58000183105467,4109.10986328125,3.4,4.950079879124369,,,,,2026-07-25 07:40:05,,2.27,-4.6308120572914335,4.83,0.2599999999999998,-1.5400798791243693,,
2023-04-11,6194.487999999999,8632384.0,140688.0,2297.208,3.43,4.03,-0.6,,19.100000381469727,102.1999969482422,4108.93994140625,3.4,4.950079879124369,,,,,2026-07-25 07:40:05,,2.29,-4.6308120572914335,4.83,0.2599999999999998,-1.5200798791243693,,
2023-04-12,6224.381,8614797.0,86554.0,2303.862,3.41,3.95,-0.54,,19.09000015258789,101.5,4091.949951171875,3.4,4.950079879124369,,,,,2026-07-25 07:40:05,,2.27,-4.6308120572914335,4.83,0.25,-1.5400798791243693,,
2023-04-13,6206.544,8614797.0,86554.0,2321.699,3.45,3.96,-0.51,,17.799999237060547,101.01000213623048,4146.22021484375,3.4,4.950079879124369,,,,,2026-07-25 07:40:05,,2.29,-4.6308120572914335,4.83,0.25,-1.5000798791243692,,
2023-04-14,6274.457,8614797.0,86554.0,2253.786,3.52,4.08,-0.56,,17.06999969482422,101.5500030517578,4137.64013671875,3.4,4.950079879124369,,,,,2026-07-25 07:40:05,,2.3,-4.6308120572914335,4.83,0.25,-1.4300798791243694,,
2023-04-15,6274.457,8614797.0,86554.0,2253.786,3.52,4.08,-0.56,,17.06999969482422,101.5500030517578,4137.64013671875,3.4,4.950079879124369,,,,,2026-07-25 07:40:05,,2.3,-4.6308120572914335,4.83,0.25,-1.4300798791243694,,
2023-04-16,6274.457,8614797.0,86554.0,2253.786,3.52,4.08,-0.56,,17.06999969482422,101.5500030517578,4137.64013671875,3.4,4.950079879124369,,,,,2026-07-25 07:40:05,,2.3,-4.6308120572914335,4.83,0.25,-1.4300798791243694,,
2023-04-17,6271.398000000001,8614797.0,86554.0,2256.845,3.6,4.18,-0.58,,16.950000762939453,102.0999984741211,4151.31982421875,3.4,4.950079879124369,,,,,2026-07-25 07:40:05,,2.32,-4.6308120572914335,4.83,0.25,-1.350079879124369,,
2023-04-18,6289.249,8614797.0,86554.0,2238.994,3.58,4.19,-0.61,,16.829999923706055,101.75,4154.8701171875,3.4,4.950079879124369,,,,,2026-07-25 07:40:06,,2.28,-4.6308120572914335,4.83,0.25,-1.3700798791243691,,
2023-04-19,6033.491000000002,8593263.0,265095.0,2294.677,3.6,4.24,-0.64,,16.459999084472656,101.97000122070312,4154.52001953125,3.4,4.950079879124369,,,,,2026-07-25 07:40:06,,2.28,-4.6308120572914335,4.83,0.25,-1.350079879124369,,
2023-04-20,6050.9090000000015,8593263.0,265095.0,2277.259,3.54,4.14,-0.6,,17.170000076293945,101.83999633789062,4129.7900390625,3.4,4.950079879124369,,,,,2026-07-25 07:40:06,,2.26,-4.6308120572914335,4.83,0.25,-1.4100798791243694,,
2023-04-21,6038.145000000001,8593263.0,265095.0,2290.023,3.57,4.17,-0.6,,16.770000457763672,101.81999969482422,4133.52001953125,3.4,4.950079879124369,,,,,2026-07-25 07:40:06,,2.28,-4.6308120572914335,4.83,0.25,-1.3800798791243696,,
2023-04-22,6038.145000000001,8593263.0,265095.0,2290.023,3.57,4.17,-0.6,,16.770000457763672,101.81999969482422,4133.52001953125,3.4,4.950079879124369,,,,,2026-07-25 07:40:06,,2.28,-4.6308120572914335,4.83,0.0,-1.3800798791243696,,
2023-04-23,6038.145000000001,8593263.0,265095.0,2290.023,3.57,4.17,-0.6,,16.770000457763672,101.81999969482422,4133.52001953125,3.4,4.950079879124369,,,,,2026-07-25 07:40:06,,2.28,-4.6308120572914335,4.83,0.0,-1.3800798791243696,,
2023-04-24,6019.630000000001,8593263.0,265095.0,2308.538,3.52,4.12,-0.6,,16.889999389648438,101.3499984741211,4137.0400390625,3.4,4.950079879124369,,,,,2026-07-25 07:40:06,,2.28,-4.6308120572914335,4.83,0.0,-1.4300798791243694,,
2023-04-25,6052.766000000001,8593263.0,265095.0,2275.402,3.4,3.86,-0.46,,18.760000228881836,101.86000061035156,4071.6298828125,3.4,4.950079879124369,,,,,2026-07-25 07:40:06,,2.25,-4.6308120572914335,4.83,0.0,-1.5500798791243695,,
2023-04-26,5986.998,8562768.0,296209.0,2279.561,3.43,3.9,-0.47,,18.84000015258789,101.47000122070312,4055.989990234375,3.4,4.950079879124369,,,,,2026-07-25 07:40:06,,2.25,-4.6308120572914335,4.83,0.0,-1.5200798791243693,,
2023-04-27,5992.633,8562768.0,296209.0,2273.926,3.53,4.07,-0.54,,17.030000686645508,101.5,4135.35009765625,3.4,4.950079879124369,,,,,2026-07-25 07:40:06,,2.27,-4.6308120572914335,4.83,0.0,-1.4200798791243696,,
2023-04-28,5941.08,8562768.0,296209.0,2325.479,3.44,4.04,-0.6,,15.779999732971191,101.66999816894533,4169.47998046875,3.4,4.950079879124369,,,,,2026-07-25 07:40:06,,2.18,-4.6308120572914335,4.83,0.0,-1.5100798791243697,,
2023-04-29,5941.08,8562768.0,296209.0,2325.479,3.44,4.04,-0.6,,15.779999732971191,101.66999816894533,4169.47998046875,3.4,4.950079879124369,,,,,2026-07-25 07:40:06,,2.18,-4.6308120572914335,4.83,0.0,-1.5100798791243697,,
2023-04-30,5941.08,8562768.0,296209.0,2325.479,3.44,4.04,-0.6,,15.779999732971191,101.66999816894533,4169.47998046875,3.4,4.950079879124369,,,,,2026-07-25 07:40:06,,2.18,-4.6308120572914335,4.83,0.0,-1.5100798791243697,,
2023-05-01,6026.692999999999,8562768.0,296209.0,2239.866,3.59,4.14,-0.55,,16.079999923706055,102.1500015258789,4167.8701171875,3.6,4.131851231385042,,,,,2026-07-25 07:40:06,,2.23,-4.095915134995776,4.83,0.0,-0.5418512313850421,,
2023-05-02,5999.428999999999,8562768.0,296209.0,2267.13,3.44,3.97,-0.53,,17.780000686645508,101.95999908447266,4119.580078125,3.6,4.131851231385042,,,,,2026-07-25 07:40:06,,2.2,-4.095915134995776,4.83,0.0,-0.691851231385042,,
2023-05-03,6057.463000000002,8503994.0,188309.0,2258.222,3.38,3.89,-0.51,,18.34000015258789,101.33999633789062,4090.75,3.6,4.131851231385042,,,,,2026-07-25 07:40:06,,2.2,-4.095915134995776,4.83,0.0,-0.7518512313850421,,
2023-05-04,6073.286000000002,8503994.0,188309.0,2242.399,3.37,3.75,-0.38,,20.09000015258789,101.4000015258789,4061.219970703125,3.6,4.131851231385042,,,,,2026-07-25 07:40:06,,2.19,-4.095915134995776,5.08,0.25,-0.7618512313850418,,
2023-05-05,6108.270000000001,8503994.0,188309.0,2207.415,3.44,3.92,-0.48,,17.190000534057617,101.20999908447266,4136.25,3.6,4.131851231385042,,,,,2026-07-25 07:40:06,,2.21,-4.095915134995776,5.08,0.25,-0.691851231385042,,
2023-05-06,6108.270000000001,8503994.0,188309.0,2207.415,3.44,3.92,-0.48,,17.190000534057617,101.20999908447266,4136.25,3.6,4.131851231385042,,,,,2026-07-25 07:40:06,,2.21,-4.095915134995776,5.08,0.25,-0.691851231385042,,
2023-05-07,6108.270000000001,8503994.0,188309.0,2207.415,3.44,3.92,-0.48,,17.190000534057617,101.20999908447266,4136.25,3.6,4.131851231385042,,,,,2026-07-25 07:40:06,,2.21,-4.095915134995776,5.08,0.25,-0.691851231385042,,
2023-05-08,6098.084000000001,8503994.0,188309.0,2217.601,3.52,4.0,-0.48,,16.979999542236328,101.37000274658205,4138.1201171875,3.6,4.131851231385042,,,,,2026-07-25 07:40:06,,2.23,-4.095915134995776,5.08,0.25,-0.6118512313850419,,
2023-05-09,6092.821000000002,8503994.0,188309.0,2222.864,3.53,4.01,-0.48,,17.709999084472656,101.63999938964844,4119.169921875,3.6,4.131851231385042,,,,,2026-07-25 07:40:06,,2.23,-4.095915134995776,5.08,0.25,-0.6018512313850422,,
2023-05-10,6115.0599999999995,8503017.0,154808.0,2233.149,3.43,3.9,-0.47,,16.940000534057617,101.4800033569336,4137.64013671875,3.6,4.131851231385042,,,,,2026-07-25 07:40:06,,2.17,-4.095915134995776,5.08,0.25,-0.7018512313850418,,
2023-05-11,6105.9659999999985,8503017.0,154808.0,2242.243,3.39,3.89,-0.5,,16.93000030517578,102.05999755859376,4130.6201171875,3.6,4.131851231385042,,,,,2026-07-25 07:40:06,,2.16,-4.095915134995776,5.08,0.25,-0.7418512313850418,,
2023-05-12,6119.009999999998,8503017.0,154808.0,2229.199,3.46,3.98,-0.52,,17.030000686645508,102.68000030517578,4124.080078125,3.6,4.131851231385042,,,,,2026-07-25 07:40:06,,2.18,-4.095915134995776,5.08,0.25,-0.671851231385042,,
2023-05-13,6119.009999999998,8503017.0,154808.0,2229.199,3.46,3.98,-0.52,,17.030000686645508,102.68000030517578,4124.080078125,3.6,4.131851231385042,,,,,2026-07-25 07:40:06,,2.18,-4.095915134995776,5.08,0.25,-0.671851231385042,,
2023-05-14,6119.009999999998,8503017.0,154808.0,2229.199,3.46,3.98,-0.52,,17.030000686645508,102.68000030517578,4124.080078125,3.6,4.131851231385042,,,,,2026-07-25 07:40:06,,2.18,-4.095915134995776,5.08,0.25,-0.671851231385042,,
2023-05-15,6127.281999999999,8503017.0,154808.0,2220.927,3.5,3.99,-0.49,,17.1200008392334,102.43000030517578,4136.27978515625,3.6,4.131851231385042,,,,,2026-07-25 07:40:06,,2.19,-4.095915134995776,5.08,0.25,-0.631851231385042,,
2023-05-16,6144.994999999999,8503017.0,154808.0,2203.214,3.54,4.06,-0.52,,17.989999771118164,102.55999755859376,4109.89990234375,3.6,4.131851231385042,,,,,2026-07-25 07:40:06,,2.19,-4.095915134995776,5.08,0.25,-0.5918512313850419,,
2023-05-17,6174.752,8456760.0,68332.0,2213.676,3.57,4.12,-0.55,,16.8700008392334,102.87999725341795,4158.77001953125,3.6,4.131851231385042,,,,,2026-07-25 07:40:06,,2.22,-4.095915134995776,5.08,0.25,-0.5618512313850421,,
2023-05-18,6150.162,8456760.0,68332.0,2238.266,3.65,4.24,-0.59,,16.049999237060547,103.58000183105467,4198.0498046875,3.6,4.131851231385042,,,,,2026-07-25 07:40:06,,2.23,-4.095915134995776,5.08,0.25,-0.481851231385042,,
2023-05-19,6111.7080000000005,8456760.0,68332.0,2276.72,3.7,4.28,-0.58,,16.809999465942383,103.1999969482422,4191.97998046875,3.6,4.131851231385042,,,,,2026-07-25 07:40:06,,2.24,-4.095915134995776,5.08,0.25,-0.4318512313850418,,
2023-05-20,6111.7080000000005,8456760.0,68332.0,2276.72,3.7,4.28,-0.58,,16.809999465942383,103.1999969482422,4191.97998046875,3.6,4.131851231385042,,,,,2026-07-25 07:40:06,,2.24,-4.095915134995776,5.08,0.25,-0.4318512313850418,,
2023-05-21,6111.7080000000005,8456760.0,68332.0,2276.72,3.7,4.28,-0.58,,16.809999465942383,103.1999969482422,4191.97998046875,3.6,4.131851231385042,,,,,2026-07-25 07:40:06,,2.24,-4.095915134995776,5.08,0.25,-0.4318512313850418,,
2023-05-22,6113.117,8456760.0,68332.0,2275.311,3.72,4.29,-0.57,,17.209999084472656,103.1999969482422,4192.6298828125,3.6,4.131851231385042,,,,,2026-07-25 07:40:06,,2.24,-4.095915134995776,5.08,0.25,-0.4118512313850417,,
2023-05-23,6131.739,8456760.0,68332.0,2256.689,3.7,4.26,-0.56,,18.530000686645508,103.48999786376952,4145.580078125,3.6,4.131851231385042,,,,,2026-07-25 07:40:06,,2.26,-4.095915134995776,5.08,0.25,-0.4318512313850418,,
2023-05-24,6136.072999999999,8436255.0,49473.0,2250.709,3.73,4.31,-0.58,,20.030000686645508,103.88999938964844,4115.240234375,3.6,4.131851231385042,,,,,2026-07-25 07:40:06,,2.25,-4.095915134995776,5.08,0.25,-0.401851231385042,,
2023-05-25,6189.143999999999,8436255.0,49473.0,2197.638,3.83,4.5,-0.67,,19.13999938964844,104.20999908447266,4151.27978515625,3.6,4.131851231385042,,,,,2026-07-25 07:40:06,,2.25,-4.095915134995776,5.08,0.25,-0.3018512313850419,,
2023-05-26,6197.100999999999,8436255.0,49473.0,2189.681,3.8,4.54,-0.74,,17.950000762939453,104.20999908447266,4205.4501953125,3.6,4.131851231385042,,,,,2026-07-25 07:40:06,,2.23,-4.095915134995776,5.08,0.25,-0.3318512313850421,,
2023-05-27,6197.100999999999,8436255.0,49473.0,2189.681,3.8,4.54,-0.74,,17.950000762939453,104.20999908447266,4205.4501953125,3.6,4.131851231385042,,,,,2026-07-25 07:40:06,,2.23,-4.095915134995776,5.08,0.25,-0.3318512313850421,,
2023-05-28,6197.100999999999,8436255.0,49473.0,2189.681,3.8,4.54,-0.74,,17.950000762939453,104.20999908447266,4205.4501953125,3.6,4.131851231385042,,,,,2026-07-25 07:40:06,,2.23,-4.095915134995776,5.08,0.25,-0.3318512313850421,,
2023-05-29,6197.100999999999,8436255.0,49473.0,2189.681,3.8,4.54,-0.74,,17.950000762939453,104.20999908447266,4205.4501953125,3.6,4.131851231385042,,,,,2026-07-25 07:40:06,,2.23,-4.095915134995776,5.08,0.25,-0.3318512313850421,,
2023-05-30,6186.303,8436255.0,49473.0,2200.479,3.69,4.46,-0.77,,17.459999084472656,104.16999816894533,4205.52001953125,3.6,4.131851231385042,,,,,2026-07-25 07:40:06,,2.22,-4.095915134995776,5.08,0.25,-0.441851231385042,,
2023-05-31,6082.482999999998,8385854.0,48512.0,2254.859,3.64,4.4,-0.76,,17.940000534057617,104.31999969482422,4179.830078125,3.6,4.131851231385042,,,,,2026-07-25 07:40:06,,2.18,-4.095915134995776,5.08,0.25,-0.4918512313850418,,
2023-06-01,6177.286999999998,8385854.0,48512.0,2160.055,3.61,4.33,-0.72,,15.649999618530272,103.55999755859376,4221.02001953125,3.6,3.070617072997095,,,,,2026-07-25 07:40:06,,2.16,-3.9346730651098505,5.08,0.25,0.5393829270029049,,
2023-06-02,6195.239999999999,8385854.0,48512.0,2142.102,3.69,4.5,-0.81,,14.600000381469728,104.0199966430664,4282.3701171875,3.6,3.070617072997095,,,,,2026-07-25 07:40:06,,2.18,-3.9346730651098505,5.08,0.25,0.619382927002905,,
2023-06-03,6195.239999999999,8385854.0,48512.0,2142.102,3.69,4.5,-0.81,,14.600000381469728,104.0199966430664,4282.3701171875,3.6,3.070617072997095,,,,,2026-07-25 07:40:06,,2.18,-3.9346730651098505,5.08,0.0,0.619382927002905,,
2023-06-04,6195.239999999999,8385854.0,48512.0,2142.102,3.69,4.5,-0.81,,14.600000381469728,104.0199966430664,4282.3701171875,3.6,3.070617072997095,,,,,2026-07-25 07:40:06,,2.18,-3.9346730651098505,5.08,0.0,0.619382927002905,,
2023-06-05,6205.924999999999,8385854.0,48512.0,2131.417,3.69,4.46,-0.77,,14.729999542236328,104.0,4273.7900390625,3.6,3.070617072997095,,,,,2026-07-25 07:40:06,,2.19,-3.9346730651098505,5.08,0.0,0.619382927002905,,
2023-06-06,6202.703999999999,8385854.0,48512.0,2134.638,3.7,4.51,-0.81,,13.960000038146973,104.12999725341795,4283.85009765625,3.6,3.070617072997095,,,,,2026-07-25 07:40:06,,2.2,-3.9346730651098505,5.08,0.0,0.6293829270029052,,
2023-06-07,6150.269,8389325.0,77500.0,2161.556,3.79,4.56,-0.77,,13.9399995803833,104.0999984741211,4267.52001953125,3.6,3.070617072997095,,,,,2026-07-25 07:40:06,,2.21,-3.9346730651098505,5.08,0.0,0.7193829270029051,,
2023-06-08,6170.027000000001,8389325.0,77500.0,2141.798,3.73,4.52,-0.79,,13.649999618530272,103.33999633789062,4293.93017578125,3.6,3.070617072997095,,,,,2026-07-25 07:40:06,,2.2,-3.9346730651098505,5.08,0.0,0.659382927002905,,
2023-06-09,6184.173000000001,8389325.0,77500.0,2127.652,3.75,4.59,-0.84,,13.829999923706056,103.55999755859376,4298.85986328125,3.6,3.070617072997095,,,,,2026-07-25 07:40:06,,2.2,-3.9346730651098505,5.08,0.0,0.679382927002905,,
2023-06-10,6184.173000000001,8389325.0,77500.0,2127.652,3.75,4.59,-0.84,,13.829999923706056,103.55999755859376,4298.85986328125,3.6,3.070617072997095,,,,,2026-07-25 07:40:06,,2.2,-3.9346730651098505,5.08,0.0,0.679382927002905,,
2023-06-11,6184.173000000001,8389325.0,77500.0,2127.652,3.75,4.59,-0.84,,13.829999923706056,103.55999755859376,4298.85986328125,3.6,3.070617072997095,,,,,2026-07-25 07:40:06,,2.2,-3.9346730651098505,5.08,0.0,0.679382927002905,,
2023-06-12,6184.955000000001,8389325.0,77500.0,2126.87,3.73,4.55,-0.82,,15.010000228881836,103.62999725341795,4338.93017578125,3.6,3.070617072997095,,,,,2026-07-25 07:40:07,,2.17,-3.9346730651098505,5.08,0.0,0.659382927002905,,
2023-06-13,6237.305,8389325.0,77500.0,2074.52,3.84,4.67,-0.83,,14.609999656677246,103.33999633789062,4369.009765625,3.6,3.070617072997095,,,,,2026-07-25 07:40:07,,2.2,-3.9346730651098505,5.08,0.0,0.7693829270029049,,
2023-06-14,6144.361000000001,8388323.0,134857.0,2109.105,3.83,4.74,-0.91,,13.880000114440918,103.01000213623048,4372.58984375,3.6,3.070617072997095,,,,,2026-07-25 07:40:07,,2.21,-3.9346730651098505,5.08,0.0,0.7593829270029051,,
2023-06-15,6261.326,8388323.0,134857.0,1992.14,3.72,4.62,-0.9,,14.5,102.12000274658205,4425.83984375,3.6,3.070617072997095,,,,,2026-07-25 07:40:07,,2.21,-3.9346730651098505,5.07,-0.0099999999999997,0.6493829270029052,,
2023-06-16,6241.91,8388323.0,134857.0,2011.556,3.77,4.7,-0.93,,13.539999961853027,102.3000030517578,4409.58984375,3.6,3.070617072997095,,,,,2026-07-25 07:40:07,,2.22,-3.9346730651098505,5.08,0.0,0.699382927002905,,
2023-06-17,6241.91,8388323.0,134857.0,2011.556,3.77,4.7,-0.93,,13.539999961853027,102.3000030517578,4409.58984375,3.6,3.070617072997095,,,,,2026-07-25 07:40:07,,2.22,-3.9346730651098505,5.08,0.0,0.699382927002905,,
2023-06-18,6241.91,8388323.0,134857.0,2011.556,3.77,4.7,-0.93,,13.539999961853027,102.3000030517578,4409.58984375,3.6,3.070617072997095,,,,,2026-07-25 07:40:07,,2.22,-3.9346730651098505,5.08,0.0,0.699382927002905,,
2023-06-19,6241.91,8388323.0,134857.0,2011.556,3.77,4.7,-0.93,,13.539999961853027,102.3000030517578,4409.58984375,3.6,3.070617072997095,,,,,2026-07-25 07:40:07,,2.22,-3.9346730651098505,5.08,0.0,0.699382927002905,,
2023-06-20,6263.977000000001,8388323.0,134857.0,1989.489,3.74,4.68,-0.94,,13.880000114440918,102.54000091552734,4388.7099609375,3.6,3.070617072997095,,,,,2026-07-25 07:40:07,,2.22,-3.9346730651098505,5.07,-0.0099999999999997,0.6693829270029052,,
2023-06-21,6032.852,8362060.0,292106.0,2037.102,3.72,4.68,-0.96,,13.199999809265137,102.06999969482422,4365.68994140625,3.6,3.070617072997095,,,,,2026-07-25 07:40:07,,2.21,-3.9346730651098505,5.07,-0.0099999999999997,0.6493829270029052,,
2023-06-22,6075.2429999999995,8362060.0,292106.0,1994.711,3.8,4.77,-0.97,,12.90999984741211,102.38999938964844,4381.89013671875,3.6,3.070617072997095,,,,,2026-07-25 07:40:07,,2.24,-3.9346730651098505,5.07,-0.0099999999999997,0.7293829270029049,,
2023-06-23,6100.574,8362060.0,292106.0,1969.38,3.74,4.71,-0.97,,13.4399995803833,102.9000015258789,4348.330078125,3.6,3.070617072997095,,,,,2026-07-25 07:40:07,,2.21,-3.9346730651098505,5.07,-0.0099999999999997,0.6693829270029052,,
2023-06-24,6100.574,8362060.0,292106.0,1969.38,3.74,4.71,-0.97,,13.4399995803833,102.9000015258789,4348.330078125,3.6,3.070617072997095,,,,,2026-07-25 07:40:07,,2.21,-3.9346730651098505,5.07,-0.0099999999999997,0.6693829270029052,,
2023-06-25,6100.574,8362060.0,292106.0,1969.38,3.74,4.71,-0.97,,13.4399995803833,102.9000015258789,4348.330078125,3.6,3.070617072997095,,,,,2026-07-25 07:40:07,,2.21,-3.9346730651098505,5.07,-0.0099999999999997,0.6693829270029052,,
2023-06-26,6108.927,8362060.0,292106.0,1961.027,3.72,4.65,-0.93,,14.25,102.69000244140624,4328.81982421875,3.6,3.070617072997095,,,,,2026-07-25 07:40:07,,2.18,-3.9346730651098505,5.07,-0.0099999999999997,0.6493829270029052,,
2023-06-27,6118.856,8362060.0,292106.0,1951.098,3.77,4.74,-0.97,,13.739999771118164,102.48999786376952,4378.41015625,3.6,3.070617072997095,,,,,2026-07-25 07:40:07,,2.2,-3.9346730651098505,5.07,-0.0099999999999997,0.699382927002905,,
2023-06-28,5987.142000000001,8340914.0,408561.0,1945.211,3.71,4.71,-1.0,,13.43000030517578,102.91000366210938,4376.85986328125,3.6,3.070617072997095,,,,,2026-07-25 07:40:07,,2.18,-3.9346730651098505,5.07,-0.0099999999999997,0.639382927002905,,
2023-06-29,5997.669000000001,8340914.0,408561.0,1934.684,3.85,4.87,-1.02,,13.539999961853027,103.33999633789062,4396.43994140625,3.6,3.070617072997095,,,,,2026-07-25 07:40:07,,2.2,-3.9346730651098505,5.07,-0.0099999999999997,0.7793829270029051,,
2023-06-30,5898.0340000000015,8340914.0,408561.0,2034.319,3.81,4.87,-1.06,,13.59000015258789,102.91000366210938,4450.3798828125,3.6,3.070617072997095,,,,,2026-07-25 07:40:07,,2.22,-3.9346730651098505,5.08,0.0,0.7393829270029051,,
2023-07-01,5898.0340000000015,8340914.0,408561.0,2034.319,3.81,4.87,-1.06,,13.59000015258789,102.91000366210938,4450.3798828125,3.5,3.287749268428297,,,,,2026-07-25 07:40:07,,2.22,-3.9782934995958974,5.08,0.0,0.5222507315717029,,
2023-07-02,5898.0340000000015,8340914.0,408561.0,2034.319,3.81,4.87,-1.06,,13.59000015258789,102.91000366210938,4450.3798828125,3.5,3.287749268428297,,,,,2026-07-25 07:40:07,,2.22,-3.9782934995958974,5.08,0.0,0.5222507315717029,,
2023-07-03,6022.714000000001,8340914.0,408561.0,1909.639,3.86,4.94,-1.08,,13.56999969482422,102.98999786376952,4455.58984375,3.5,3.287749268428297,,,,,2026-07-25 07:40:07,,2.25,-3.9782934995958974,5.08,0.0,0.5722507315717027,,
2023-07-04,6022.714000000001,8340914.0,408561.0,1909.639,3.86,4.94,-1.08,,13.56999969482422,102.98999786376952,4455.58984375,3.5,3.287749268428297,,,,,2026-07-25 07:40:07,,2.25,-3.9782934995958974,5.08,0.0,0.5722507315717027,,
2023-07-05,5984.387000000001,8298312.0,446864.0,1867.061,3.95,4.94,-0.99,,14.18000030517578,103.37000274658205,4446.81982421875,3.5,3.287749268428297,,,,,2026-07-25 07:40:07,,2.26,-3.9782934995958974,5.08,0.0,0.662250731571703,,
2023-07-06,5997.192,8298312.0,446864.0,1854.256,4.05,4.99,-0.94,,15.4399995803833,103.16999816894533,4411.58984375,3.5,3.287749268428297,,,,,2026-07-25 07:40:07,,2.27,-3.9782934995958974,5.08,0.0,0.7622507315717026,,
2023-07-07,6029.145,8298312.0,446864.0,1822.303,4.06,4.94,-0.88,,14.829999923706056,102.2699966430664,4398.9501953125,3.5,3.287749268428297,,,,,2026-07-25 07:40:07,,2.27,-3.9782934995958974,5.08,0.0,0.7722507315717024,,
2023-07-08,6029.145,8298312.0,446864.0,1822.303,4.06,4.94,-0.88,,14.829999923706056,102.2699966430664,4398.9501953125,3.5,3.287749268428297,,,,,2026-07-25 07:40:07,,2.27,-3.9782934995958974,5.08,0.0,0.7722507315717024,,
2023-07-09,6029.145,8298312.0,446864.0,1822.303,4.06,4.94,-0.88,,14.829999923706056,102.2699966430664,4398.9501953125,3.5,3.287749268428297,,,,,2026-07-25 07:40:07,,2.27,-3.9782934995958974,5.08,0.0,0.7722507315717024,,
2023-07-10,6039.467000000001,8298312.0,446864.0,1811.981,4.01,4.85,-0.84,,15.06999969482422,101.97000122070312,4409.52978515625,3.5,3.287749268428297,,,,,2026-07-25 07:40:07,,2.25,-3.9782934995958974,5.07,-0.0099999999999997,0.7222507315717026,,
2023-07-11,6075.652,8298312.0,446864.0,1775.796,3.99,4.88,-0.89,,14.84000015258789,101.7300033569336,4439.259765625,3.5,3.287749268428297,,,,,2026-07-25 07:40:07,,2.24,-3.9782934995958974,5.08,0.0,0.702250731571703,,
2023-07-12,5959.359000000001,8296923.0,517418.0,1820.146,3.86,4.72,-0.86,,13.539999961853027,100.5199966430664,4472.16015625,3.5,3.287749268428297,,,,,2026-07-25 07:40:07,,2.26,-3.9782934995958974,5.08,0.0,0.5722507315717027,,
2023-07-13,6012.073000000001,8296923.0,517418.0,1767.432,3.76,4.59,-0.83,,13.609999656677246,99.7699966430664,4510.0400390625,3.5,3.287749268428297,,,,,2026-07-25 07:40:07,,2.24,-3.9782934995958974,5.08,0.0,0.4722507315717026,,
2023-07-14,6038.728000000001,8296923.0,517418.0,1740.777,3.83,4.74,-0.91,,13.34000015258789,99.91000366210938,4505.419921875,3.5,3.287749268428297,,,,,2026-07-25 07:40:07,,2.24,-3.9782934995958974,5.08,0.0,0.5422507315717029,,
2023-07-15,6038.728000000001,8296923.0,517418.0,1740.777,3.83,4.74,-0.91,,13.34000015258789,99.91000366210938,4505.419921875,3.5,3.287749268428297,,,,,2026-07-25 07:40:07,,2.24,-3.9782934995958974,5.08,0.0099999999999997,0.5422507315717029,,
2023-07-16,6038.728000000001,8296923.0,517418.0,1740.777,3.83,4.74,-0.91,,13.34000015258789,99.91000366210938,4505.419921875,3.5,3.287749268428297,,,,,2026-07-25 07:40:07,,2.24,-3.9782934995958974,5.08,0.0,0.5422507315717029,,
2023-07-17,6051.183000000001,8296923.0,517418.0,1728.322,3.81,4.74,-0.93,,13.479999542236328,99.83999633789062,4522.7900390625,3.5,3.287749268428297,,,,,2026-07-25 07:40:07,,2.25,-3.9782934995958974,5.08,0.0,0.5222507315717029,,
2023-07-18,6062.643000000001,8296923.0,517418.0,1716.862,3.8,4.74,-0.94,,13.300000190734863,99.94000244140624,4554.97998046875,3.5,3.287749268428297,,,,,2026-07-25 07:40:07,,2.23,-3.9782934995958974,5.08,0.0,0.5122507315717026,,
2023-07-19,6004.307,8274552.0,537441.0,1732.804,3.75,4.74,-0.99,,13.760000228881836,100.27999877929688,4565.72021484375,3.5,3.287749268428297,,,,,2026-07-25 07:40:07,,2.22,-3.9782934995958974,5.08,0.0,0.4622507315717028,,
2023-07-20,6016.11,8274552.0,537441.0,1721.001,3.85,4.8,-0.95,,13.989999771118164,100.87999725341795,4534.8701171875,3.5,3.287749268428297,,,,,2026-07-25 07:40:07,,2.35,-3.9782934995958974,5.08,0.0099999999999997,0.5622507315717029,,
2023-07-21,5966.359,8274552.0,537441.0,1770.752,3.84,4.82,-0.98,,13.600000381469728,101.06999969482422,4536.33984375,3.5,3.287749268428297,,,,,2026-07-25 07:40:07,,2.35,-3.9782934995958974,5.08,0.0099999999999997,0.5522507315717027,,
2023-07-22,5966.359,8274552.0,537441.0,1770.752,3.84,4.82,-0.98,,13.600000381469728,101.06999969482422,4536.33984375,3.5,3.287749268428297,,,,,2026-07-25 07:40:07,,2.35,-3.9782934995958974,5.08,0.0099999999999997,0.5522507315717027,,
2023-07-23,5966.359,8274552.0,537441.0,1770.752,3.84,4.82,-0.98,,13.600000381469728,101.06999969482422,4536.33984375,3.5,3.287749268428297,,,,,2026-07-25 07:40:07,,2.35,-3.9782934995958974,5.08,0.0099999999999997,0.5522507315717027,,
2023-07-24,5966.244,8274552.0,537441.0,1770.867,3.86,4.81,-0.95,3.82,13.90999984741211,101.3499984741211,4554.64013671875,3.5,3.287749268428297,,,,,2026-07-25 07:40:07,,2.38,-3.9782934995958974,5.08,0.0099999999999997,0.5722507315717027,,
2023-07-25,6016.395,8274552.0,537441.0,1720.716,3.91,4.85,-0.94,3.84,13.859999656677246,101.3499984741211,4567.4599609375,3.5,3.287749268428297,,,,,2026-07-25 07:40:07,,2.39,-3.9782934995958974,5.08,0.0099999999999997,0.622250731571703,,
2023-07-26,5943.713999999999,8243344.0,549897.0,1749.733,3.86,4.82,-0.96,3.91,13.1899995803833,100.88999938964844,4566.75,3.5,3.287749268428297,,,,,2026-07-25 07:40:07,,2.36,-3.9782934995958974,5.08,0.0099999999999997,0.5722507315717027,,
2023-07-27,5957.663999999999,8243344.0,549897.0,1735.783,4.01,4.91,-0.9,3.78,14.40999984741211,101.7699966430664,4537.41015625,3.5,3.287749268428297,,,,,2026-07-25 07:40:07,,2.37,-3.9782934995958974,5.33,0.2599999999999998,0.7222507315717026,,
2023-07-28,5963.219999999999,8243344.0,549897.0,1730.227,3.96,4.87,-0.91,3.82,13.329999923706056,101.62000274658205,4582.22998046875,3.5,3.287749268428297,,,,,2026-07-25 07:40:07,,2.38,-3.9782934995958974,5.33,0.2599999999999998,0.6722507315717028,,
2023-07-29,5963.219999999999,8243344.0,549897.0,1730.227,3.96,4.87,-0.91,3.82,13.329999923706056,101.62000274658205,4582.22998046875,3.5,3.287749268428297,,,,,2026-07-25 07:40:07,,2.38,-3.9782934995958974,5.33,0.2599999999999998,0.6722507315717028,,
2023-07-30,5963.219999999999,8243344.0,549897.0,1730.227,3.96,4.87,-0.91,3.82,13.329999923706056,101.62000274658205,4582.22998046875,3.5,3.287749268428297,,,,,2026-07-25 07:40:07,,2.38,-3.9782934995958974,5.33,0.25,0.6722507315717028,,
2023-07-31,5872.322999999999,8243344.0,549897.0,1821.124,3.97,4.88,-0.91,3.79,13.630000114440918,101.86000061035156,4588.9599609375,3.5,3.287749268428297,,,,,2026-07-25 07:40:07,,2.37,-3.9782934995958974,5.33,0.25,0.682250731571703,,
2023-08-01,5953.892999999999,8243344.0,549897.0,1739.554,4.05,4.92,-0.87,3.82,13.93000030517578,102.3000030517578,4576.72998046875,3.7,3.722504803505289,,,,,2026-07-25 07:40:07,,2.37,-3.9831045016151534,5.33,0.25,0.327495196494711,,
2023-08-02,5975.651999999999,8206764.0,460926.0,1770.186,4.08,4.88,-0.8,3.96,16.09000015258789,102.58999633789062,4513.39013671875,3.7,3.722504803505289,,,,,2026-07-25 07:40:07,,2.36,-3.9831045016151534,5.33,0.25,0.3574951964947113,,
2023-08-03,5969.0639999999985,8206764.0,460926.0,1776.774,4.2,4.9,-0.7,3.98,15.920000076293944,102.54000091552734,4501.89013671875,3.7,3.722504803505289,,,,,2026-07-25 07:40:07,,2.37,-3.9831045016151534,5.33,0.25,0.4774951964947114,,
2023-08-04,5952.033999999999,8206764.0,460926.0,1793.804,4.05,4.78,-0.73,4.01,17.100000381469727,102.0199966430664,4478.02978515625,3.7,3.722504803505289,,,,,2026-07-25 07:40:07,,2.38,-3.9831045016151534,5.33,0.25,0.327495196494711,,
2023-08-05,5952.033999999999,8206764.0,460926.0,1793.804,4.05,4.78,-0.73,4.01,17.100000381469727,102.0199966430664,4478.02978515625,3.7,3.722504803505289,,,,,2026-07-25 07:40:07,,2.38,-3.9831045016151534,5.33,0.25,0.327495196494711,,
2023-08-06,5952.033999999999,8206764.0,460926.0,1793.804,4.05,4.78,-0.73,4.01,17.100000381469727,102.0199966430664,4478.02978515625,3.7,3.722504803505289,,,,,2026-07-25 07:40:07,,2.38,-3.9831045016151534,5.33,0.25,0.327495196494711,,
2023-08-07,5935.254999999999,8206764.0,460926.0,1810.583,4.09,4.76,-0.67,3.97,15.770000457763672,102.0500030517578,4518.43994140625,3.7,3.722504803505289,,,,,2026-07-25 07:40:07,,2.41,-3.9831045016151534,5.33,0.25,0.3674951964947111,,
2023-08-08,5967.486999999999,8206764.0,460926.0,1778.351,4.02,4.74,-0.72,4.0,15.989999771118164,102.52999877929688,4499.3798828125,3.7,3.722504803505289,,,,,2026-07-25 07:40:07,,2.36,-3.9831045016151534,5.33,0.25,0.2974951964947108,,
2023-08-09,5979.46,8208241.0,432262.0,1796.519,4.0,4.79,-0.79,3.94,15.960000038146973,102.48999786376952,4467.7099609375,3.7,3.722504803505289,,,,,2026-07-25 07:40:07,,2.34,-3.9831045016151534,5.33,0.2599999999999998,0.2774951964947112,,
2023-08-10,6016.082,8208241.0,432262.0,1759.897,4.09,4.82,-0.73,3.83,15.850000381469728,102.5199966430664,4468.830078125,3.7,3.722504803505289,,,,,2026-07-25 07:40:08,,2.33,-3.9831045016151534,5.33,0.25,0.3674951964947111,,
2023-08-11,6002.743,8208241.0,432262.0,1773.236,4.16,4.89,-0.73,3.83,14.84000015258789,102.83999633789062,4464.0498046875,3.7,3.722504803505289,,,,,2026-07-25 07:40:08,,2.36,-3.9831045016151534,5.33,0.25,0.4374951964947113,,
2023-08-12,6002.743,8208241.0,432262.0,1773.236,4.16,4.89,-0.73,3.83,14.84000015258789,102.83999633789062,4464.0498046875,3.7,3.722504803505289,,,,,2026-07-25 07:40:08,,2.36,-3.9831045016151534,5.33,0.25,0.4374951964947113,,
2023-08-13,6002.743,8208241.0,432262.0,1773.236,4.16,4.89,-0.73,3.83,14.84000015258789,102.83999633789062,4464.0498046875,3.7,3.722504803505289,,,,,2026-07-25 07:40:08,,2.36,-3.9831045016151534,5.33,0.25,0.4374951964947113,,
2023-08-14,5976.668000000001,8208241.0,432262.0,1799.311,4.19,4.96,-0.77,3.79,14.81999969482422,103.19000244140624,4489.72021484375,3.7,3.722504803505289,,,,,2026-07-25 07:40:08,,2.36,-3.9831045016151534,5.33,0.25,0.4674951964947116,,
2023-08-15,6032.195,8208241.0,432262.0,1743.784,4.21,4.92,-0.71,3.85,16.459999084472656,103.20999908447266,4437.85986328125,3.7,3.722504803505289,,,,,2026-07-25 07:40:08,,2.32,-3.9831045016151534,5.33,0.25,0.4874951964947112,,
2023-08-16,5964.188,8145727.0,384814.0,1796.725,4.28,4.97,-0.69,3.81,16.780000686645508,103.41999816894533,4404.330078125,3.7,3.722504803505289,,,,,2026-07-25 07:40:08,,2.32,-3.9831045016151534,5.33,0.25,0.5574951964947115,,
2023-08-17,5966.793,8145727.0,384814.0,1794.12,4.3,4.94,-0.64,3.95,17.889999389648438,103.44000244140624,4370.35986328125,3.7,3.722504803505289,,,,,2026-07-25 07:40:08,,2.33,-3.9831045016151534,5.33,0.25,0.577495196494711,,
2023-08-18,5941.7119999999995,8145727.0,384814.0,1819.201,4.26,4.92,-0.66,4.02,17.299999237060547,103.37999725341795,4369.7099609375,3.7,3.722504803505289,,,,,2026-07-25 07:40:08,,2.32,-3.9831045016151534,5.33,0.25,0.537495196494711,,
2023-08-19,5941.7119999999995,8145727.0,384814.0,1819.201,4.26,4.92,-0.66,4.02,17.299999237060547,103.37999725341795,4369.7099609375,3.7,3.722504803505289,,,,,2026-07-25 07:40:08,,2.32,-3.9831045016151534,5.33,0.25,0.537495196494711,,
2023-08-20,5941.7119999999995,8145727.0,384814.0,1819.201,4.26,4.92,-0.66,4.02,17.299999237060547,103.37999725341795,4369.7099609375,3.7,3.722504803505289,,,,,2026-07-25 07:40:08,,2.32,-3.9831045016151534,5.33,0.25,0.537495196494711,,
2023-08-21,5936.125,8145727.0,384814.0,1824.788,4.34,4.97,-0.63,3.97,17.1299991607666,103.33000183105467,4399.77001953125,3.7,3.722504803505289,,,,,2026-07-25 07:40:08,,2.34,-3.9831045016151534,5.33,0.25,0.6174951964947111,,
2023-08-22,5948.619,8145727.0,384814.0,1812.294,4.34,5.02,-0.68,3.93,16.969999313354492,103.55999755859376,4387.5498046875,3.7,3.722504803505289,,,,,2026-07-25 07:40:08,,2.35,-3.9831045016151534,5.33,0.25,0.6174951964947111,,
2023-08-23,5906.502,8139066.0,416031.0,1816.533,4.19,4.95,-0.76,3.92,15.979999542236328,103.36000061035156,4436.009765625,3.7,3.722504803505289,,,,,2026-07-25 07:40:08,,2.35,-3.9831045016151534,5.33,0.25,0.4674951964947116,,
2023-08-24,5991.412,8139066.0,416031.0,1731.623,4.23,4.98,-0.75,3.91,17.200000762939453,103.9800033569336,4376.31005859375,3.7,3.722504803505289,,,,,2026-07-25 07:40:08,,2.32,-3.9831045016151534,5.33,0.25,0.5074951964947116,,
2023-08-25,6035.656,8139066.0,416031.0,1687.379,4.25,5.03,-0.78,3.9,15.68000030517578,104.08000183105467,4405.7099609375,3.7,3.722504803505289,,,,,2026-07-25 07:40:08,,2.33,-3.9831045016151534,5.33,0.25,0.5274951964947112,,
2023-08-26,6035.656,8139066.0,416031.0,1687.379,4.25,5.03,-0.78,3.9,15.68000030517578,104.08000183105467,4405.7099609375,3.7,3.722504803505289,,,,,2026-07-25 07:40:08,,2.33,-3.9831045016151534,5.33,0.0,0.5274951964947112,,
2023-08-27,6035.656,8139066.0,416031.0,1687.379,4.25,5.03,-0.78,3.9,15.68000030517578,104.08000183105467,4405.7099609375,3.7,3.722504803505289,,,,,2026-07-25 07:40:08,,2.33,-3.9831045016151534,5.33,0.0,0.5274951964947112,,
2023-08-28,6014.43,8139066.0,416031.0,1708.605,4.2,4.98,-0.78,3.86,15.079999923706056,104.05999755859376,4433.31005859375,3.7,3.722504803505289,,,,,2026-07-25 07:40:08,,2.3,-3.9831045016151534,5.33,0.0,0.4774951964947114,,
2023-08-29,6029.757,8139066.0,416031.0,1693.278,4.12,4.87,-0.75,3.87,14.449999809265137,103.5500030517578,4497.6298828125,3.7,3.722504803505289,,,,,2026-07-25 07:40:08,,2.29,-3.9831045016151534,5.33,0.0,0.3974951964947113,,
2023-08-30,5923.795,8121316.0,500702.0,1696.819,4.12,4.9,-0.78,3.8,13.880000114440918,103.16000366210938,4514.8701171875,3.7,3.722504803505289,,,,,2026-07-25 07:40:08,,2.26,-3.9831045016151534,5.33,0.0,0.3974951964947113,,
2023-08-31,5969.012,8121316.0,500702.0,1651.602,4.09,4.85,-0.76,3.85,13.56999969482422,103.62000274658205,4507.66015625,3.7,3.722504803505289,,,,,2026-07-25 07:40:08,,2.24,-3.9831045016151534,5.33,0.0,0.3674951964947111,,
2023-09-01,6046.548999999999,8121316.0,500702.0,1574.065,4.18,4.87,-0.69,3.81,13.09000015258789,104.23999786376952,4515.77001953125,3.7,3.687206638119256,,,,,2026-07-25 07:40:08,,2.26,-3.6639782325054497,5.33,0.0,0.4927933618807438,,
2023-09-02,6046.548999999999,8121316.0,500702.0,1574.065,4.18,4.87,-0.69,3.81,13.09000015258789,104.23999786376952,4515.77001953125,3.7,3.687206638119256,,,,,2026-07-25 07:40:08,,2.26,-3.6639782325054497,5.33,0.0,0.4927933618807438,,
2023-09-03,6046.548999999999,8121316.0,500702.0,1574.065,4.18,4.87,-0.69,3.81,13.09000015258789,104.23999786376952,4515.77001953125,3.7,3.687206638119256,,,,,2026-07-25 07:40:08,,2.26,-3.6639782325054497,5.33,0.0,0.4927933618807438,,
2023-09-04,6046.548999999999,8121316.0,500702.0,1574.065,4.18,4.87,-0.69,3.81,13.09000015258789,104.23999786376952,4515.77001953125,3.7,3.687206638119256,,,,,2026-07-25 07:40:08,,2.26,-3.6639782325054497,5.33,0.0,0.4927933618807438,,
2023-09-05,6052.124,8121316.0,500702.0,1568.49,4.27,4.94,-0.67,3.83,14.010000228881836,104.80999755859376,4496.830078125,3.7,3.687206638119256,,,,,2026-07-25 07:40:08,,2.29,-3.6639782325054497,5.33,0.0,0.5827933618807437,,
2023-09-06,6013.522000000001,8101318.0,481552.0,1606.244,4.3,5.01,-0.71,3.86,14.449999809265137,104.86000061035156,4465.47998046875,3.7,3.687206638119256,,,,,2026-07-25 07:40:08,,2.3,-3.6639782325054497,5.33,0.0,0.612793361880744,,
2023-09-07,6084.477000000001,8101318.0,481552.0,1535.289,4.27,4.94,-0.67,3.9,14.399999618530272,105.05999755859376,4451.14013671875,3.7,3.687206638119256,,,,,2026-07-25 07:40:08,,2.32,-3.6639782325054497,5.33,0.0,0.5827933618807437,,
2023-09-08,6094.363,8101318.0,481552.0,1525.403,4.26,4.98,-0.72,3.85,13.84000015258789,105.08999633789062,4457.490234375,3.7,3.687206638119256,,,,,2026-07-25 07:40:08,,2.33,-3.6639782325054497,5.33,0.0,0.5727933618807439,,
2023-09-09,6094.363,8101318.0,481552.0,1525.403,4.26,4.98,-0.72,3.85,13.84000015258789,105.08999633789062,4457.490234375,3.7,3.687206638119256,,,,,2026-07-25 07:40:08,,2.33,-3.6639782325054497,5.33,0.0,0.5727933618807439,,
2023-09-10,6094.363,8101318.0,481552.0,1525.403,4.26,4.98,-0.72,3.85,13.84000015258789,105.08999633789062,4457.490234375,3.7,3.687206638119256,,,,,2026-07-25 07:40:08,,2.33,-3.6639782325054497,5.33,0.0,0.5727933618807439,,
2023-09-11,6070.655000000001,8101318.0,481552.0,1549.111,4.29,4.97,-0.68,3.82,13.800000190734863,104.56999969482422,4487.4599609375,3.7,3.687206638119256,,,,,2026-07-25 07:40:08,,2.35,-3.6639782325054497,5.33,0.0,0.6027933618807442,,
2023-09-12,6125.985000000001,8101318.0,481552.0,1493.781,4.27,4.98,-0.71,3.84,14.229999542236328,104.70999908447266,4461.89990234375,3.7,3.687206638119256,,,,,2026-07-25 07:40:08,,2.34,-3.6639782325054497,5.33,0.0,0.5827933618807437,,
2023-09-13,6015.1900000000005,8098779.0,537364.0,1546.225,4.25,4.96,-0.71,3.85,13.479999542236328,104.7699966430664,4467.43994140625,3.7,3.687206638119256,,,,,2026-07-25 07:40:08,,2.35,-3.6639782325054497,5.33,0.0,0.5627933618807441,,
2023-09-14,6068.988000000001,8098779.0,537364.0,1492.427,4.29,5.0,-0.71,3.78,12.81999969482422,105.41000366210938,4505.10009765625,3.7,3.687206638119256,,,,,2026-07-25 07:40:08,,2.34,-3.6639782325054497,5.33,0.0,0.6027933618807442,,
2023-09-15,6160.012000000001,8098779.0,537364.0,1401.403,4.33,5.02,-0.69,3.79,13.789999961853027,105.31999969482422,4450.31982421875,3.7,3.687206638119256,,,,,2026-07-25 07:40:08,,2.35,-3.6639782325054497,5.33,0.0,0.6427933618807442,,
2023-09-16,6160.012000000001,8098779.0,537364.0,1401.403,4.33,5.02,-0.69,3.79,13.789999961853027,105.31999969482422,4450.31982421875,3.7,3.687206638119256,,,,,2026-07-25 07:40:08,,2.35,-3.6639782325054497,5.33,0.0,0.6427933618807442,,
2023-09-17,6160.012000000001,8098779.0,537364.0,1401.403,4.33,5.02,-0.69,3.79,13.789999961853027,105.31999969482422,4450.31982421875,3.7,3.687206638119256,,,,,2026-07-25 07:40:08,,2.35,-3.6639782325054497,5.33,0.0,0.6427933618807442,,
2023-09-18,6108.473000000001,8098779.0,537364.0,1452.942,4.32,5.05,-0.73,3.82,14.0,105.1999969482422,4453.52978515625,3.7,3.687206638119256,,,,,2026-07-25 07:40:08,,2.36,-3.6639782325054497,5.33,0.0,0.6327933618807444,,
2023-09-19,6108.091,8098779.0,537364.0,1453.324,4.37,5.08,-0.71,3.82,14.109999656677246,105.1999969482422,4443.9501953125,3.7,3.687206638119256,,,,,2026-07-25 07:40:08,,2.37,-3.6639782325054497,5.33,0.0,0.6827933618807442,,
2023-09-20,5875.389000000001,8024090.0,661717.0,1486.984,4.35,5.12,-0.77,3.77,15.140000343322754,105.16000366210938,4402.2001953125,3.7,3.687206638119256,,,,,2026-07-25 07:40:08,,2.35,-3.6639782325054497,5.33,0.0,0.6627933618807438,,
2023-09-21,5908.258000000001,8024090.0,661717.0,1454.115,4.49,5.12,-0.63,3.89,17.540000915527344,105.36000061035156,4330.0,3.7,3.687206638119256,,,,,2026-07-25 07:40:08,,2.38,-3.6639782325054497,5.33,0.0,0.8027933618807443,,
2023-09-22,5934.798000000001,8024090.0,661717.0,1427.575,4.44,5.1,-0.66,3.93,17.200000762939453,105.58000183105467,4320.06005859375,3.7,3.687206638119256,,,,,2026-07-25 07:40:08,,2.37,-3.6639782325054497,5.33,0.0,0.7527933618807445,,
2023-09-23,5934.798000000001,8024090.0,661717.0,1427.575,4.44,5.1,-0.66,3.93,17.200000762939453,105.58000183105467,4320.06005859375,3.7,3.687206638119256,,,,,2026-07-25 07:40:08,,2.37,-3.6639782325054497,5.33,0.0,0.7527933618807445,,
2023-09-24,5934.798000000001,8024090.0,661717.0,1427.575,4.44,5.1,-0.66,3.93,17.200000762939453,105.58000183105467,4320.06005859375,3.7,3.687206638119256,,,,,2026-07-25 07:40:08,,2.37,-3.6639782325054497,5.33,0.0,0.7527933618807445,,
2023-09-25,5925.063,8024090.0,661717.0,1437.31,4.55,5.09,-0.54,3.97,16.899999618530273,106.0,4337.43994140625,3.7,3.687206638119256,,,,,2026-07-25 07:40:08,,2.37,-3.6639782325054497,5.33,0.0,0.862793361880744,,
2023-09-26,5924.072,8024090.0,661717.0,1438.301,4.56,5.04,-0.48,4.04,18.940000534057617,106.2300033569336,4273.52978515625,3.7,3.687206638119256,,,,,2026-07-25 07:40:08,,2.33,-3.6639782325054497,5.33,0.0,0.8727933618807437,,
2023-09-27,5887.117,8002064.0,672142.0,1442.805,4.61,5.1,-0.49,4.03,18.219999313354492,106.66999816894533,4274.509765625,3.7,3.687206638119256,,,,,2026-07-25 07:40:08,,2.34,-3.6639782325054497,5.33,0.0,0.9227933618807443,,
2023-09-28,5876.5560000000005,8002064.0,672142.0,1453.366,4.59,5.04,-0.45,4.09,17.34000015258789,106.22000122070312,4299.7001953125,3.7,3.687206638119256,,,,,2026-07-25 07:40:08,,2.39,-3.6639782325054497,5.33,0.0,0.902793361880744,,
2023-09-29,5772.353000000001,8002064.0,672142.0,1557.569,4.59,5.03,-0.44,4.03,17.520000457763672,106.16999816894533,4288.0498046875,3.7,3.687206638119256,,,,,2026-07-25 07:40:08,,2.35,-3.6639782325054497,5.33,0.0,0.902793361880744,,
2023-09-30,5772.353000000001,8002064.0,672142.0,1557.569,4.59,5.03,-0.44,4.03,17.520000457763672,106.16999816894533,4288.0498046875,3.7,3.687206638119256,,,,,2026-07-25 07:40:08,,2.35,-3.6639782325054497,5.33,0.0,0.902793361880744,,
2023-10-01,5772.353000000001,8002064.0,672142.0,1557.569,4.59,5.03,-0.44,4.03,17.520000457763672,106.16999816894533,4288.0498046875,3.9,3.2512659098611785,,,,,2026-07-25 07:40:08,,2.35,-3.3935344385734534,5.33,0.0,1.3387340901388214,,
2023-10-02,5964.183000000001,8002064.0,672142.0,1365.739,4.69,5.12,-0.43,4.11,17.610000610351562,106.9000015258789,4288.39013671875,3.9,3.2512659098611785,,,,,2026-07-25 07:40:08,,2.35,-3.3935344385734534,5.33,0.0,1.438734090138822,,
2023-10-03,5981.457,8002064.0,672142.0,1348.465,4.81,5.15,-0.34,4.26,19.780000686645508,107.0,4229.4501953125,3.9,3.2512659098611785,,,,,2026-07-25 07:40:08,,2.36,-3.3935344385734534,5.33,0.0,1.5587340901388211,,
2023-10-04,5934.792,7955782.0,678959.0,1342.031,4.73,5.05,-0.32,4.37,18.579999923706055,106.8000030517578,4263.75,3.9,3.2512659098611785,,,,,2026-07-25 07:40:08,,2.33,-3.3935344385734534,5.33,0.0,1.478734090138822,,
2023-10-05,6011.691000000001,7955782.0,678959.0,1265.132,4.72,5.03,-0.31,4.38,18.489999771118164,106.33000183105467,4258.18994140625,3.9,3.2512659098611785,,,,,2026-07-25 07:40:08,,2.31,-3.3935344385734534,5.33,0.0,1.4687340901388213,,
2023-10-06,5993.362,7955782.0,678959.0,1283.461,4.78,5.08,-0.3,4.33,17.450000762939453,106.04000091552734,4308.5,3.9,3.2512659098611785,,,,,2026-07-25 07:40:08,,2.31,-3.3935344385734534,5.33,0.0,1.5287340901388218,,
2023-10-07,5993.362,7955782.0,678959.0,1283.461,4.78,5.08,-0.3,4.33,17.450000762939453,106.04000091552734,4308.5,3.9,3.2512659098611785,,,,,2026-07-25 07:40:08,,2.31,-3.3935344385734534,5.33,0.0,1.5287340901388218,,
2023-10-08,5993.362,7955782.0,678959.0,1283.461,4.78,5.08,-0.3,4.33,17.450000762939453,106.04000091552734,4308.5,3.9,3.2512659098611785,,,,,2026-07-25 07:40:08,,2.31,-3.3935344385734534,5.33,0.0,1.5287340901388218,,
2023-10-09,5993.362,7955782.0,678959.0,1283.461,4.78,5.08,-0.3,4.34,17.700000762939453,106.08000183105467,4335.66015625,3.9,3.2512659098611785,,,,,2026-07-25 07:40:08,,2.31,-3.3935344385734534,5.33,0.0,1.5287340901388218,,
2023-10-10,6054.383,7955782.0,678959.0,1222.44,4.66,4.96,-0.3,4.26,17.030000686645508,105.83000183105467,4358.240234375,3.9,3.2512659098611785,,,,,2026-07-25 07:40:09,,2.32,-3.3935344385734534,5.33,0.0,1.4087340901388217,,
2023-10-11,5999.6720000000005,7952054.0,713000.0,1239.382,4.58,4.99,-0.41,4.25,16.09000015258789,105.81999969482422,4376.9501953125,3.9,3.2512659098611785,,,,,2026-07-25 07:40:09,,2.32,-3.3935344385734534,5.33,0.0,1.3287340901388216,,
2023-10-12,6081.735000000001,7952054.0,713000.0,1157.319,4.7,5.06,-0.36,4.25,16.690000534057617,106.56999969482422,4349.60986328125,3.9,3.2512659098611785,,,,,2026-07-25 07:40:09,,2.34,-3.3935344385734534,5.33,0.0,1.4487340901388217,,
2023-10-13,6087.236,7952054.0,713000.0,1151.818,4.63,5.04,-0.41,4.3,19.31999969482422,106.6500015258789,4327.77978515625,3.9,3.2512659098611785,,,,,2026-07-25 07:40:09,,2.34,-3.3935344385734534,5.33,0.0,1.3787340901388214,,
2023-10-14,6087.236,7952054.0,713000.0,1151.818,4.63,5.04,-0.41,4.3,19.31999969482422,106.6500015258789,4327.77978515625,3.9,3.2512659098611785,,,,,2026-07-25 07:40:09,,2.34,-3.3935344385734534,5.33,0.0,1.3787340901388214,,
2023-10-15,6087.236,7952054.0,713000.0,1151.818,4.63,5.04,-0.41,4.3,19.31999969482422,106.6500015258789,4327.77978515625,3.9,3.2512659098611785,,,,,2026-07-25 07:40:09,,2.34,-3.3935344385734534,5.33,0.0,1.3787340901388214,,
2023-10-16,6130.235000000001,7952054.0,713000.0,1108.819,4.71,5.09,-0.38,4.27,17.209999084472656,106.23999786376952,4373.6298828125,3.9,3.2512659098611785,,,,,2026-07-25 07:40:09,,2.38,-3.3935344385734534,5.33,0.0,1.4587340901388215,,
2023-10-17,6156.552,7952054.0,713000.0,1082.502,4.83,5.19,-0.36,4.25,17.8799991607666,106.25,4373.2001953125,3.9,3.2512659098611785,,,,,2026-07-25 07:40:09,,2.41,-3.3935344385734534,5.33,0.0,1.5787340901388216,,
2023-10-18,5941.278,7933162.0,841103.0,1150.781,4.91,5.19,-0.28,4.32,19.219999313354492,106.56999969482422,4314.60009765625,3.9,3.2512659098611785,,,,,2026-07-25 07:40:09,,2.44,-3.3935344385734534,5.33,0.0,1.6587340901388217,,
2023-10-19,5977.88,7933162.0,841103.0,1114.179,4.98,5.14,-0.16,4.37,21.399999618530273,106.25,4278.0,3.9,3.2512659098611785,,,,,2026-07-25 07:40:09,,2.49,-3.3935344385734534,5.33,0.0,1.728734090138822,,
2023-10-20,5953.303,7933162.0,841103.0,1138.756,4.93,5.07,-0.14,4.52,21.709999084472656,106.16000366210938,4224.16015625,3.9,3.2512659098611785,,,,,2026-07-25 07:40:09,,2.47,-3.3935344385734534,5.33,0.0,1.6787340901388212,,
2023-10-21,5953.303,7933162.0,841103.0,1138.756,4.93,5.07,-0.14,4.52,21.709999084472656,106.16000366210938,4224.16015625,3.9,3.2512659098611785,,,,,2026-07-25 07:40:09,,2.47,-3.3935344385734534,5.33,0.0,1.6787340901388212,,
2023-10-22,5953.303,7933162.0,841103.0,1138.756,4.93,5.07,-0.14,4.52,21.709999084472656,106.16000366210938,4224.16015625,3.9,3.2512659098611785,,,,,2026-07-25 07:40:09,,2.47,-3.3935344385734534,5.33,0.0,1.6787340901388212,,
2023-10-23,5934.0830000000005,7933162.0,841103.0,1157.976,4.86,5.05,-0.19,4.51,20.3700008392334,105.54000091552734,4217.0400390625,3.9,3.2512659098611785,,,,,2026-07-25 07:40:09,,2.41,-3.3935344385734534,5.33,0.0,1.6087340901388218,,
2023-10-24,5994.184,7933162.0,841103.0,1097.875,4.83,5.02,-0.19,4.41,18.969999313354492,106.2699966430664,4247.68017578125,3.9,3.2512659098611785,,,,,2026-07-25 07:40:09,,2.4,-3.3935344385734534,5.33,0.0,1.5787340901388216,,
2023-10-25,5959.496,7907830.0,847717.0,1100.617,4.95,5.08,-0.13,4.37,20.190000534057617,106.52999877929688,4186.77001953125,3.9,3.2512659098611785,,,,,2026-07-25 07:40:09,,2.43,-3.3935344385734534,5.33,0.0,1.6987340901388217,,
2023-10-26,5970.263000000001,7907830.0,847717.0,1089.85,4.86,5.02,-0.16,4.5,20.68000030517578,106.5999984741211,4137.22998046875,3.9,3.2512659098611785,,,,,2026-07-25 07:40:09,,2.42,-3.3935344385734534,5.33,0.0,1.6087340901388218,,
2023-10-27,5968.255,7907830.0,847717.0,1091.858,4.84,4.99,-0.15,4.53,21.270000457763672,106.55999755859376,4117.3701171875,3.9,3.2512659098611785,,,,,2026-07-25 07:40:09,,2.42,-3.3935344385734534,5.33,0.0,1.5887340901388214,,
2023-10-28,5968.255,7907830.0,847717.0,1091.858,4.84,4.99,-0.15,4.53,21.270000457763672,106.55999755859376,4117.3701171875,3.9,3.2512659098611785,,,,,2026-07-25 07:40:09,,2.42,-3.3935344385734534,5.33,0.0,1.5887340901388214,,
2023-10-29,5968.255,7907830.0,847717.0,1091.858,4.84,4.99,-0.15,4.53,21.270000457763672,106.55999755859376,4117.3701171875,3.9,3.2512659098611785,,,,,2026-07-25 07:40:09,,2.42,-3.3935344385734534,5.33,0.0,1.5887340901388214,,
2023-10-30,5922.078,7907830.0,847717.0,1138.035,4.88,5.03,-0.15,4.5,19.75,106.12000274658205,4166.81982421875,3.9,3.2512659098611785,,,,,2026-07-25 07:40:09,,2.44,-3.3935344385734534,5.33,0.0,1.6287340901388214,,
2023-10-31,5922.416,7907830.0,847717.0,1137.697,4.88,5.07,-0.19,4.42,18.13999938964844,106.66000366210938,4193.7998046875,3.9,3.2512659098611785,,,,,2026-07-25 07:40:09,,2.42,-3.3935344385734534,5.33,0.0,1.6287340901388214,,
2023-11-01,6034.1939999999995,7866664.0,753008.0,1079.462,4.77,4.95,-0.18,4.47,16.8700008392334,106.87999725341795,4237.85986328125,3.7,3.133346274591186,,,,,2026-07-25 07:40:09,,2.41,-3.0818030206060887,5.33,0.0,1.636653725408813,,
2023-11-02,6058.67,7866664.0,753008.0,1054.986,4.67,4.98,-0.31,4.15,15.65999984741211,106.12000274658205,4317.77978515625,3.7,3.133346274591186,,,,,2026-07-25 07:40:09,,2.4,-3.0818030206060887,5.33,0.0,1.5366537254088133,,
2023-11-03,6042.517,7866664.0,753008.0,1071.139,4.57,4.83,-0.26,4.04,14.90999984741211,105.0199966430664,4358.33984375,3.7,3.133346274591186,,,,,2026-07-25 07:40:09,,2.39,-3.0818030206060887,5.33,0.0,1.4366537254088136,,
2023-11-04,6042.517,7866664.0,753008.0,1071.139,4.57,4.83,-0.26,4.04,14.90999984741211,105.0199966430664,4358.33984375,3.7,3.133346274591186,,,,,2026-07-25 07:40:09,,2.39,-3.0818030206060887,5.33,0.0,1.4366537254088136,,
2023-11-05,6042.517,7866664.0,753008.0,1071.139,4.57,4.83,-0.26,4.04,14.90999984741211,105.0199966430664,4358.33984375,3.7,3.133346274591186,,,,,2026-07-25 07:40:09,,2.39,-3.0818030206060887,5.33,0.0,1.4366537254088136,,
2023-11-06,6050.778,7866664.0,753008.0,1062.878,4.67,4.93,-0.26,4.0,14.890000343322754,105.22000122070312,4365.97998046875,3.7,3.133346274591186,,,,,2026-07-25 07:40:09,,2.42,-3.0818030206060887,5.33,0.0,1.5366537254088133,,
2023-11-07,6104.971,7866664.0,753008.0,1008.685,4.58,4.91,-0.33,4.08,14.8100004196167,105.54000091552734,4378.3798828125,3.7,3.133346274591186,,,,,2026-07-25 07:40:09,,2.39,-3.0818030206060887,5.33,0.0,1.4466537254088134,,
2023-11-08,6072.781,7860691.0,763459.0,1024.451,4.49,4.93,-0.44,4.08,14.449999809265137,105.58999633789062,4382.77978515625,3.7,3.133346274591186,,,,,2026-07-25 07:40:09,,2.34,-3.0818030206060887,5.33,0.0,1.3566537254088136,,
2023-11-09,6103.918,7860691.0,763459.0,993.314,4.62,5.03,-0.41,4.04,15.289999961853027,105.91000366210938,4347.35009765625,3.7,3.133346274591186,,,,,2026-07-25 07:40:09,,2.33,-3.0818030206060887,5.33,0.0,1.4866537254088137,,
2023-11-10,6064.512,7860691.0,763459.0,1032.72,4.61,5.04,-0.43,4.03,14.170000076293944,105.86000061035156,4415.240234375,3.7,3.133346274591186,,,,,2026-07-25 07:40:09,,2.32,-3.0818030206060887,5.33,0.0,1.4766537254088137,,
2023-11-11,6064.512,7860691.0,763459.0,1032.72,4.61,5.04,-0.43,4.03,14.170000076293944,105.86000061035156,4415.240234375,3.7,3.133346274591186,,,,,2026-07-25 07:40:09,,2.32,-3.0818030206060887,5.33,0.0,1.4766537254088137,,
2023-11-12,6064.512,7860691.0,763459.0,1032.72,4.61,5.04,-0.43,4.03,14.170000076293944,105.86000061035156,4415.240234375,3.7,3.133346274591186,,,,,2026-07-25 07:40:09,,2.32,-3.0818030206060887,5.33,0.0,1.4766537254088137,,
2023-11-13,6076.96,7860691.0,763459.0,1020.272,4.63,5.02,-0.39,4.03,14.760000228881836,105.66000366210938,4411.5498046875,3.7,3.133346274591186,,,,,2026-07-25 07:40:09,,2.31,-3.0818030206060887,5.33,0.0,1.4966537254088133,,
2023-11-14,6108.934,7860691.0,763459.0,988.298,4.44,4.8,-0.36,3.92,14.15999984741211,104.11000061035156,4495.7001953125,3.7,3.133346274591186,,,,,2026-07-25 07:40:09,,2.28,-3.0818030206060887,5.33,0.0,1.3066537254088135,,
2023-11-15,6200.774,7814991.0,669976.0,944.241,4.53,4.9,-0.37,3.89,14.18000030517578,104.38999938964844,4502.8798828125,3.7,3.133346274591186,,,,,2026-07-25 07:40:09,,2.31,-3.0818030206060887,5.33,0.0,1.3966537254088136,,
2023-11-16,6233.005,7814991.0,669976.0,912.01,4.45,4.83,-0.38,4.02,14.31999969482422,104.37000274658205,4508.240234375,3.7,3.133346274591186,,,,,2026-07-25 07:40:09,,2.27,-3.0818030206060887,5.33,0.0,1.3166537254088135,,
2023-11-17,6209.212,7814991.0,669976.0,935.803,4.44,4.88,-0.44,3.99,13.800000190734863,103.81999969482422,4514.02001953125,3.7,3.133346274591186,,,,,2026-07-25 07:40:09,,2.28,-3.0818030206060887,5.33,0.0,1.3066537254088135,,
2023-11-18,6209.212,7814991.0,669976.0,935.803,4.44,4.88,-0.44,3.99,13.800000190734863,103.81999969482422,4514.02001953125,3.7,3.133346274591186,,,,,2026-07-25 07:40:09,,2.28,-3.0818030206060887,5.33,0.0,1.3066537254088135,,
2023-11-19,6209.212,7814991.0,669976.0,935.803,4.44,4.88,-0.44,3.99,13.800000190734863,103.81999969482422,4514.02001953125,3.7,3.133346274591186,,,,,2026-07-25 07:40:09,,2.28,-3.0818030206060887,5.33,0.0,1.3066537254088135,,
2023-11-20,6191.927000000001,7814991.0,669976.0,953.088,4.42,4.89,-0.47,3.92,13.40999984741211,103.47000122070312,4547.3798828125,3.7,3.133346274591186,,,,,2026-07-25 07:40:09,,2.3,-3.0818030206060887,5.33,0.0,1.2866537254088133,,
2023-11-21,6213.860000000001,7814991.0,669976.0,931.155,4.41,4.86,-0.45,3.95,13.350000381469728,103.58999633789062,4538.18994140625,3.7,3.133346274591186,,,,,2026-07-25 07:40:09,,2.25,-3.0818030206060887,5.33,0.0,1.2766537254088135,,
2023-11-22,6186.203,7810814.0,693007.0,931.604,4.42,4.89,-0.47,3.9,12.850000381469728,103.91999816894533,4556.6201171875,3.7,3.133346274591186,,,,,2026-07-25 07:40:09,,2.26,-3.0818030206060887,5.33,0.0,1.2866537254088133,,
2023-11-23,6186.203,7810814.0,693007.0,931.604,4.42,4.89,-0.47,3.9,12.850000381469728,103.91999816894533,4556.6201171875,3.7,3.133346274591186,,,,,2026-07-25 07:40:09,,2.26,-3.0818030206060887,5.33,0.0,1.2866537254088133,,
2023-11-24,6251.900000000001,7810814.0,693007.0,865.907,4.47,4.92,-0.45,3.85,12.460000038146973,103.4000015258789,4559.33984375,3.7,3.133346274591186,,,,,2026-07-25 07:40:09,,2.26,-3.0818030206060887,5.33,0.0,1.336653725408813,,
2023-11-25,6251.900000000001,7810814.0,693007.0,865.907,4.47,4.92,-0.45,3.85,12.460000038146973,103.4000015258789,4559.33984375,3.7,3.133346274591186,,,,,2026-07-25 07:40:09,,2.26,-3.0818030206060887,5.33,0.0,1.336653725408813,,
2023-11-26,6251.900000000001,7810814.0,693007.0,865.907,4.47,4.92,-0.45,3.85,12.460000038146973,103.4000015258789,4559.33984375,3.7,3.133346274591186,,,,,2026-07-25 07:40:09,,2.26,-3.0818030206060887,5.33,0.0,1.336653725408813,,
2023-11-27,6250.587,7810814.0,693007.0,867.22,4.39,4.84,-0.45,3.89,12.6899995803833,103.1999969482422,4550.43017578125,3.7,3.133346274591186,,,,,2026-07-25 07:40:09,,2.21,-3.0818030206060887,5.33,0.0,1.256653725408813,,
2023-11-28,6244.463000000001,7810814.0,693007.0,873.344,4.34,4.73,-0.39,3.9,12.6899995803833,102.75,4554.89013671875,3.7,3.133346274591186,,,,,2026-07-25 07:40:09,,2.22,-3.0818030206060887,5.33,0.0,1.2066537254088132,,
2023-11-29,6128.388000000001,7796145.0,753570.0,914.187,4.27,4.64,-0.37,3.8,12.979999542236328,102.7699966430664,4550.580078125,3.7,3.133346274591186,,,,,2026-07-25 07:40:09,,2.21,-3.0818030206060887,5.33,0.0,1.136653725408813,,
2023-11-30,6154.753000000001,7796145.0,753570.0,887.822,4.37,4.73,-0.36,3.84,12.920000076293944,103.5,4567.7998046875,3.7,3.133346274591186,,,,,2026-07-25 07:40:09,,2.23,-3.0818030206060887,5.33,0.0,1.2366537254088137,,
2023-12-01,6274.032000000001,7796145.0,753570.0,768.543,4.22,4.56,-0.34,3.87,12.630000114440918,103.2699966430664,4594.6298828125,3.8,3.3159099427102934,,,,,2026-07-25 07:40:09,,2.22,-2.4090217370883127,5.33,0.0,0.9040900572897064,,
2023-12-02,6274.032000000001,7796145.0,753570.0,768.543,4.22,4.56,-0.34,3.87,12.630000114440918,103.2699966430664,4594.6298828125,3.8,3.3159099427102934,,,,,2026-07-25 07:40:09,,2.22,-2.4090217370883127,5.33,0.0,0.9040900572897064,,
2023-12-03,6274.032000000001,7796145.0,753570.0,768.543,4.22,4.56,-0.34,3.87,12.630000114440918,103.2699966430664,4594.6298828125,3.8,3.3159099427102934,,,,,2026-07-25 07:40:09,,2.22,-2.4090217370883127,5.33,0.0,0.9040900572897064,,
2023-12-04,6226.728000000001,7796145.0,753570.0,815.847,4.28,4.64,-0.36,3.8,13.079999923706056,103.63999938964844,4569.77978515625,3.8,3.3159099427102934,,,,,2026-07-25 07:40:09,,2.21,-2.4090217370883127,5.33,0.0,0.9640900572897068,,
2023-12-05,6208.147000000001,7796145.0,753570.0,834.428,4.18,4.57,-0.39,3.8,12.850000381469728,104.0500030517578,4567.18017578125,3.8,3.3159099427102934,,,,,2026-07-25 07:40:09,,2.17,-2.4090217370883127,5.33,0.0,0.8640900572897063,,
2023-12-06,6223.209000000001,7737385.0,667678.0,846.498,4.12,4.6,-0.48,3.79,12.970000267028809,104.1500015258789,4549.33984375,3.8,3.3159099427102934,,,,,2026-07-25 07:40:09,,2.14,-2.4090217370883127,5.33,0.0,0.8040900572897067,,
2023-12-07,6243.973,7737385.0,667678.0,825.734,4.14,4.58,-0.44,3.77,13.0600004196167,103.54000091552734,4585.58984375,3.8,3.3159099427102934,,,,,2026-07-25 07:40:10,,2.17,-2.4090217370883127,5.33,0.0,0.8240900572897063,,
2023-12-08,6248.299,7737385.0,667678.0,821.408,4.23,4.71,-0.48,3.75,12.350000381469728,104.01000213623048,4604.3701171875,3.8,3.3159099427102934,,,,,2026-07-25 07:40:10,,2.21,-2.4090217370883127,5.33,0.0,0.914090057289707,,
2023-12-09,6248.299,7737385.0,667678.0,821.408,4.23,4.71,-0.48,3.75,12.350000381469728,104.01000213623048,4604.3701171875,3.8,3.3159099427102934,,,,,2026-07-25 07:40:10,,2.21,-2.4090217370883127,5.33,0.0,0.914090057289707,,
2023-12-10,6248.299,7737385.0,667678.0,821.408,4.23,4.71,-0.48,3.75,12.350000381469728,104.01000213623048,4604.3701171875,3.8,3.3159099427102934,,,,,2026-07-25 07:40:10,,2.21,-2.4090217370883127,5.33,0.0,0.914090057289707,,
2023-12-11,6231.200000000001,7737385.0,667678.0,838.507,4.23,4.71,-0.48,3.79,12.630000114440918,104.0999984741211,4622.43994140625,3.8,3.3159099427102934,,,,,2026-07-25 07:40:10,,2.19,-2.4090217370883127,5.33,0.0,0.914090057289707,,
2023-12-12,6231.904,7737385.0,667678.0,837.803,4.2,4.73,-0.53,3.76,12.06999969482422,103.87000274658205,4643.7001953125,3.8,3.3159099427102934,,,,,2026-07-25 07:40:10,,2.16,-2.4090217370883127,5.33,0.0,0.8840900572897068,,
2023-12-13,6285.619,7739566.0,630618.0,823.329,4.04,4.46,-0.42,3.79,12.1899995803833,102.87000274658205,4707.08984375,3.8,3.3159099427102934,,,,,2026-07-25 07:40:10,,2.16,-2.4090217370883127,5.33,0.0,0.7240900572897067,,
2023-12-14,6339.601999999999,7739566.0,630618.0,769.346,3.92,4.37,-0.45,3.47,12.479999542236328,101.95999908447266,4719.5498046875,3.8,3.3159099427102934,,,,,2026-07-25 07:40:10,,2.22,-2.4090217370883127,5.33,0.0,0.6040900572897066,,
2023-12-15,6425.6939999999995,7739566.0,630618.0,683.254,3.91,4.44,-0.53,3.51,12.279999732971191,102.5500030517578,4719.18994140625,3.8,3.3159099427102934,,,,,2026-07-25 07:40:10,,2.22,-2.4090217370883127,5.33,0.0,0.5940900572897068,,
2023-12-16,6425.6939999999995,7739566.0,630618.0,683.254,3.91,4.44,-0.53,3.51,12.279999732971191,102.5500030517578,4719.18994140625,3.8,3.3159099427102934,,,,,2026-07-25 07:40:10,,2.22,-2.4090217370883127,5.33,0.0,0.5940900572897068,,
2023-12-17,6425.6939999999995,7739566.0,630618.0,683.254,3.91,4.44,-0.53,3.51,12.279999732971191,102.5500030517578,4719.18994140625,3.8,3.3159099427102934,,,,,2026-07-25 07:40:10,,2.22,-2.4090217370883127,5.33,0.0,0.5940900572897068,,
2023-12-18,6384.244,7739566.0,630618.0,724.704,3.95,4.43,-0.48,3.51,12.5600004196167,102.51000213623048,4740.56005859375,3.8,3.3159099427102934,,,,,2026-07-25 07:40:10,,2.21,-2.4090217370883127,5.33,0.0,0.6340900572897068,,
2023-12-19,6335.865999999999,7739566.0,630618.0,773.082,3.93,4.41,-0.48,3.46,12.529999732971191,102.16999816894533,4768.3701171875,3.8,3.3159099427102934,,,,,2026-07-25 07:40:10,,2.19,-2.4090217370883127,5.33,0.0,0.6140900572897068,,
2023-12-20,6212.1990000000005,7724063.0,732721.0,779.143,3.86,4.34,-0.48,3.43,13.670000076293944,102.41000366210938,4698.35009765625,3.8,3.3159099427102934,,,,,2026-07-25 07:40:10,,2.19,-2.4090217370883127,5.33,0.0,0.5440900572897065,,
2023-12-21,6212.9400000000005,7724063.0,732721.0,778.402,3.89,4.33,-0.44,3.41,13.649999618530272,101.83999633789062,4746.75,3.8,3.3159099427102934,,,,,2026-07-25 07:40:10,,2.19,-2.4090217370883127,5.33,0.0,0.5740900572897067,,
2023-12-22,6219.084000000001,7724063.0,732721.0,772.258,3.9,4.31,-0.41,3.39,13.029999732971191,101.6999969482422,4754.6298828125,3.8,3.3159099427102934,,,,,2026-07-25 07:40:10,,2.19,-2.4090217370883127,5.33,0.0,0.5840900572897065,,
2023-12-23,6219.084000000001,7724063.0,732721.0,772.258,3.9,4.31,-0.41,3.39,13.029999732971191,101.6999969482422,4754.6298828125,3.8,3.3159099427102934,,,,,2026-07-25 07:40:10,,2.19,-2.4090217370883127,5.33,0.0,0.5840900572897065,,
2023-12-24,6219.084000000001,7724063.0,732721.0,772.258,3.9,4.31,-0.41,3.39,13.029999732971191,101.6999969482422,4754.6298828125,3.8,3.3159099427102934,,,,,2026-07-25 07:40:10,,2.19,-2.4090217370883127,5.33,0.0,0.5840900572897065,,
2023-12-25,6219.084000000001,7724063.0,732721.0,772.258,3.9,4.31,-0.41,3.39,13.029999732971191,101.6999969482422,4754.6298828125,3.8,3.3159099427102934,,,,,2026-07-25 07:40:10,,2.19,-2.4090217370883127,5.33,0.0,0.5840900572897065,,
2023-12-26,6197.405000000001,7724063.0,732721.0,793.937,3.89,4.26,-0.37,3.37,12.989999771118164,101.47000122070312,4774.75,3.8,3.3159099427102934,,,,,2026-07-25 07:40:10,,2.18,-2.4090217370883127,5.33,0.0,0.5740900572897067,,
2023-12-27,6180.848,7712781.0,713064.0,818.869,3.79,4.2,-0.41,3.34,12.43000030517578,100.98999786376952,4781.580078125,3.8,3.3159099427102934,,,,,2026-07-25 07:40:10,,2.15,-2.4090217370883127,5.33,0.0,0.4740900572897066,,
2023-12-28,6170.143999999999,7712781.0,713064.0,829.573,3.84,4.26,-0.42,3.32,12.470000267028809,101.2300033569336,4783.35009765625,3.8,3.3159099427102934,,,,,2026-07-25 07:40:10,,2.16,-2.4090217370883127,5.33,0.0,0.5240900572897065,,
2023-12-29,5981.2339999999995,7712781.0,713064.0,1018.483,3.88,4.23,-0.35,3.34,12.449999809265137,101.33000183105467,4769.830078125,3.8,3.3159099427102934,,,,,2026-07-25 07:40:10,,2.16,-2.4090217370883127,5.33,0.0,0.5640900572897065,,
2023-12-30,5981.2339999999995,7712781.0,713064.0,1018.483,3.88,4.23,-0.35,3.34,12.449999809265137,101.33000183105467,4769.830078125,3.8,3.3159099427102934,,,,,2026-07-25 07:40:10,,2.16,-2.4090217370883127,5.33,0.0,0.5640900572897065,,
2023-12-31,5981.2339999999995,7712781.0,713064.0,1018.483,3.88,4.23,-0.35,3.39,12.449999809265137,101.33000183105467,4769.830078125,3.8,3.3159099427102934,,,,,2026-07-25 07:40:10,,2.16,-2.4090217370883127,5.33,0.0,0.5640900572897065,,
2024-01-01,5981.2339999999995,7712781.0,713064.0,1018.483,3.88,4.23,-0.35,3.39,12.449999809265137,101.33000183105467,4769.830078125,3.7,3.0883429864855705,,,,,2026-07-25 07:40:10,,2.16,-2.0475201368459706,5.33,0.0,0.7916570135144294,,
2024-01-02,6294.852999999999,7712781.0,713064.0,704.864,3.95,4.33,-0.38,3.54,13.199999809265137,102.1999969482422,4742.830078125,3.7,3.0883429864855705,,,,,2026-07-25 07:40:10,,2.21,-2.0475201368459706,5.33,0.0,0.8616570135144297,,
2024-01-03,6217.6630000000005,7681024.0,743464.0,719.897,3.91,4.33,-0.42,3.71,14.039999961853027,102.45999908447266,4704.81005859375,3.7,3.0883429864855705,,,,,2026-07-25 07:40:10,,2.2,-2.0475201368459706,5.33,0.0,0.8216570135144297,,
2024-01-04,6272.661,7681024.0,743464.0,664.899,3.99,4.38,-0.39,3.69,14.130000114440918,102.41999816894533,4688.68017578125,3.7,3.0883429864855705,,,,,2026-07-25 07:40:10,,2.22,-2.0475201368459706,5.33,0.0,0.9016570135144296,,
2024-01-05,6243.082,7681024.0,743464.0,694.478,4.05,4.4,-0.35,3.68,13.350000381469728,102.41000366210938,4697.240234375,3.7,3.0883429864855705,,,,,2026-07-25 07:40:10,,2.22,-2.0475201368459706,5.33,0.0,0.9616570135144292,,
2024-01-06,6243.082,7681024.0,743464.0,694.478,4.05,4.4,-0.35,3.68,13.350000381469728,102.41000366210938,4697.240234375,3.7,3.0883429864855705,,,,,2026-07-25 07:40:10,,2.22,-2.0475201368459706,5.33,0.0,0.9616570135144292,,
2024-01-07,6243.082,7681024.0,743464.0,694.478,4.05,4.4,-0.35,3.68,13.350000381469728,102.41000366210938,4697.240234375,3.7,3.0883429864855705,,,,,2026-07-25 07:40:10,,2.22,-2.0475201368459706,5.33,0.0,0.9616570135144292,,
2024-01-08,6246.075000000001,7681024.0,743464.0,691.485,4.01,4.36,-0.35,3.63,13.079999923706056,102.20999908447266,4763.5400390625,3.7,3.0883429864855705,,,,,2026-07-25 07:40:10,,2.22,-2.0475201368459706,5.33,0.0,0.9216570135144292,,
2024-01-09,6261.51,7681024.0,743464.0,676.05,4.02,4.36,-0.34,3.59,12.760000228881836,102.56999969482422,4756.5,3.7,3.0883429864855705,,,,,2026-07-25 07:40:10,,2.22,-2.0475201368459706,5.33,0.0,0.9316570135144292,,
2024-01-10,6278.893,7686710.0,727856.0,679.961,4.04,4.37,-0.33,3.5,12.6899995803833,102.36000061035156,4783.4501953125,3.7,3.0883429864855705,,,,,2026-07-25 07:40:10,,2.22,-2.0475201368459706,5.33,0.0,0.9516570135144296,,
2024-01-11,6332.484,7686710.0,727856.0,626.37,3.98,4.26,-0.28,3.55,12.4399995803833,102.29000091552734,4780.240234375,3.7,3.0883429864855705,,,,,2026-07-25 07:40:10,,2.22,-2.0475201368459706,5.33,0.0,0.8916570135144295,,
2024-01-12,6355.738,7686710.0,727856.0,603.116,3.96,4.14,-0.18,3.56,12.699999809265137,102.4000015258789,4783.830078125,3.7,3.0883429864855705,,,,,2026-07-25 07:40:10,,2.27,-2.0475201368459706,5.33,0.0,0.8716570135144295,,
2024-01-13,6355.738,7686710.0,727856.0,603.116,3.96,4.14,-0.18,3.56,12.699999809265137,102.4000015258789,4783.830078125,3.7,3.0883429864855705,,,,,2026-07-25 07:40:10,,2.27,-2.0475201368459706,5.33,0.0,0.8716570135144295,,
2024-01-14,6355.738,7686710.0,727856.0,603.116,3.96,4.14,-0.18,3.56,12.699999809265137,102.4000015258789,4783.830078125,3.7,3.0883429864855705,,,,,2026-07-25 07:40:10,,2.27,-2.0475201368459706,5.33,0.0,0.8716570135144295,,
2024-01-15,6355.738,7686710.0,727856.0,603.116,3.96,4.14,-0.18,3.54,12.699999809265137,102.4000015258789,4783.830078125,3.7,3.0883429864855705,,,,,2026-07-25 07:40:10,,2.27,-2.0475201368459706,5.33,0.0,0.8716570135144295,,
2024-01-16,6375.751,7686710.0,727856.0,583.103,4.07,4.22,-0.15,3.58,13.84000015258789,103.36000061035156,4765.97998046875,3.7,3.0883429864855705,,,,,2026-07-25 07:40:10,,2.3,-2.0475201368459706,5.33,0.0,0.9816570135144298,,
2024-01-17,6310.006,7673741.0,773544.0,590.191,4.1,4.34,-0.24,3.62,14.789999961853027,103.4499969482422,4739.2099609375,3.7,3.0883429864855705,,,,,2026-07-25 07:40:10,,2.3,-2.0475201368459706,5.33,0.0,1.0116570135144292,,
2024-01-18,6281.963,7673741.0,773544.0,618.234,4.14,4.34,-0.2,3.58,14.130000114440918,103.54000091552734,4780.93994140625,3.7,3.0883429864855705,,,,,2026-07-25 07:40:10,,2.34,-2.0475201368459706,5.33,0.0,1.0516570135144292,,
2024-01-19,6275.015,7673741.0,773544.0,625.182,4.15,4.39,-0.24,3.54,13.300000190734863,103.29000091552734,4839.81005859375,3.7,3.0883429864855705,,,,,2026-07-25 07:40:10,,2.34,-2.0475201368459706,5.33,0.0,1.06165701351443,,
2024-01-20,6275.015,7673741.0,773544.0,625.182,4.15,4.39,-0.24,3.54,13.300000190734863,103.29000091552734,4839.81005859375,3.7,3.0883429864855705,,,,,2026-07-25 07:40:10,,2.34,-2.0475201368459706,5.33,0.0,1.06165701351443,,
2024-01-21,6275.015,7673741.0,773544.0,625.182,4.15,4.39,-0.24,3.54,13.300000190734863,103.29000091552734,4839.81005859375,3.7,3.0883429864855705,,,,,2026-07-25 07:40:10,,2.34,-2.0475201368459706,5.33,0.0,1.06165701351443,,
2024-01-22,6253.094,7673741.0,773544.0,647.103,4.11,4.37,-0.26,3.49,13.1899995803833,103.33000183105467,4850.43017578125,3.7,3.0883429864855705,,,,,2026-07-25 07:40:10,,2.31,-2.0475201368459706,5.33,0.0,1.0216570135144298,,
2024-01-23,6279.002,7673741.0,773544.0,621.195,4.14,4.31,-0.17,3.51,12.550000190734863,103.62000274658205,4864.60009765625,3.7,3.0883429864855705,,,,,2026-07-25 07:40:10,,2.29,-2.0475201368459706,5.33,0.0,1.0516570135144292,,
2024-01-24,6222.511,7677230.0,815159.0,639.56,4.18,4.34,-0.16,3.44,13.140000343322754,103.23999786376952,4868.5498046875,3.7,3.0883429864855705,,,,,2026-07-25 07:40:10,,2.3,-2.0475201368459706,5.33,0.0,1.0916570135144292,,
2024-01-25,6304.384,7677230.0,815159.0,557.687,4.14,4.28,-0.14,3.45,13.449999809265137,103.56999969482422,4894.16015625,3.7,3.0883429864855705,,,,,2026-07-25 07:40:10,,2.29,-2.0475201368459706,5.33,0.0,1.0516570135144292,,
2024-01-26,6291.243,7677230.0,815159.0,570.828,4.15,4.34,-0.19,3.39,13.260000228881836,103.47000122070312,4890.97021484375,3.7,3.0883429864855705,,,,,2026-07-25 07:40:10,,2.3,-2.0475201368459706,5.33,0.0,1.06165701351443,,
2024-01-27,6291.243,7677230.0,815159.0,570.828,4.15,4.34,-0.19,3.39,13.260000228881836,103.47000122070312,4890.97021484375,3.7,3.0883429864855705,,,,,2026-07-25 07:40:10,,2.3,-2.0475201368459706,5.33,0.0,1.06165701351443,,
2024-01-28,6291.243,7677230.0,815159.0,570.828,4.15,4.34,-0.19,3.39,13.260000228881836,103.47000122070312,4890.97021484375,3.7,3.0883429864855705,,,,,2026-07-25 07:40:10,,2.3,-2.0475201368459706,5.33,0.0,1.06165701351443,,
2024-01-29,6280.661,7677230.0,815159.0,581.41,4.08,4.29,-0.21,3.41,13.600000381469728,103.61000061035156,4927.93017578125,3.7,3.0883429864855705,,,,,2026-07-25 07:40:10,,2.3,-2.0475201368459706,5.33,0.0,0.9916570135144296,,
2024-01-30,6284.316,7677230.0,815159.0,577.755,4.06,4.36,-0.3,3.42,13.3100004196167,103.4000015258789,4924.97021484375,3.7,3.0883429864855705,,,,,2026-07-25 07:40:10,,2.26,-2.0475201368459706,5.33,0.0,0.9716570135144292,,
2024-01-31,6149.264,7630124.0,865481.0,615.379,3.99,4.27,-0.28,3.59,14.350000381469728,103.2699966430664,4845.64990234375,3.7,3.0883429864855705,,,,,2026-07-25 07:40:10,,2.26,-2.0475201368459706,5.33,0.0,0.9016570135144296,,
2024-02-01,6261.095,7630124.0,865481.0,503.548,3.87,4.2,-0.33,3.56,13.880000114440918,103.0500030517578,4906.18994140625,3.9,3.157074141648697,,,,,2026-07-25 07:40:11,,2.19,-1.4871060981235695,5.33,0.0,0.7129258583513032,,
2024-02-02,6251.221,7630124.0,865481.0,513.422,4.03,4.36,-0.33,3.47,13.850000381469728,103.91999816894533,4958.60986328125,3.9,3.157074141648697,,,,,2026-07-25 07:40:11,,2.21,-1.4871060981235695,5.33,0.0,0.8729258583513033,,
2024-02-03,6251.221,7630124.0,865481.0,513.422,4.03,4.36,-0.33,3.47,13.850000381469728,103.91999816894533,4958.60986328125,3.9,3.157074141648697,,,,,2026-07-25 07:40:11,,2.21,-1.4871060981235695,5.33,0.0,0.8729258583513033,,
2024-02-04,6251.221,7630124.0,865481.0,513.422,4.03,4.36,-0.33,3.47,13.850000381469728,103.91999816894533,4958.60986328125,3.9,3.157074141648697,,,,,2026-07-25 07:40:11,,2.21,-1.4871060981235695,5.33,0.0,0.8729258583513033,,
2024-02-05,6212.354,7630124.0,865481.0,552.289,4.17,4.46,-0.29,3.5,13.670000076293944,104.4499969482422,4942.81005859375,3.9,3.157074141648697,,,,,2026-07-25 07:40:11,,2.27,-1.4871060981235695,5.33,0.0,1.012925858351303,,
2024-02-06,6232.204,7630124.0,865481.0,532.439,4.09,4.39,-0.3,3.52,13.0600004196167,104.18000030517578,4954.22998046875,3.9,3.157074141648697,,,,,2026-07-25 07:40:11,,2.24,-1.4871060981235695,5.33,0.0,0.9329258583513028,,
2024-02-07,6256.67,7631300.0,821575.0,553.055,4.09,4.41,-0.32,3.43,12.829999923706056,104.04000091552734,4995.06005859375,3.9,3.157074141648697,,,,,2026-07-25 07:40:11,,2.23,-1.4871060981235695,5.33,0.0,0.9329258583513028,,
2024-02-08,6274.02,7631300.0,821575.0,535.705,4.15,4.46,-0.31,3.38,12.789999961853027,104.1500015258789,4997.91015625,3.9,3.157074141648697,,,,,2026-07-25 07:40:11,,2.24,-1.4871060981235695,5.33,0.0,0.9929258583513034,,
2024-02-09,6240.55,7631300.0,821575.0,569.175,4.17,4.48,-0.31,3.33,12.93000030517578,104.08000183105467,5026.60986328125,3.9,3.157074141648697,,,,,2026-07-25 07:40:11,,2.25,-1.4871060981235695,5.33,0.0,1.012925858351303,,
2024-02-10,6240.55,7631300.0,821575.0,569.175,4.17,4.48,-0.31,3.33,12.93000030517578,104.08000183105467,5026.60986328125,3.9,3.157074141648697,,,,,2026-07-25 07:40:11,,2.25,-1.4871060981235695,5.33,0.0,1.012925858351303,,
2024-02-11,6240.55,7631300.0,821575.0,569.175,4.17,4.48,-0.31,3.33,12.93000030517578,104.08000183105467,5026.60986328125,3.9,3.157074141648697,,,,,2026-07-25 07:40:11,,2.25,-1.4871060981235695,5.33,0.0,1.012925858351303,,
2024-02-12,6228.157,7631300.0,821575.0,581.568,4.17,4.46,-0.29,3.35,13.93000030517578,104.16999816894533,5021.83984375,3.9,3.157074141648697,,,,,2026-07-25 07:40:11,,2.24,-1.4871060981235695,5.33,0.0,1.012925858351303,,
2024-02-13,6256.041,7631300.0,821575.0,553.684,4.31,4.64,-0.33,3.36,15.850000381469728,104.95999908447266,4953.169921875,3.9,3.157074141648697,,,,,2026-07-25 07:40:11,,2.29,-1.4871060981235695,5.33,0.0,1.152925858351303,,
2024-02-14,6226.661999999999,7633874.0,831880.0,575.332,4.27,4.56,-0.29,3.38,14.380000114440918,104.72000122070312,5000.6201171875,3.9,3.157074141648697,,,,,2026-07-25 07:40:11,,2.3,-1.4871060981235695,5.33,0.0,1.1129258583513026,,
2024-02-15,6308.929,7633874.0,831880.0,493.065,4.24,4.56,-0.32,3.35,14.010000228881836,104.3000030517578,5029.72998046875,3.9,3.157074141648697,,,,,2026-07-25 07:40:11,,2.3,-1.4871060981235695,5.33,0.0,1.0829258583513033,,
2024-02-16,6269.869,7633874.0,831880.0,532.125,4.3,4.64,-0.34,3.34,14.239999771118164,104.27999877929688,5005.56982421875,3.9,3.157074141648697,,,,,2026-07-25 07:40:11,,2.33,-1.4871060981235695,5.33,0.0,1.142925858351303,,
2024-02-17,6269.869,7633874.0,831880.0,532.125,4.3,4.64,-0.34,3.34,14.239999771118164,104.27999877929688,5005.56982421875,3.9,3.157074141648697,,,,,2026-07-25 07:40:11,,2.33,-1.4871060981235695,5.33,0.0,1.142925858351303,,
2024-02-18,6269.869,7633874.0,831880.0,532.125,4.3,4.64,-0.34,3.34,14.239999771118164,104.27999877929688,5005.56982421875,3.9,3.157074141648697,,,,,2026-07-25 07:40:11,,2.33,-1.4871060981235695,5.33,0.0,1.142925858351303,,
2024-02-19,6269.869,7633874.0,831880.0,532.125,4.3,4.64,-0.34,3.34,14.239999771118164,104.27999877929688,5005.56982421875,3.9,3.157074141648697,,,,,2026-07-25 07:40:11,,2.33,-1.4871060981235695,5.33,0.0,1.142925858351303,,
2024-02-20,6271.115,7633874.0,831880.0,530.879,4.27,4.59,-0.32,3.37,15.420000076293944,104.08000183105467,4975.509765625,3.9,3.157074141648697,,,,,2026-07-25 07:40:11,,2.32,-1.4871060981235695,5.33,0.0,1.1129258583513026,,
2024-02-21,6218.042,7581683.0,788759.0,574.882,4.32,4.64,-0.32,3.34,15.34000015258789,104.01000213623048,4981.7998046875,3.9,3.157074141648697,,,,,2026-07-25 07:40:11,,2.34,-1.4871060981235695,5.33,0.0,1.1629258583513034,,
2024-02-22,6239.679,7581683.0,788759.0,553.245,4.33,4.69,-0.36,3.22,14.539999961853027,103.95999908447266,5087.02978515625,3.9,3.157074141648697,,,,,2026-07-25 07:40:11,,2.31,-1.4871060981235695,5.33,0.0,1.1729258583513031,,
2024-02-23,6272.817,7581683.0,788759.0,520.107,4.26,4.67,-0.41,3.23,13.75,103.94000244140624,5088.7998046875,3.9,3.157074141648697,,,,,2026-07-25 07:40:11,,2.3,-1.4871060981235695,5.33,0.0,1.1029258583513029,,
2024-02-24,6272.817,7581683.0,788759.0,520.107,4.26,4.67,-0.41,3.23,13.75,103.94000244140624,5088.7998046875,3.9,3.157074141648697,,,,,2026-07-25 07:40:11,,2.3,-1.4871060981235695,5.33,0.0,1.1029258583513029,,
2024-02-25,6272.817,7581683.0,788759.0,520.107,4.26,4.67,-0.41,3.23,13.75,103.94000244140624,5088.7998046875,3.9,3.157074141648697,,,,,2026-07-25 07:40:11,,2.3,-1.4871060981235695,5.33,0.0,1.1029258583513029,,
2024-02-26,6267.965,7581683.0,788759.0,524.959,4.28,4.69,-0.41,3.23,13.739999771118164,103.83000183105467,5069.52978515625,3.9,3.157074141648697,,,,,2026-07-25 07:40:11,,2.31,-1.4871060981235695,5.33,0.0,1.122925858351303,,
2024-02-27,6273.199,7581683.0,788759.0,519.725,4.31,4.7,-0.39,3.26,13.43000030517578,103.83000183105467,5078.18017578125,3.9,3.157074141648697,,,,,2026-07-25 07:40:11,,2.32,-1.4871060981235695,5.33,0.0,1.152925858351303,,
2024-02-28,6230.280000000001,7567807.0,767672.0,569.855,4.27,4.64,-0.37,3.31,13.84000015258789,103.9800033569336,5069.759765625,3.9,3.157074141648697,,,,,2026-07-25 07:40:11,,2.33,-1.4871060981235695,5.33,0.0,1.1129258583513026,,
2024-02-29,6298.061000000001,7567807.0,767672.0,502.074,4.25,4.64,-0.39,3.29,13.399999618530272,104.16000366210938,5096.27001953125,3.9,3.0302729101023385,,,,,2026-07-25 07:40:11,,2.33,-0.0954804336721348,5.33,0.0,1.2197270898976615,,
2024-03-01,6358.87,7567807.0,767672.0,441.265,4.19,4.54,-0.35,3.32,13.109999656677246,103.86000061035156,5137.080078125,3.9,3.4868349120836584,,,,,2026-07-25 07:40:11,,2.32,0.12746637895229,5.33,0.0,0.703165087916342,,
2024-03-02,6358.87,7567807.0,767672.0,441.265,4.19,4.54,-0.35,3.32,13.109999656677246,103.86000061035156,5137.080078125,3.9,3.4868349120836584,,,,,2026-07-25 07:40:11,,2.32,0.12746637895229,5.33,0.0,0.703165087916342,,
2024-03-03,6358.87,7567807.0,767672.0,441.265,4.19,4.54,-0.35,3.32,13.109999656677246,103.86000061035156,5137.080078125,3.9,3.4868349120836584,,,,,2026-07-25 07:40:11,,2.32,0.12746637895229,5.33,0.0,0.703165087916342,,
2024-03-04,6360.342000000001,7567807.0,767672.0,439.793,4.22,4.61,-0.39,3.26,13.489999771118164,103.83000183105467,5130.9501953125,3.9,3.4868349120836584,,,,,2026-07-25 07:40:11,,2.34,0.12746637895229,5.33,0.0,0.7331650879163414,,
2024-03-05,6355.661,7567807.0,767672.0,444.474,4.13,4.54,-0.41,3.31,14.460000038146973,103.8000030517578,5078.64990234375,3.9,3.4868349120836584,,,,,2026-07-25 07:40:11,,2.32,0.12746637895229,5.33,0.0,0.6431650879163415,,
2024-03-06,6321.46,7538857.0,760550.0,456.847,4.11,4.55,-0.44,3.27,14.5,103.37000274658205,5104.759765625,3.9,3.4868349120836584,,,,,2026-07-25 07:40:11,,2.3,0.12746637895229,5.33,0.0,0.623165087916342,,
2024-03-07,6341.553,7538857.0,760550.0,436.754,4.09,4.5,-0.41,3.27,14.4399995803833,102.81999969482422,5157.35986328125,3.9,3.4868349120836584,,,,,2026-07-25 07:40:11,,2.28,0.12746637895229,5.33,0.0,0.6031650879163415,,
2024-03-08,6333.504,7538857.0,760550.0,444.803,4.09,4.48,-0.39,3.26,14.739999771118164,102.73999786376952,5123.68994140625,3.9,3.4868349120836584,,,,,2026-07-25 07:40:11,,2.28,0.12746637895229,5.33,0.0,0.6031650879163415,,
2024-03-09,6333.504,7538857.0,760550.0,444.803,4.09,4.48,-0.39,3.26,14.739999771118164,102.73999786376952,5123.68994140625,3.9,3.4868349120836584,,,,,2026-07-25 07:40:11,,2.28,0.12746637895229,5.33,0.0,0.6031650879163415,,
2024-03-10,6333.504,7538857.0,760550.0,444.803,4.09,4.48,-0.39,3.26,14.739999771118164,102.73999786376952,5123.68994140625,3.9,3.4868349120836584,,,,,2026-07-25 07:40:11,,2.28,0.12746637895229,5.33,0.0,0.6031650879163415,,
2024-03-11,6299.579,7538857.0,760550.0,478.728,4.1,4.51,-0.41,3.26,15.220000267028809,102.87000274658205,5117.93994140625,3.9,3.4868349120836584,,,,,2026-07-25 07:40:11,,2.27,0.12746637895229,5.33,0.0,0.6131650879163413,,
2024-03-12,6301.445,7538857.0,760550.0,476.862,4.16,4.58,-0.42,3.2,13.84000015258789,102.95999908447266,5175.27001953125,3.9,3.4868349120836584,,,,,2026-07-25 07:40:11,,2.3,0.12746637895229,5.33,0.0,0.6731650879163418,,
2024-03-13,6271.843,7541969.0,748388.0,521.738,4.19,4.61,-0.42,3.15,13.75,102.79000091552734,5165.31005859375,3.9,3.4868349120836584,,,,,2026-07-25 07:40:11,,2.3,0.12746637895229,5.33,0.0,0.703165087916342,,
2024-03-14,6310.008,7541969.0,748388.0,483.573,4.29,4.68,-0.39,3.15,14.399999618530272,103.36000061035156,5150.47998046875,3.9,3.4868349120836584,,,,,2026-07-25 07:40:11,,2.3,0.12746637895229,5.33,0.0,0.8031650879163417,,
2024-03-15,6379.704,7541969.0,748388.0,413.877,4.31,4.72,-0.41,3.16,14.40999984741211,103.43000030517578,5117.08984375,3.9,3.4868349120836584,,,,,2026-07-25 07:40:11,,2.32,0.12746637895229,5.33,0.0,0.8231650879163412,,
2024-03-16,6379.704,7541969.0,748388.0,413.877,4.31,4.72,-0.41,3.16,14.40999984741211,103.43000030517578,5117.08984375,3.9,3.4868349120836584,,,,,2026-07-25 07:40:11,,2.32,0.12746637895229,5.33,0.0,0.8231650879163412,,
2024-03-17,6379.704,7541969.0,748388.0,413.877,4.31,4.72,-0.41,3.16,14.40999984741211,103.43000030517578,5117.08984375,3.9,3.4868349120836584,,,,,2026-07-25 07:40:11,,2.32,0.12746637895229,5.33,0.0,0.8231650879163412,,
2024-03-18,6352.985000000001,7541969.0,748388.0,440.596,4.34,4.73,-0.39,3.13,14.329999923706056,103.58000183105467,5149.419921875,3.9,3.4868349120836584,,,,,2026-07-25 07:40:11,,2.31,0.12746637895229,5.33,0.0,0.8531650879163415,,
2024-03-19,6346.603,7541969.0,748388.0,446.978,4.3,4.68,-0.38,3.1,13.81999969482422,103.80999755859376,5178.509765625,3.9,3.4868349120836584,,,,,2026-07-25 07:40:11,,2.3,0.12746637895229,5.33,0.0,0.8131650879163415,,
2024-03-20,6205.4980000000005,7514348.0,812605.0,496.245,4.27,4.59,-0.32,3.14,13.039999961853027,103.41000366210938,5224.6201171875,3.9,3.4868349120836584,,,,,2026-07-25 07:40:11,,2.31,0.12746637895229,5.33,0.0,0.7831650879163412,,
2024-03-21,6241.112,7514348.0,812605.0,460.631,4.27,4.62,-0.35,3.05,12.920000076293944,104.0,5241.52978515625,3.9,3.4868349120836584,,,,,2026-07-25 07:40:11,,2.34,0.12746637895229,5.33,0.0,0.7831650879163412,,
2024-03-22,6223.212,7514348.0,812605.0,478.531,4.22,4.59,-0.37,3.08,13.0600004196167,104.43000030517578,5234.18017578125,3.9,3.4868349120836584,,,,,2026-07-25 07:40:11,,2.35,0.12746637895229,5.33,0.0,0.7331650879163414,,
2024-03-23,6223.212,7514348.0,812605.0,478.531,4.22,4.59,-0.37,3.08,13.0600004196167,104.43000030517578,5234.18017578125,3.9,3.4868349120836584,,,,,2026-07-25 07:40:11,,2.35,0.12746637895229,5.33,0.0,0.7331650879163414,,
2024-03-24,6223.212,7514348.0,812605.0,478.531,4.22,4.59,-0.37,3.08,13.0600004196167,104.43000030517578,5234.18017578125,3.9,3.4868349120836584,,,,,2026-07-25 07:40:11,,2.35,0.12746637895229,5.33,0.0,0.7331650879163414,,
2024-03-25,6227.956,7514348.0,812605.0,473.787,4.25,4.54,-0.29,3.11,13.1899995803833,104.2300033569336,5218.18994140625,3.9,3.4868349120836584,,,,,2026-07-25 07:40:11,,2.33,0.12746637895229,5.33,0.0,0.7631650879163416,,
2024-03-26,6205.6810000000005,7514348.0,812605.0,496.062,4.24,4.56,-0.32,3.15,13.239999771118164,104.29000091552734,5203.580078125,3.9,3.4868349120836584,,,,,2026-07-25 07:40:11,,2.32,0.12746637895229,5.33,0.0,0.7531650879163418,,
2024-03-27,6194.121999999999,7484739.0,772260.0,518.357,4.2,4.54,-0.34,3.15,12.779999732971191,104.3499984741211,5248.490234375,3.9,3.4868349120836584,,,,,2026-07-25 07:40:11,,2.32,0.12746637895229,5.33,0.0,0.7131650879163418,,
2024-03-28,6118.0509999999995,7484739.0,772260.0,594.428,4.2,4.59,-0.39,3.12,13.010000228881836,104.5500030517578,5254.35009765625,3.9,3.4868349120836584,,,,,2026-07-25 07:40:11,,2.32,0.12746637895229,5.33,0.0,0.7131650879163418,,
2024-03-29,6118.0509999999995,7484739.0,772260.0,594.428,4.2,4.59,-0.39,3.12,13.010000228881836,104.5500030517578,5254.35009765625,3.9,3.4868349120836584,,,,,2026-07-25 07:40:11,,2.32,0.12746637895229,5.33,0.0,0.7131650879163418,,
2024-03-30,6118.0509999999995,7484739.0,772260.0,594.428,4.2,4.59,-0.39,3.12,13.010000228881836,104.5500030517578,5254.35009765625,3.9,3.4868349120836584,,,,,2026-07-25 07:40:12,,2.32,0.12746637895229,5.33,0.0,0.7131650879163418,,
2024-03-31,6118.0509999999995,7484739.0,772260.0,594.428,4.2,4.59,-0.39,3.15,13.010000228881836,104.5500030517578,5254.35009765625,3.9,3.136918225494889,,,,,2026-07-25 07:40:12,,2.32,1.021612326781085,5.33,0.0,1.063081774505111,,
2024-04-01,6270.575999999999,7484739.0,772260.0,441.903,4.33,4.72,-0.39,3.12,13.649999618530272,105.0199966430664,5243.77001953125,3.9,3.360795126219674,,,,,2026-07-25 07:40:12,,2.35,0.9551425007104486,5.33,0.0,0.9692048737803268,,
2024-04-02,6264.054999999999,7484739.0,772260.0,448.424,4.36,4.7,-0.34,3.23,14.609999656677246,104.81999969482422,5205.81005859375,3.9,3.360795126219674,,,,,2026-07-25 07:40:12,,2.36,0.9551425007104486,5.33,0.0,0.999204873780327,,
2024-04-03,6270.098999999999,7439558.0,732828.0,436.631,4.36,4.68,-0.32,3.23,14.329999923706056,104.25,5211.490234375,3.9,3.360795126219674,,,,,2026-07-25 07:40:12,,2.36,0.9551425007104486,5.33,0.0,0.999204873780327,,
2024-04-04,6267.965999999999,7439558.0,732828.0,438.764,4.31,4.65,-0.34,3.24,16.350000381469727,104.12000274658205,5147.2099609375,3.9,3.360795126219674,,,,,2026-07-25 07:40:12,,2.34,0.9551425007104486,5.33,0.0,0.9492048737803264,,
2024-04-05,6268.410999999999,7439558.0,732828.0,438.319,4.39,4.73,-0.34,3.18,16.030000686645508,104.3000030517578,5204.33984375,3.9,3.360795126219674,,,,,2026-07-25 07:40:12,,2.37,0.9551425007104486,5.33,0.0,1.0292048737803263,,
2024-04-06,6268.410999999999,7439558.0,732828.0,438.319,4.39,4.73,-0.34,3.18,16.030000686645508,104.3000030517578,5204.33984375,3.9,3.360795126219674,,,,,2026-07-25 07:40:12,,2.37,0.9551425007104486,5.33,0.0,1.0292048737803263,,
2024-04-07,6268.410999999999,7439558.0,732828.0,438.319,4.39,4.73,-0.34,3.18,16.030000686645508,104.3000030517578,5204.33984375,3.9,3.360795126219674,,,,,2026-07-25 07:40:12,,2.37,0.9551425007104486,5.33,0.0,1.0292048737803263,,
2024-04-08,6258.133,7439558.0,732828.0,448.597,4.42,4.78,-0.36,3.15,15.1899995803833,104.13999938964844,5202.39013671875,3.9,3.360795126219674,,,,,2026-07-25 07:40:12,,2.38,0.9551425007104486,5.33,0.0,1.0592048737803266,,
2024-04-09,6264.937999999999,7439558.0,732828.0,441.792,4.36,4.74,-0.38,3.14,14.979999542236328,104.1500015258789,5209.91015625,3.9,3.360795126219674,,,,,2026-07-25 07:40:12,,2.36,0.9551425007104486,5.33,0.0,0.999204873780327,,
2024-04-10,6319.823,7438176.0,672537.0,445.816,4.55,4.97,-0.42,3.1,15.800000190734863,105.25,5160.64013671875,3.9,3.360795126219674,,,,,2026-07-25 07:40:12,,2.4,0.9551425007104486,5.33,0.0,1.1892048737803265,,
2024-04-11,6310.278,7438176.0,672537.0,455.361,4.56,4.93,-0.37,3.16,14.90999984741211,105.27999877929688,5199.06005859375,3.9,3.360795126219674,,,,,2026-07-25 07:40:12,,2.4,0.9551425007104486,5.33,0.0,1.1992048737803265,,
2024-04-12,6358.317,7438176.0,672537.0,407.322,4.5,4.88,-0.38,3.25,17.309999465942383,106.04000091552734,5123.41015625,3.9,3.360795126219674,,,,,2026-07-25 07:40:12,,2.39,0.9551425007104486,5.33,0.0,1.1392048737803266,,
2024-04-13,6358.317,7438176.0,672537.0,407.322,4.5,4.88,-0.38,3.25,17.309999465942383,106.04000091552734,5123.41015625,3.9,3.360795126219674,,,,,2026-07-25 07:40:12,,2.39,0.9551425007104486,5.33,0.0,1.1392048737803266,,
2024-04-14,6358.317,7438176.0,672537.0,407.322,4.5,4.88,-0.38,3.25,17.309999465942383,106.04000091552734,5123.41015625,3.9,3.360795126219674,,,,,2026-07-25 07:40:12,,2.39,0.9551425007104486,5.33,0.0,1.1392048737803266,,
2024-04-15,6438.573,7438176.0,672537.0,327.066,4.63,4.93,-0.3,3.28,19.229999542236328,106.20999908447266,5061.81982421875,3.9,3.360795126219674,,,,,2026-07-25 07:40:12,,2.43,0.9551425007104486,5.33,0.0,1.2692048737803263,,
2024-04-16,6394.085,7438176.0,672537.0,371.554,4.67,4.97,-0.3,3.36,18.399999618530273,106.26000213623048,5051.41015625,3.9,3.360795126219674,,,,,2026-07-25 07:40:12,,2.43,0.9551425007104486,5.33,0.0,1.3092048737803266,,
2024-04-17,6035.066000000001,7405506.0,929932.0,440.508,4.59,4.93,-0.34,3.42,18.209999084472656,105.9499969482422,5022.2099609375,3.9,3.360795126219674,,,,,2026-07-25 07:40:12,,2.39,0.9551425007104486,5.33,0.0,1.2292048737803265,,
2024-04-18,6042.568,7405506.0,929932.0,433.006,4.64,4.98,-0.34,3.39,18.0,106.1500015258789,5011.1201171875,3.9,3.360795126219674,,,,,2026-07-25 07:40:12,,2.4,0.9551425007104486,5.33,0.0,1.2792048737803263,,
2024-04-19,6078.34,7405506.0,929932.0,397.234,4.62,4.97,-0.35,3.37,18.709999084472656,106.1500015258789,4967.22998046875,3.9,3.360795126219674,,,,,2026-07-25 07:40:12,,2.41,0.9551425007104486,5.33,0.0,1.2592048737803267,,
2024-04-20,6078.34,7405506.0,929932.0,397.234,4.62,4.97,-0.35,3.37,18.709999084472656,106.1500015258789,4967.22998046875,3.9,3.360795126219674,,,,,2026-07-25 07:40:12,,2.41,0.9551425007104486,5.33,0.0,1.2592048737803267,,
2024-04-21,6078.34,7405506.0,929932.0,397.234,4.62,4.97,-0.35,3.37,18.709999084472656,106.1500015258789,4967.22998046875,3.9,3.360795126219674,,,,,2026-07-25 07:40:12,,2.41,0.9551425007104486,5.33,0.0,1.2592048737803267,,
2024-04-22,6065.758000000001,7405506.0,929932.0,409.816,4.62,4.97,-0.35,3.29,16.940000534057617,106.08000183105467,5010.60009765625,3.9,3.360795126219674,,,,,2026-07-25 07:40:12,,2.41,0.9551425007104486,5.33,0.0,1.2592048737803267,,
2024-04-23,6039.694,7405506.0,929932.0,435.88,4.61,4.86,-0.25,3.2,15.6899995803833,105.69000244140624,5070.5498046875,3.9,3.360795126219674,,,,,2026-07-25 07:40:12,,2.41,0.9551425007104486,5.33,0.0,1.249204873780327,,
2024-04-24,6031.84,7402434.0,929379.0,441.215,4.65,4.89,-0.24,3.19,15.970000267028809,105.86000061035156,5071.6298828125,3.9,3.360795126219674,,,,,2026-07-25 07:40:12,,2.41,0.9551425007104486,5.33,0.0,1.289204873780327,,
2024-04-25,6029.127,7402434.0,929379.0,443.928,4.7,4.96,-0.26,3.24,15.369999885559082,105.5999984741211,5048.419921875,3.9,3.360795126219674,,,,,2026-07-25 07:40:12,,2.42,0.9551425007104486,5.33,0.0,1.3392048737803268,,
2024-04-26,6008.143,7402434.0,929379.0,464.912,4.67,4.96,-0.29,3.16,15.029999732971191,105.94000244140624,5099.9599609375,3.9,3.360795126219674,,,,,2026-07-25 07:40:12,,2.43,0.9551425007104486,5.33,0.0,1.3092048737803266,,
2024-04-27,6008.143,7402434.0,929379.0,464.912,4.67,4.96,-0.29,3.16,15.029999732971191,105.94000244140624,5099.9599609375,3.9,3.360795126219674,,,,,2026-07-25 07:40:12,,2.43,0.9551425007104486,5.33,0.0,1.3092048737803266,,
2024-04-28,6008.143,7402434.0,929379.0,464.912,4.67,4.96,-0.29,3.16,15.029999732971191,105.94000244140624,5099.9599609375,3.9,3.360795126219674,,,,,2026-07-25 07:40:12,,2.43,0.9551425007104486,5.33,0.0,1.3092048737803266,,
2024-04-29,5967.525000000001,7402434.0,929379.0,505.53,4.63,4.97,-0.34,3.12,14.670000076293944,105.58000183105467,5116.169921875,3.9,3.360795126219674,,,,,2026-07-25 07:40:12,,2.41,0.9551425007104486,5.33,0.0,1.2692048737803263,,
2024-04-30,5938.821,7402434.0,929379.0,534.234,4.69,5.04,-0.35,3.18,15.649999618530272,106.22000122070312,5035.68994140625,3.9,3.194168804024611,,,,,2026-07-25 07:40:12,,2.41,0.6241118408418789,5.33,0.0,1.4958311959753896,,
2024-05-01,6033.884,7362474.0,890442.0,438.148,4.63,4.96,-0.33,3.21,15.390000343322754,105.76000213623048,5018.39013671875,3.9,3.244278584003113,,,,,2026-07-25 07:40:12,,2.38,0.9169643200061416,5.33,0.0,1.385721415996887,,
2024-05-02,6043.352,7362474.0,890442.0,428.68,4.58,4.87,-0.29,3.16,14.68000030517578,105.3000030517578,5064.2001953125,3.9,3.244278584003113,,,,,2026-07-25 07:40:12,,2.37,0.9169643200061416,5.33,0.0,1.335721415996887,,
2024-05-03,6021.867,7362474.0,890442.0,450.165,4.5,4.81,-0.31,3.08,13.489999771118164,105.02999877929688,5127.7900390625,3.9,3.244278584003113,,,,,2026-07-25 07:40:12,,2.35,0.9169643200061416,5.33,0.0,1.255721415996887,,
2024-05-04,6021.867,7362474.0,890442.0,450.165,4.5,4.81,-0.31,3.08,13.489999771118164,105.02999877929688,5127.7900390625,3.9,3.244278584003113,,,,,2026-07-25 07:40:12,,2.35,0.9169643200061416,5.33,0.0,1.255721415996887,,
2024-05-05,6021.867,7362474.0,890442.0,450.165,4.5,4.81,-0.31,3.08,13.489999771118164,105.02999877929688,5127.7900390625,3.9,3.244278584003113,,,,,2026-07-25 07:40:12,,2.35,0.9169643200061416,5.33,0.0,1.255721415996887,,
2024-05-06,6003.062,7362474.0,890442.0,468.97,4.49,4.82,-0.33,3.03,13.489999771118164,105.0500030517578,5180.740234375,3.9,3.244278584003113,,,,,2026-07-25 07:40:12,,2.35,0.9169643200061416,5.33,0.0,1.2457214159968872,,
2024-05-07,5996.707,7362474.0,890442.0,475.325,4.47,4.82,-0.35,3.06,13.229999542236328,105.41000366210938,5187.7001953125,3.9,3.244278584003113,,,,,2026-07-25 07:40:12,,2.32,0.9169643200061416,5.33,0.0,1.2257214159968868,,
2024-05-08,6043.1720000000005,7353408.0,816809.0,493.427,4.48,4.84,-0.36,3.1,13.0,105.5500030517578,5187.669921875,3.9,3.244278584003113,,,,,2026-07-25 07:40:12,,2.31,0.9169643200061416,5.33,0.0,1.2357214159968877,,
2024-05-09,6078.049,7353408.0,816809.0,458.55,4.45,4.8,-0.35,3.14,12.6899995803833,105.2300033569336,5214.080078125,3.9,3.244278584003113,,,,,2026-07-25 07:40:12,,2.32,0.9169643200061416,5.33,0.0,1.2057214159968872,,
2024-05-10,6050.165,7353408.0,816809.0,486.434,4.5,4.87,-0.37,3.12,12.550000190734863,105.30999755859376,5222.68017578125,3.9,3.244278584003113,,,,,2026-07-25 07:40:12,,2.34,0.9169643200061416,5.33,0.0,1.255721415996887,,
2024-05-11,6050.165,7353408.0,816809.0,486.434,4.5,4.87,-0.37,3.12,12.550000190734863,105.30999755859376,5222.68017578125,3.9,3.244278584003113,,,,,2026-07-25 07:40:12,,2.34,0.9169643200061416,5.33,0.0,1.255721415996887,,
2024-05-12,6050.165,7353408.0,816809.0,486.434,4.5,4.87,-0.37,3.12,12.550000190734863,105.30999755859376,5222.68017578125,3.9,3.244278584003113,,,,,2026-07-25 07:40:12,,2.34,0.9169643200061416,5.33,0.0,1.255721415996887,,
2024-05-13,6044.531,7353408.0,816809.0,492.068,4.48,4.85,-0.37,3.14,13.600000381469728,105.22000122070312,5221.419921875,3.9,3.244278584003113,,,,,2026-07-25 07:40:12,,2.33,0.9169643200061416,5.33,0.0,1.2357214159968877,,
2024-05-14,6068.255,7353408.0,816809.0,468.344,4.45,4.81,-0.36,3.14,13.420000076293944,105.01000213623048,5246.68017578125,3.9,3.244278584003113,,,,,2026-07-25 07:40:12,,2.33,0.9169643200061416,5.33,0.0,1.2057214159968872,,
2024-05-15,6154.385,7304272.0,706108.0,443.779,4.36,4.73,-0.37,3.13,12.449999809265137,104.3499984741211,5308.14990234375,3.9,3.244278584003113,,,,,2026-07-25 07:40:12,,2.31,0.9169643200061416,5.33,0.0,1.1157214159968871,,
2024-05-16,6188.043,7304272.0,706108.0,410.121,4.38,4.78,-0.4,3.08,12.420000076293944,104.45999908447266,5297.10009765625,3.9,3.244278584003113,,,,,2026-07-25 07:40:12,,2.31,0.9169643200061416,5.33,0.0,1.135721415996887,,
2024-05-17,6148.791,7304272.0,706108.0,449.373,4.42,4.83,-0.41,3.09,11.989999771118164,104.4499969482422,5303.27001953125,3.9,3.244278584003113,,,,,2026-07-25 07:40:12,,2.32,0.9169643200061416,5.33,0.0,1.175721415996887,,
2024-05-18,6148.791,7304272.0,706108.0,449.373,4.42,4.83,-0.41,3.09,11.989999771118164,104.4499969482422,5303.27001953125,3.9,3.244278584003113,,,,,2026-07-25 07:40:12,,2.32,0.9169643200061416,5.33,0.0,1.175721415996887,,
2024-05-19,6148.791,7304272.0,706108.0,449.373,4.42,4.83,-0.41,3.09,11.989999771118164,104.4499969482422,5303.27001953125,3.9,3.244278584003113,,,,,2026-07-25 07:40:12,,2.32,0.9169643200061416,5.33,0.0,1.175721415996887,,
2024-05-20,6108.436,7304272.0,706108.0,489.728,4.44,4.82,-0.38,3.07,12.149999618530272,104.56999969482422,5308.1298828125,3.9,3.244278584003113,,,,,2026-07-25 07:40:12,,2.33,0.9169643200061416,5.33,0.0,1.1957214159968874,,
2024-05-21,6106.4439999999995,7304272.0,706108.0,491.72,4.41,4.82,-0.41,3.07,11.859999656677246,104.66000366210938,5321.41015625,3.9,3.244278584003113,,,,,2026-07-25 07:40:12,,2.32,0.9169643200061416,5.33,0.0,1.1657214159968872,,
2024-05-22,6092.302000000001,7299566.0,710882.0,496.382,4.43,4.86,-0.43,3.11,12.289999961853027,104.94000244140624,5307.009765625,3.9,3.244278584003113,,,,,2026-07-25 07:40:12,,2.33,0.9169643200061416,5.33,0.0,1.1857214159968867,,
2024-05-23,6121.286,7299566.0,710882.0,467.398,4.47,4.91,-0.44,3.1,12.770000457763672,105.11000061035156,5267.83984375,3.9,3.244278584003113,,,,,2026-07-25 07:40:12,,2.3,0.9169643200061416,5.33,0.0,1.2257214159968868,,
2024-05-24,6157.445000000001,7299566.0,710882.0,431.239,4.46,4.93,-0.47,3.11,11.93000030517578,104.72000122070312,5304.72021484375,3.9,3.244278584003113,,,,,2026-07-25 07:40:12,,2.32,0.9169643200061416,5.33,0.0,1.215721415996887,,
2024-05-25,6157.445000000001,7299566.0,710882.0,431.239,4.46,4.93,-0.47,3.11,11.93000030517578,104.72000122070312,5304.72021484375,3.9,3.244278584003113,,,,,2026-07-25 07:40:12,,2.32,0.9169643200061416,5.33,0.0,1.215721415996887,,
2024-05-26,6157.445000000001,7299566.0,710882.0,431.239,4.46,4.93,-0.47,3.11,11.93000030517578,104.72000122070312,5304.72021484375,3.9,3.244278584003113,,,,,2026-07-25 07:40:12,,2.32,0.9169643200061416,5.33,0.0,1.215721415996887,,
2024-05-27,6157.445000000001,7299566.0,710882.0,431.239,4.46,4.93,-0.47,3.12,11.93000030517578,104.72000122070312,5304.72021484375,3.9,3.244278584003113,,,,,2026-07-25 07:40:12,,2.32,0.9169643200061416,5.33,0.0,1.215721415996887,,
2024-05-28,6170.848,7299566.0,710882.0,417.836,4.54,4.94,-0.4,3.09,12.920000076293944,104.61000061035156,5306.0400390625,3.9,3.244278584003113,,,,,2026-07-25 07:40:12,,2.34,0.9169643200061416,5.33,0.0,1.295721415996887,,
2024-05-29,6108.985000000001,7284319.0,716020.0,459.314,4.61,4.96,-0.35,3.15,14.279999732971191,105.0999984741211,5266.9501953125,3.9,3.244278584003113,,,,,2026-07-25 07:40:13,,2.36,0.9169643200061416,5.33,0.0,1.3657214159968871,,
2024-05-30,6116.265000000001,7284319.0,716020.0,452.034,4.55,4.92,-0.37,3.19,14.470000267028809,104.72000122070312,5235.47998046875,3.9,3.244278584003113,,,,,2026-07-25 07:40:13,,2.36,0.9169643200061416,5.33,0.0,1.3057214159968868,,
2024-05-31,6128.493000000001,7284319.0,716020.0,439.806,4.51,4.89,-0.38,3.2,12.920000076293944,104.66999816894533,5277.509765625,3.9,3.013348069496802,,,,,2026-07-25 07:40:13,,2.35,1.0644640178468334,5.33,0.0,1.496651930503198,,
2024-06-01,6128.493000000001,7284319.0,716020.0,439.806,4.51,4.89,-0.38,3.2,12.920000076293944,104.66999816894533,5277.509765625,4.1,2.9702579486470926,,,,,2026-07-25 07:40:13,,2.35,1.2942805492518916,5.33,0.0,1.5397420513529072,,
2024-06-02,6128.493000000001,7284319.0,716020.0,439.806,4.51,4.89,-0.38,3.2,12.920000076293944,104.66999816894533,5277.509765625,4.1,2.9702579486470926,,,,,2026-07-25 07:40:13,,2.35,1.2942805492518916,5.33,0.0,1.5397420513529072,,
2024-06-03,6181.2300000000005,7284319.0,716020.0,387.069,4.41,4.82,-0.41,3.17,13.109999656677246,104.13999938964844,5283.39990234375,4.1,2.9702579486470926,,,,,2026-07-25 07:40:13,,2.33,1.2942805492518916,5.33,0.0,1.4397420513529076,,
2024-06-04,6190.474000000001,7284319.0,716020.0,377.825,4.33,4.77,-0.44,3.22,13.15999984741211,104.11000061035156,5291.33984375,4.1,2.9702579486470926,,,,,2026-07-25 07:40:13,,2.31,1.2942805492518916,5.33,0.0,1.3597420513529077,,
2024-06-05,6180.531999999999,7255687.0,703314.0,371.841,4.29,4.72,-0.43,3.2,12.630000114440918,104.2699966430664,5354.02978515625,4.1,2.9702579486470926,,,,,2026-07-25 07:40:13,,2.3,1.2942805492518916,5.33,0.0,1.3197420513529077,,
2024-06-06,6174.248,7255687.0,703314.0,378.125,4.28,4.72,-0.44,3.2,12.579999923706056,104.0999984741211,5352.9599609375,4.1,2.9702579486470926,,,,,2026-07-25 07:40:13,,2.28,1.2942805492518916,5.33,0.0,1.3097420513529077,,
2024-06-07,6156.911,7255687.0,703314.0,395.462,4.43,4.87,-0.44,3.15,12.220000267028809,104.88999938964844,5346.990234375,4.1,2.9702579486470926,,,,,2026-07-25 07:40:13,,2.3,1.2942805492518916,5.33,0.0,1.4597420513529071,,
2024-06-08,6156.911,7255687.0,703314.0,395.462,4.43,4.87,-0.44,3.15,12.220000267028809,104.88999938964844,5346.990234375,4.1,2.9702579486470926,,,,,2026-07-25 07:40:13,,2.3,1.2942805492518916,5.33,0.0,1.4597420513529071,,
2024-06-09,6156.911,7255687.0,703314.0,395.462,4.43,4.87,-0.44,3.15,12.220000267028809,104.88999938964844,5346.990234375,4.1,2.9702579486470926,,,,,2026-07-25 07:40:13,,2.3,1.2942805492518916,5.33,0.0,1.4597420513529071,,
2024-06-10,6135.892,7255687.0,703314.0,416.481,4.47,4.87,-0.4,3.15,12.739999771118164,105.1500015258789,5360.7900390625,4.1,2.9702579486470926,,,,,2026-07-25 07:40:13,,2.31,1.2942805492518916,5.33,0.0,1.4997420513529072,,
2024-06-11,6141.924,7255687.0,703314.0,410.449,4.39,4.81,-0.42,3.19,12.850000381469728,105.2300033569336,5375.31982421875,4.1,2.9702579486470926,,,,,2026-07-25 07:40:13,,2.27,1.2942805492518916,5.33,0.0,1.419742051352907,,
2024-06-12,6161.188000000001,7258974.0,650212.0,447.574,4.31,4.75,-0.44,3.09,12.039999961853027,104.6500015258789,5421.02978515625,4.1,2.9702579486470926,,,,,2026-07-25 07:40:13,,2.22,1.2942805492518916,5.33,0.0,1.339742051352907,,
2024-06-13,6178.898000000001,7258974.0,650212.0,429.864,4.24,4.68,-0.44,3.2,11.9399995803833,105.1999969482422,5433.740234375,4.1,2.9702579486470926,,,,,2026-07-25 07:40:13,,2.21,1.2942805492518916,5.33,0.0,1.2697420513529076,,
2024-06-14,6221.877,7258974.0,650212.0,386.885,4.2,4.67,-0.47,3.29,12.65999984741211,105.5500030517578,5431.60009765625,4.1,2.9702579486470926,,,,,2026-07-25 07:40:13,,2.17,1.2942805492518916,5.33,0.0,1.2297420513529076,,
2024-06-15,6221.877,7258974.0,650212.0,386.885,4.2,4.67,-0.47,3.29,12.65999984741211,105.5500030517578,5431.60009765625,4.1,2.9702579486470926,,,,,2026-07-25 07:40:13,,2.17,1.2942805492518916,5.33,0.0,1.2297420513529076,,
2024-06-16,6221.877,7258974.0,650212.0,386.885,4.2,4.67,-0.47,3.29,12.65999984741211,105.5500030517578,5431.60009765625,4.1,2.9702579486470926,,,,,2026-07-25 07:40:13,,2.17,1.2942805492518916,5.33,0.0,1.2297420513529076,,
2024-06-17,6275.3330000000005,7258974.0,650212.0,333.429,4.28,4.75,-0.47,3.26,12.75,105.31999969482422,5473.22998046875,4.1,2.9702579486470926,,,,,2026-07-25 07:40:13,,2.22,1.2942805492518916,5.33,0.0,1.3097420513529077,,
2024-06-18,6233.22,7258974.0,650212.0,375.542,4.22,4.69,-0.47,3.24,12.300000190734863,105.26000213623048,5487.02978515625,4.1,2.9702579486470926,,,,,2026-07-25 07:40:13,,2.21,1.2942805492518916,5.33,0.0,1.2497420513529072,,
2024-06-19,6094.842,7252542.0,782158.0,375.542,4.22,4.69,-0.47,3.24,12.300000190734863,105.26000213623048,5487.02978515625,4.1,2.9702579486470926,,,,,2026-07-25 07:40:13,,2.21,1.2942805492518916,5.33,0.0,1.2497420513529072,,
2024-06-20,6081.543,7252542.0,782158.0,388.841,4.25,4.7,-0.45,3.23,13.279999732971191,105.58999633789062,5473.169921875,4.1,2.9702579486470926,,,,,2026-07-25 07:40:13,,2.25,1.2942805492518916,5.33,0.0,1.2797420513529074,,
2024-06-21,6049.344,7252542.0,782158.0,421.04,4.25,4.7,-0.45,3.21,13.199999809265137,105.8000030517578,5464.6201171875,4.1,2.9702579486470926,,,,,2026-07-25 07:40:13,,2.23,1.2942805492518916,5.33,0.0,1.2797420513529074,,
2024-06-22,6049.344,7252542.0,782158.0,421.04,4.25,4.7,-0.45,3.21,13.199999809265137,105.8000030517578,5464.6201171875,4.1,2.9702579486470926,,,,,2026-07-25 07:40:13,,2.23,1.2942805492518916,5.33,0.0,1.2797420513529074,,
2024-06-23,6049.344,7252542.0,782158.0,421.04,4.25,4.7,-0.45,3.21,13.199999809265137,105.8000030517578,5464.6201171875,4.1,2.9702579486470926,,,,,2026-07-25 07:40:13,,2.23,1.2942805492518916,5.33,0.0,1.2797420513529074,,
2024-06-24,6034.468,7252542.0,782158.0,435.916,4.25,4.71,-0.46,3.19,13.329999923706056,105.47000122070312,5447.8701171875,4.1,2.9702579486470926,,,,,2026-07-25 07:40:13,,2.22,1.2942805492518916,5.33,0.0,1.2797420513529074,,
2024-06-25,6004.074,7252542.0,782158.0,466.31,4.23,4.65,-0.42,3.19,12.84000015258789,105.61000061035156,5469.2998046875,4.1,2.9702579486470926,,,,,2026-07-25 07:40:13,,2.22,1.2942805492518916,5.33,0.0,1.2597420513529078,,
2024-06-26,5996.8009999999995,7231163.0,744206.0,490.156,4.32,4.71,-0.39,3.18,12.550000190734863,106.0500030517578,5477.89990234375,4.1,2.9702579486470926,,,,,2026-07-25 07:40:13,,2.26,1.2942805492518916,5.33,0.0,1.3497420513529077,,
2024-06-27,5955.264999999999,7231163.0,744206.0,531.692,4.29,4.7,-0.41,3.21,12.239999771118164,105.91000366210938,5482.8701171875,4.1,2.9702579486470926,,,,,2026-07-25 07:40:13,,2.26,1.2942805492518916,5.33,0.0,1.3197420513529077,,
2024-06-28,5822.387,7231163.0,744206.0,664.57,4.36,4.71,-0.35,3.18,12.4399995803833,105.87000274658205,5460.47998046875,4.1,2.9702579486470926,,,,,2026-07-25 07:40:13,,2.28,1.2942805492518916,5.33,0.0,1.3897420513529075,,
2024-06-29,5822.387,7231163.0,744206.0,664.57,4.36,4.71,-0.35,3.18,12.4399995803833,105.87000274658205,5460.47998046875,4.1,2.9702579486470926,,,,,2026-07-25 07:40:13,,2.28,1.2942805492518916,5.33,0.0,1.3897420513529075,,
2024-06-30,5822.387,7231163.0,744206.0,664.57,4.36,4.71,-0.35,3.21,12.4399995803833,105.87000274658205,5460.47998046875,4.1,2.769123696279485,,,,,2026-07-25 07:40:13,,2.28,1.3337437653611506,5.33,0.0,1.5908763037205151,,
2024-07-01,6035.173999999999,7231163.0,744206.0,451.783,4.48,4.77,-0.29,3.21,12.220000267028809,105.9000015258789,5475.08984375,4.2,2.941475793558302,,,,,2026-07-25 07:40:13,,2.32,1.463126049126795,5.33,0.0,1.538524206441699,,
2024-07-02,6043.588,7231163.0,744206.0,443.369,4.43,4.74,-0.31,3.23,12.029999732971191,105.72000122070312,5509.009765625,4.2,2.941475793558302,,,,,2026-07-25 07:40:13,,2.3,1.463126049126795,5.33,0.0,1.4885242064416984,,
2024-07-03,6050.014,7221520.0,745608.0,425.898,4.36,4.71,-0.35,3.25,12.09000015258789,105.4000015258789,5537.02001953125,4.2,2.941475793558302,,,,,2026-07-25 07:40:13,,2.27,1.463126049126795,5.33,0.0,1.418524206441699,,
2024-07-04,6050.014,7221520.0,745608.0,425.898,4.36,4.71,-0.35,3.25,12.09000015258789,105.4000015258789,5537.02001953125,4.2,2.941475793558302,,,,,2026-07-25 07:40:13,,2.27,1.463126049126795,5.33,0.0,1.418524206441699,,
2024-07-05,6085.280000000001,7221520.0,745608.0,390.632,4.28,4.6,-0.32,3.27,12.479999542236328,104.87999725341795,5567.18994140625,4.2,2.941475793558302,,,,,2026-07-25 07:40:13,,2.28,1.463126049126795,5.33,0.0,1.338524206441699,,
2024-07-06,6085.280000000001,7221520.0,745608.0,390.632,4.28,4.6,-0.32,3.27,12.479999542236328,104.87999725341795,5567.18994140625,4.2,2.941475793558302,,,,,2026-07-25 07:40:13,,2.28,1.463126049126795,5.33,0.0,1.338524206441699,,
2024-07-07,6085.280000000001,7221520.0,745608.0,390.632,4.28,4.6,-0.32,3.27,12.479999542236328,104.87999725341795,5567.18994140625,4.2,2.941475793558302,,,,,2026-07-25 07:40:13,,2.28,1.463126049126795,5.33,0.0,1.338524206441699,,
2024-07-08,6060.655000000001,7221520.0,745608.0,415.257,4.28,4.62,-0.34,3.2,12.369999885559082,105.01000213623048,5572.85009765625,4.2,2.941475793558302,,,,,2026-07-25 07:40:13,,2.27,1.463126049126795,5.33,0.0,1.338524206441699,,
2024-07-09,6052.76,7221520.0,745608.0,423.152,4.3,4.62,-0.32,3.21,12.510000228881836,105.12000274658205,5576.97998046875,4.2,2.941475793558302,,,,,2026-07-25 07:40:13,,2.26,1.463126049126795,5.33,0.0,1.3585242064416985,,
2024-07-10,6079.604,7224079.0,722328.0,422.147,4.28,4.62,-0.34,3.17,12.850000381469728,105.0500030517578,5633.91015625,4.2,2.941475793558302,,,,,2026-07-25 07:40:13,,2.27,1.463126049126795,5.33,0.0,1.338524206441699,,
2024-07-11,6098.043000000001,7224079.0,722328.0,403.708,4.2,4.5,-0.3,3.18,12.920000076293944,104.44000244140624,5584.5400390625,4.2,2.941475793558302,,,,,2026-07-25 07:40:13,,2.25,1.463126049126795,5.33,0.0,1.2585242064416988,,
2024-07-12,6095.161,7224079.0,722328.0,406.59,4.18,4.45,-0.27,3.19,12.460000038146973,104.08999633789062,5615.35009765625,4.2,2.941475793558302,,,,,2026-07-25 07:40:13,,2.24,1.463126049126795,5.33,0.0,1.2385242064416984,,
2024-07-13,6095.161,7224079.0,722328.0,406.59,4.18,4.45,-0.27,3.19,12.460000038146973,104.08999633789062,5615.35009765625,4.2,2.941475793558302,,,,,2026-07-25 07:40:13,,2.24,1.463126049126795,5.33,0.0,1.2385242064416984,,
2024-07-14,6095.161,7224079.0,722328.0,406.59,4.18,4.45,-0.27,3.19,12.460000038146973,104.08999633789062,5615.35009765625,4.2,2.941475793558302,,,,,2026-07-25 07:40:13,,2.24,1.463126049126795,5.33,0.0,1.2385242064416984,,
2024-07-15,6088.4710000000005,7224079.0,722328.0,413.28,4.23,4.44,-0.21,3.13,13.119999885559082,104.19000244140624,5631.22021484375,4.2,2.941475793558302,,,,,2026-07-25 07:40:13,,2.27,1.463126049126795,5.33,0.0,1.288524206441699,,
2024-07-16,6092.157,7224079.0,722328.0,409.594,4.17,4.43,-0.26,3.08,13.1899995803833,104.2699966430664,5667.2001953125,4.2,2.941475793558302,,,,,2026-07-25 07:40:13,,2.26,1.463126049126795,5.33,0.0,1.2285242064416986,,
2024-07-17,6042.067000000001,7208247.0,766779.0,399.401,4.16,4.42,-0.26,3.09,14.479999542236328,103.75,5588.27001953125,4.2,2.941475793558302,,,,,2026-07-25 07:40:13,,2.26,1.463126049126795,5.33,0.0,1.2185242064416988,,
2024-07-18,6049.816000000001,7208247.0,766779.0,391.652,4.2,4.46,-0.26,3.09,15.93000030517578,104.16999816894533,5544.58984375,4.2,2.941475793558302,,,,,2026-07-25 07:40:13,,2.31,1.463126049126795,5.33,0.0,1.2585242064416988,,
2024-07-19,6061.667,7208247.0,766779.0,379.801,4.25,4.49,-0.24,3.09,16.520000457763672,104.4000015258789,5505.0,4.2,2.941475793558302,,,,,2026-07-25 07:40:13,,2.32,1.463126049126795,5.33,0.0,1.3085242064416986,,
2024-07-20,6061.667,7208247.0,766779.0,379.801,4.25,4.49,-0.24,3.09,16.520000457763672,104.4000015258789,5505.0,4.2,2.941475793558302,,,,,2026-07-25 07:40:13,,2.32,1.463126049126795,5.33,0.0,1.3085242064416986,,
2024-07-21,6061.667,7208247.0,766779.0,379.801,4.25,4.49,-0.24,3.09,16.520000457763672,104.4000015258789,5505.0,4.2,2.941475793558302,,,,,2026-07-25 07:40:13,,2.32,1.463126049126795,5.33,0.0,1.3085242064416986,,
2024-07-22,6045.567000000001,7208247.0,766779.0,395.901,4.26,4.5,-0.24,3.05,14.90999984741211,104.30999755859376,5564.41015625,4.2,2.941475793558302,,,,,2026-07-25 07:40:13,,2.3,1.463126049126795,5.33,0.0,1.3185242064416984,,
2024-07-23,6051.631000000001,7208247.0,766779.0,389.837,4.25,4.4,-0.15,3.02,14.720000267028809,104.4499969482422,5555.740234375,4.2,2.941475793558302,,,,,2026-07-25 07:40:13,,2.29,1.463126049126795,5.33,0.0,1.3085242064416986,,
2024-07-24,6038.915,7205455.0,767419.0,399.121,4.28,4.37,-0.09,3.1,18.040000915527344,104.38999938964844,5427.1298828125,4.2,2.941475793558302,,,,,2026-07-25 07:40:13,,2.28,1.463126049126795,5.33,0.0,1.338524206441699,,
2024-07-25,6060.603,7205455.0,767419.0,377.433,4.27,4.41,-0.14,3.08,18.459999084472656,104.36000061035156,5399.22021484375,4.2,2.941475793558302,,,,,2026-07-25 07:40:13,,2.28,1.463126049126795,5.33,0.0,1.3285242064416982,,
2024-07-26,6056.779,7205455.0,767419.0,381.257,4.2,4.36,-0.16,3.1,16.389999389648438,104.31999969482422,5459.10009765625,4.2,2.941475793558302,,,,,2026-07-25 07:40:13,,2.27,1.463126049126795,5.33,0.0,1.2585242064416988,,
2024-07-27,6056.779,7205455.0,767419.0,381.257,4.2,4.36,-0.16,3.1,16.389999389648438,104.31999969482422,5459.10009765625,4.2,2.941475793558302,,,,,2026-07-25 07:40:13,,2.27,1.463126049126795,5.33,0.0,1.2585242064416988,,
2024-07-28,6056.779,7205455.0,767419.0,381.257,4.2,4.36,-0.16,3.1,16.389999389648438,104.31999969482422,5459.10009765625,4.2,2.941475793558302,,,,,2026-07-25 07:40:13,,2.27,1.463126049126795,5.33,0.0,1.2585242064416988,,
2024-07-29,6052.755,7205455.0,767419.0,385.281,4.17,4.36,-0.19,3.13,16.600000381469727,104.55999755859376,5463.5400390625,4.2,2.941475793558302,,,,,2026-07-25 07:40:13,,2.25,1.463126049126795,5.33,0.0,1.2285242064416986,,
2024-07-30,6070.982,7205455.0,767419.0,367.054,4.15,4.35,-0.2,3.2,17.690000534057617,104.5500030517578,5436.43994140625,4.2,2.941475793558302,,,,,2026-07-25 07:40:14,,2.25,1.463126049126795,5.33,0.0,1.208524206441699,,
2024-07-31,5911.19,7178391.0,854001.0,413.2,4.09,4.29,-0.2,3.25,16.360000610351562,104.0999984741211,5522.2998046875,4.2,2.4460765415803776,,,,,2026-07-25 07:40:14,,2.24,1.5319824806276028,5.33,0.0,1.6439234584196225,,
2024-08-01,5975.504999999999,7178391.0,854001.0,348.885,3.99,4.16,-0.17,3.35,18.59000015258789,104.41999816894533,5446.68017578125,4.2,2.607144490692037,,,,,2026-07-25 07:40:14,,2.2,1.9718919959570649,5.33,0.0,1.382855509307963,,
2024-08-02,5985.9169999999995,7178391.0,854001.0,338.473,3.8,3.88,-0.08,3.72,23.38999938964844,103.20999908447266,5346.56005859375,4.2,2.607144490692037,,,,,2026-07-25 07:40:14,,2.04,1.9718919959570649,5.33,0.0,1.1928555093079627,,
2024-08-03,5985.9169999999995,7178391.0,854001.0,338.473,3.8,3.88,-0.08,3.72,23.38999938964844,103.20999908447266,5346.56005859375,4.2,2.607144490692037,,,,,2026-07-25 07:40:14,,2.04,1.9718919959570649,5.33,0.0,1.1928555093079627,,
2024-08-04,5985.9169999999995,7178391.0,854001.0,338.473,3.8,3.88,-0.08,3.72,23.38999938964844,103.20999908447266,5346.56005859375,4.2,2.607144490692037,,,,,2026-07-25 07:40:14,,2.04,1.9718919959570649,5.33,0.0,1.1928555093079627,,
2024-08-05,6008.143999999999,7178391.0,854001.0,316.246,3.78,3.89,-0.11,3.93,38.56999969482422,102.69000244140624,5186.330078125,4.2,2.607144490692037,,,,,2026-07-25 07:40:14,,2.07,1.9718919959570649,5.33,0.0,1.172855509307963,,
2024-08-06,6032.432,7178391.0,854001.0,291.958,3.9,3.99,-0.09,3.67,27.709999084472656,102.97000122070312,5240.02978515625,4.2,2.607144490692037,,,,,2026-07-25 07:40:14,,2.12,1.9718919959570649,5.33,0.0,1.2928555093079628,,
2024-08-07,6103.363,7175256.0,785233.0,286.66,3.96,4.0,-0.04,3.57,27.850000381469727,103.1999969482422,5199.5,4.2,2.607144490692037,,,,,2026-07-25 07:40:14,,2.11,1.9718919959570649,5.33,0.0,1.3528555093079628,,
2024-08-08,6086.8640000000005,7175256.0,785233.0,303.159,3.99,4.04,-0.05,3.48,23.790000915527344,103.20999908447266,5319.31005859375,4.2,2.607144490692037,,,,,2026-07-25 07:40:14,,2.12,1.9718919959570649,5.33,0.0,1.382855509307963,,
2024-08-09,6077.825,7175256.0,785233.0,312.198,3.94,4.05,-0.11,3.49,20.3700008392334,103.13999938964844,5344.16015625,4.2,2.607144490692037,,,,,2026-07-25 07:40:14,,2.1,1.9718919959570649,5.33,0.0,1.3328555093079628,,
2024-08-10,6077.825,7175256.0,785233.0,312.198,3.94,4.05,-0.11,3.49,20.3700008392334,103.13999938964844,5344.16015625,4.2,2.607144490692037,,,,,2026-07-25 07:40:14,,2.1,1.9718919959570649,5.33,0.0,1.3328555093079628,,
2024-08-11,6077.825,7175256.0,785233.0,312.198,3.94,4.05,-0.11,3.49,20.3700008392334,103.13999938964844,5344.16015625,4.2,2.607144490692037,,,,,2026-07-25 07:40:14,,2.1,1.9718919959570649,5.33,0.0,1.3328555093079628,,
2024-08-12,6061.3820000000005,7175256.0,785233.0,328.641,3.9,4.01,-0.11,3.52,20.709999084472656,103.13999938964844,5344.39013671875,4.2,2.607144490692037,,,,,2026-07-25 07:40:14,,2.11,1.9718919959570649,5.33,0.0,1.2928555093079628,,
2024-08-13,6065.529,7175256.0,785233.0,324.494,3.85,3.93,-0.08,3.54,18.1200008392334,102.55999755859376,5434.43017578125,4.2,2.607144490692037,,,,,2026-07-25 07:40:14,,2.09,1.9718919959570649,5.33,0.0,1.242855509307963,,
2024-08-14,6060.393,7177688.0,788823.0,328.472,3.83,3.94,-0.11,3.46,16.190000534057617,102.56999969482422,5455.2099609375,4.2,2.607144490692037,,,,,2026-07-25 07:40:14,,2.06,1.9718919959570649,5.33,0.0,1.222855509307963,,
2024-08-15,6081.724,7177688.0,788823.0,307.141,3.92,4.08,-0.16,3.31,15.229999542236328,102.9800033569336,5543.22021484375,4.2,2.607144490692037,,,,,2026-07-25 07:40:14,,2.12,1.9718919959570649,5.33,0.0,1.3128555093079628,,
2024-08-16,6058.548,7177688.0,788823.0,330.317,3.89,4.06,-0.17,3.29,14.800000190734863,102.45999908447266,5554.25,4.2,2.607144490692037,,,,,2026-07-25 07:40:14,,2.08,1.9718919959570649,5.33,0.0,1.282855509307963,,
2024-08-17,6058.548,7177688.0,788823.0,330.317,3.89,4.06,-0.17,3.29,14.800000190734863,102.45999908447266,5554.25,4.2,2.607144490692037,,,,,2026-07-25 07:40:14,,2.08,1.9718919959570649,5.33,0.0,1.282855509307963,,
2024-08-18,6058.548,7177688.0,788823.0,330.317,3.89,4.06,-0.17,3.29,14.800000190734863,102.45999908447266,5554.25,4.2,2.607144490692037,,,,,2026-07-25 07:40:14,,2.08,1.9718919959570649,5.33,0.0,1.282855509307963,,
2024-08-19,6055.282,7177688.0,788823.0,333.583,3.86,4.06,-0.2,3.21,14.649999618530272,101.88999938964844,5608.25,4.2,2.607144490692037,,,,,2026-07-25 07:40:14,,2.07,1.9718919959570649,5.33,0.0,1.2528555093079627,,
2024-08-20,6078.045999999999,7177688.0,788823.0,310.819,3.82,3.99,-0.17,3.25,15.880000114440918,101.44000244140624,5597.1201171875,4.2,2.607144490692037,,,,,2026-07-25 07:40:14,,2.07,1.9718919959570649,5.33,0.0,1.2128555093079627,,
2024-08-21,6083.896000000001,7139952.0,734727.0,321.329,3.79,3.92,-0.13,3.27,16.270000457763672,101.04000091552734,5620.85009765625,4.2,2.607144490692037,,,,,2026-07-25 07:40:14,,2.07,1.9718919959570649,5.33,0.0,1.182855509307963,,
2024-08-22,6088.448,7139952.0,734727.0,316.777,3.86,3.99,-0.13,3.21,17.549999237060547,101.51000213623048,5570.64013671875,4.2,2.607144490692037,,,,,2026-07-25 07:40:14,,2.1,1.9718919959570649,5.33,0.0,1.2528555093079627,,
2024-08-23,6092.329000000001,7139952.0,734727.0,312.896,3.81,3.9,-0.09,3.19,15.859999656677246,100.72000122070312,5634.60986328125,4.2,2.607144490692037,,,,,2026-07-25 07:40:14,,2.13,1.9718919959570649,5.33,0.0,1.202855509307963,,
2024-08-24,6092.329000000001,7139952.0,734727.0,312.896,3.81,3.9,-0.09,3.19,15.859999656677246,100.72000122070312,5634.60986328125,4.2,2.607144490692037,,,,,2026-07-25 07:40:14,,2.13,1.9718919959570649,5.33,0.0,1.202855509307963,,
2024-08-25,6092.329000000001,7139952.0,734727.0,312.896,3.81,3.9,-0.09,3.19,15.859999656677246,100.72000122070312,5634.60986328125,4.2,2.607144490692037,,,,,2026-07-25 07:40:14,,2.13,1.9718919959570649,5.33,0.0,1.202855509307963,,
2024-08-26,6051.668000000001,7139952.0,734727.0,353.557,3.82,3.91,-0.09,3.15,16.149999618530273,100.8499984741211,5616.83984375,4.2,2.607144490692037,,,,,2026-07-25 07:40:14,,2.15,1.9718919959570649,5.33,0.0,1.2128555093079627,,
2024-08-27,6061.18,7139952.0,734727.0,344.045,3.83,3.83,0.0,3.17,15.43000030517578,100.5500030517578,5625.7998046875,4.2,2.607144490692037,,,,,2026-07-25 07:40:14,,2.15,1.9718919959570649,5.33,0.0,1.222855509307963,,
2024-08-28,5977.271,7123238.0,757077.0,388.89,3.84,3.83,0.01,3.19,17.110000610351562,101.08999633789062,5592.18017578125,4.2,2.607144490692037,,,,,2026-07-25 07:40:14,,2.15,1.9718919959570649,5.33,0.0,1.2328555093079627,,
2024-08-29,5982.727,7123238.0,757077.0,383.434,3.87,3.87,0.0,3.15,15.649999618530272,101.33999633789062,5591.9599609375,4.2,2.607144490692037,,,,,2026-07-25 07:40:14,,2.16,1.9718919959570649,5.33,0.0,1.262855509307963,,
2024-08-30,5933.031,7123238.0,757077.0,433.13,3.91,3.91,0.0,3.13,15.0,101.6999969482422,5648.39990234375,4.2,2.607144490692037,,,,,2026-07-25 07:40:14,,2.15,1.9718919959570649,5.33,0.0,1.302855509307963,,
2024-08-31,5933.031,7123238.0,757077.0,433.13,3.91,3.91,0.0,3.17,15.0,101.6999969482422,5648.39990234375,4.2,2.2084380166365047,,,,,2026-07-25 07:40:14,,2.15,2.1163893655169908,5.33,0.0,1.7015619833634954,,
2024-09-01,5933.031,7123238.0,757077.0,433.13,3.91,3.91,0.0,3.17,15.0,101.6999969482422,5648.39990234375,4.1,2.4264830315416708,,,,,2026-07-25 07:40:14,,2.15,2.515471669012337,5.33,0.0,1.4835169684583294,,
2024-09-02,5933.031,7123238.0,757077.0,433.13,3.91,3.91,0.0,3.17,15.0,101.6999969482422,5648.39990234375,4.1,2.4264830315416708,,,,,2026-07-25 07:40:14,,2.15,2.515471669012337,5.33,0.0,1.4835169684583294,,
2024-09-03,6016.353,7123238.0,757077.0,349.808,3.84,3.88,-0.04,3.31,20.719999313354492,101.83000183105467,5528.93017578125,4.1,2.4264830315416708,,,,,2026-07-25 07:40:14,,2.11,2.515471669012337,5.33,0.0,1.413516968458329,,
2024-09-04,6004.2080000000005,7112567.0,771047.0,337.312,3.77,3.76,0.01,3.35,21.31999969482422,101.36000061035156,5520.06982421875,4.1,2.4264830315416708,,,,,2026-07-25 07:40:14,,2.07,2.515471669012337,5.33,0.0,1.3435169684583292,,
2024-09-05,6050.429,7112567.0,771047.0,291.091,3.73,3.75,-0.02,3.29,19.899999618530273,101.11000061035156,5503.41015625,4.1,2.4264830315416708,,,,,2026-07-25 07:40:14,,2.03,2.515471669012337,5.33,0.0,1.3035169684583292,,
2024-09-06,6042.249000000001,7112567.0,771047.0,299.271,3.72,3.66,0.06,3.39,22.3799991607666,101.18000030517578,5408.419921875,4.1,2.4264830315416708,,,,,2026-07-25 07:40:14,,2.03,2.515471669012337,5.33,0.0,1.2935169684583294,,
2024-09-07,6042.249000000001,7112567.0,771047.0,299.271,3.72,3.66,0.06,3.39,22.3799991607666,101.18000030517578,5408.419921875,4.1,2.4264830315416708,,,,,2026-07-25 07:40:14,,2.03,2.515471669012337,5.33,0.0,1.2935169684583294,,
2024-09-08,6042.249000000001,7112567.0,771047.0,299.271,3.72,3.66,0.06,3.39,22.3799991607666,101.18000030517578,5408.419921875,4.1,2.4264830315416708,,,,,2026-07-25 07:40:14,,2.03,2.515471669012337,5.33,0.0,1.2935169684583294,,
2024-09-09,6049.362,7112567.0,771047.0,292.158,3.7,3.68,0.02,3.36,19.450000762939453,101.5500030517578,5471.0498046875,4.1,2.4264830315416708,,,,,2026-07-25 07:40:14,,2.04,2.515471669012337,5.33,0.0,1.2735169684583294,,
2024-09-10,6060.128000000001,7112567.0,771047.0,281.392,3.65,3.59,0.06,3.46,19.079999923706055,101.62999725341795,5495.52001953125,4.1,2.4264830315416708,,,,,2026-07-25 07:40:14,,2.02,2.515471669012337,5.33,0.0,1.2235169684583291,,
2024-09-11,6110.209,7115001.0,725577.0,279.215,3.65,3.62,0.03,3.44,17.690000534057617,101.68000030517578,5554.1298828125,4.1,2.4264830315416708,,,,,2026-07-25 07:40:14,,2.04,2.515471669012337,5.33,0.0,1.2235169684583291,,
2024-09-12,6094.96,7115001.0,725577.0,294.464,3.68,3.64,0.04,3.39,17.06999969482422,101.37000274658205,5595.759765625,4.1,2.4264830315416708,,,,,2026-07-25 07:40:14,,2.05,2.515471669012337,5.33,0.0,1.2535169684583294,,
2024-09-13,6104.473,7115001.0,725577.0,284.951,3.66,3.57,0.09,3.37,16.559999465942383,101.11000061035156,5626.02001953125,4.1,2.4264830315416708,,,,,2026-07-25 07:40:14,,2.08,2.515471669012337,5.33,0.0,1.2335169684583294,,
2024-09-14,6104.473,7115001.0,725577.0,284.951,3.66,3.57,0.09,3.37,16.559999465942383,101.11000061035156,5626.02001953125,4.1,2.4264830315416708,,,,,2026-07-25 07:40:14,,2.08,2.515471669012337,5.33,0.0,1.2335169684583294,,
2024-09-15,6104.473,7115001.0,725577.0,284.951,3.66,3.57,0.09,3.37,16.559999465942383,101.11000061035156,5626.02001953125,4.1,2.4264830315416708,,,,,2026-07-25 07:40:14,,2.08,2.515471669012337,5.33,0.0,1.2335169684583294,,
2024-09-16,6150.038,7115001.0,725577.0,239.386,3.63,3.56,0.07,3.32,17.139999389648438,100.76000213623048,5633.08984375,4.1,2.4264830315416708,,,,,2026-07-25 07:40:14,,2.09,2.515471669012337,5.33,0.0,1.2035169684583291,,
2024-09-17,6133.0869999999995,7115001.0,725577.0,256.337,3.65,3.59,0.06,3.25,17.610000610351562,100.88999938964844,5634.580078125,4.1,2.4264830315416708,,,,,2026-07-25 07:40:14,,2.12,2.515471669012337,5.33,0.0,1.2235169684583291,,
2024-09-18,5963.907999999999,7109137.0,839398.0,305.831,3.7,3.61,0.09,3.21,18.229999542236328,100.5999984741211,5618.259765625,4.1,2.4264830315416708,,,,,2026-07-25 07:40:14,,2.12,2.515471669012337,5.33,0.0,1.2735169684583294,,
2024-09-19,5957.9619999999995,7109137.0,839398.0,311.777,3.73,3.59,0.14,3.1,16.329999923706055,100.61000061035156,5713.64013671875,4.1,2.4264830315416708,,,,,2026-07-25 07:40:14,,2.17,2.515471669012337,4.83,-0.5,1.3035169684583292,,
2024-09-20,5930.423,7109137.0,839398.0,339.316,3.73,3.55,0.18,3.15,16.149999618530273,100.72000122070312,5702.5498046875,4.1,2.4264830315416708,,,,,2026-07-25 07:40:14,,2.15,2.515471669012337,4.83,-0.5,1.3035169684583292,,
2024-09-21,5930.423,7109137.0,839398.0,339.316,3.73,3.55,0.18,3.15,16.149999618530273,100.72000122070312,5702.5498046875,4.1,2.4264830315416708,,,,,2026-07-25 07:40:14,,2.15,2.515471669012337,4.83,-0.5,1.3035169684583292,,
2024-09-22,5930.423,7109137.0,839398.0,339.316,3.73,3.55,0.18,3.15,16.149999618530273,100.72000122070312,5702.5498046875,4.1,2.4264830315416708,,,,,2026-07-25 07:40:14,,2.15,2.515471669012337,4.83,-0.5,1.3035169684583292,,
2024-09-23,5889.366999999999,7109137.0,839398.0,380.372,3.75,3.57,0.18,3.15,15.890000343322754,100.91999816894533,5718.56982421875,4.1,2.4264830315416708,,,,,2026-07-25 07:40:14,,2.17,2.515471669012337,4.83,-0.5,1.3235169684583292,,
2024-09-24,5880.762,7109137.0,839398.0,388.977,3.74,3.49,0.25,3.21,15.390000343322754,100.37000274658205,5732.93017578125,4.1,2.4264830315416708,,,,,2026-07-25 07:40:15,,2.19,2.515471669012337,4.83,-0.5,1.3135169684583294,,
2024-09-25,5884.956,7080059.0,778910.0,416.193,3.79,3.53,0.26,3.19,15.40999984741211,100.91999816894533,5722.259765625,4.1,2.4264830315416708,,,,,2026-07-25 07:40:15,,2.18,2.515471669012337,4.83,-0.5,1.3635169684583293,,
2024-09-26,5876.233,7080059.0,778910.0,424.916,3.79,3.6,0.19,3.14,15.369999885559082,100.55999755859376,5745.3701171875,4.1,2.4264830315416708,,,,,2026-07-25 07:40:15,,2.16,2.515471669012337,4.83,-0.5,1.3635169684583293,,
2024-09-27,5864.631,7080059.0,778910.0,436.518,3.75,3.55,0.2,3.14,16.959999084472656,100.41999816894533,5738.169921875,4.1,2.4264830315416708,,,,,2026-07-25 07:40:15,,2.15,2.515471669012337,4.83,-0.5,1.3235169684583292,,
2024-09-28,5864.631,7080059.0,778910.0,436.518,3.75,3.55,0.2,3.14,16.959999084472656,100.41999816894533,5738.169921875,4.1,2.4264830315416708,,,,,2026-07-25 07:40:15,,2.15,2.515471669012337,4.83,-0.5,1.3235169684583292,,
2024-09-29,5864.631,7080059.0,778910.0,436.518,3.75,3.55,0.2,3.14,16.959999084472656,100.41999816894533,5738.169921875,4.1,2.4264830315416708,,,,,2026-07-25 07:40:15,,2.15,2.515471669012337,4.83,-0.5,1.3235169684583292,,
2024-09-30,5835.511,7080059.0,778910.0,465.638,3.81,3.66,0.15,3.03,16.729999542236328,100.77999877929688,5762.47998046875,4.1,2.2866725599292703,,,,,2026-07-25 07:40:15,,2.18,2.5871673796971972,4.83,-0.5,1.5233274400707295,,
2024-10-01,5925.928,7080059.0,778910.0,375.221,3.74,3.61,0.13,3.07,19.260000228881836,101.19000244140624,5708.75,4.1,2.578844053871343,,,,,2026-07-25 07:40:15,,2.19,2.8881353970221735,4.83,-0.5,1.1611559461286571,,
2024-10-02,5840.115,7046925.0,823412.0,383.398,3.79,3.63,0.16,3.06,18.899999618530273,101.68000030517578,5709.5400390625,4.1,2.578844053871343,,,,,2026-07-25 07:40:15,,2.21,2.8881353970221735,4.83,-0.5,1.211155946128657,,
2024-10-03,5882.265,7046925.0,823412.0,341.248,3.85,3.7,0.15,3.04,20.489999771118164,101.98999786376952,5699.93994140625,4.1,2.578844053871343,,,,,2026-07-25 07:40:15,,2.21,2.8881353970221735,4.83,-0.5,1.271155946128657,,
2024-10-04,5893.501,7046925.0,823412.0,330.012,3.98,3.93,0.05,2.89,19.209999084472656,102.5199966430664,5751.06982421875,4.1,2.578844053871343,,,,,2026-07-25 07:40:15,,2.23,2.8881353970221735,4.83,-0.5,1.401155946128657,,
2024-10-05,5893.501,7046925.0,823412.0,330.012,3.98,3.93,0.05,2.89,19.209999084472656,102.5199966430664,5751.06982421875,4.1,2.578844053871343,,,,,2026-07-25 07:40:15,,2.23,2.8881353970221735,4.83,-0.5,1.401155946128657,,
2024-10-06,5893.501,7046925.0,823412.0,330.012,3.98,3.93,0.05,2.89,19.209999084472656,102.5199966430664,5751.06982421875,4.1,2.578844053871343,,,,,2026-07-25 07:40:15,,2.23,2.8881353970221735,4.83,-0.5,1.401155946128657,,
2024-10-07,5900.565,7046925.0,823412.0,322.948,4.03,3.99,0.04,2.95,22.63999938964844,102.54000091552734,5695.93994140625,4.1,2.578844053871343,,,,,2026-07-25 07:40:15,,2.27,2.8881353970221735,4.83,-0.5,1.4511559461286572,,
2024-10-08,5898.157999999999,7046925.0,823412.0,325.355,4.04,3.98,0.06,2.99,21.420000076293945,102.5500030517578,5751.1298828125,4.1,2.578844053871343,,,,,2026-07-25 07:40:15,,2.27,2.8881353970221735,4.83,-0.5,1.461155946128657,,
2024-10-09,5915.996999999999,7046840.0,787395.0,343.448,4.06,3.99,0.07,2.94,20.86000061035156,102.93000030517578,5792.0400390625,4.1,2.578844053871343,,,,,2026-07-25 07:40:15,,2.29,2.8881353970221735,4.83,-0.5,1.4811559461286563,,
2024-10-10,5936.858,7046840.0,787395.0,322.587,4.09,3.98,0.11,2.99,20.93000030517578,102.98999786376952,5780.0498046875,4.1,2.578844053871343,,,,,2026-07-25 07:40:15,,2.33,2.8881353970221735,4.83,-0.5,1.5111559461286568,,
2024-10-11,5927.71,7046840.0,787395.0,331.735,4.08,3.95,0.13,2.98,20.459999084472656,102.88999938964844,5815.02978515625,4.1,2.578844053871343,,,,,2026-07-25 07:40:15,,2.33,2.8881353970221735,4.83,-0.5,1.501155946128657,,
2024-10-12,5927.71,7046840.0,787395.0,331.735,4.08,3.95,0.13,2.98,20.459999084472656,102.88999938964844,5815.02978515625,4.1,2.578844053871343,,,,,2026-07-25 07:40:15,,2.33,2.8881353970221735,4.83,-0.5,1.501155946128657,,
2024-10-13,5927.71,7046840.0,787395.0,331.735,4.08,3.95,0.13,2.98,20.459999084472656,102.88999938964844,5815.02978515625,4.1,2.578844053871343,,,,,2026-07-25 07:40:15,,2.33,2.8881353970221735,4.83,-0.5,1.501155946128657,,
2024-10-14,5927.71,7046840.0,787395.0,331.735,4.08,3.95,0.13,2.97,19.700000762939453,103.3000030517578,5859.85009765625,4.1,2.578844053871343,,,,,2026-07-25 07:40:15,,2.33,2.8881353970221735,4.83,-0.5,1.501155946128657,,
2024-10-15,5973.047,7046840.0,787395.0,286.398,4.03,3.95,0.08,2.93,20.63999938964844,103.26000213623048,5815.259765625,4.1,2.578844053871343,,,,,2026-07-25 07:40:15,,2.28,2.8881353970221735,4.83,-0.5,1.4511559461286572,,
2024-10-16,5952.504999999999,7039284.0,814751.0,272.028,4.02,3.93,0.09,2.9,19.579999923706055,103.58999633789062,5842.47021484375,4.1,2.578844053871343,,,,,2026-07-25 07:40:15,,2.27,2.8881353970221735,4.83,-0.5,1.4411559461286565,,
2024-10-17,5962.322999999999,7039284.0,814751.0,262.21,4.09,3.96,0.13,2.89,19.11000061035156,103.83000183105467,5841.47021484375,4.1,2.578844053871343,,,,,2026-07-25 07:40:15,,2.3,2.8881353970221735,4.83,-0.5,1.5111559461286568,,
2024-10-18,5964.641,7039284.0,814751.0,259.892,4.08,3.95,0.13,2.88,18.030000686645508,103.48999786376952,5864.669921875,4.1,2.578844053871343,,,,,2026-07-25 07:40:15,,2.31,2.8881353970221735,4.83,-0.5,1.501155946128657,,
2024-10-19,5964.641,7039284.0,814751.0,259.892,4.08,3.95,0.13,2.88,18.030000686645508,103.48999786376952,5864.669921875,4.1,2.578844053871343,,,,,2026-07-25 07:40:15,,2.31,2.8881353970221735,4.83,0.0,1.501155946128657,,
2024-10-20,5964.641,7039284.0,814751.0,259.892,4.08,3.95,0.13,2.88,18.030000686645508,103.48999786376952,5864.669921875,4.1,2.578844053871343,,,,,2026-07-25 07:40:15,,2.31,2.8881353970221735,4.83,0.0,1.501155946128657,,
2024-10-21,5963.489,7039284.0,814751.0,261.044,4.19,4.02,0.17,2.88,18.3700008392334,104.01000213623048,5853.97998046875,4.1,2.578844053871343,,,,,2026-07-25 07:40:15,,2.31,2.8881353970221735,4.83,0.0,1.611155946128657,,
2024-10-22,5986.772999999999,7039284.0,814751.0,237.76,4.2,4.03,0.17,2.92,18.200000762939453,104.08000183105467,5851.2001953125,4.1,2.578844053871343,,,,,2026-07-25 07:40:15,,2.33,2.8881353970221735,4.83,0.0,1.621155946128657,,
2024-10-23,5941.159000000001,7029408.0,817410.0,270.839,4.24,4.07,0.17,2.95,19.239999771118164,104.43000030517578,5797.419921875,4.1,2.578844053871343,,,,,2026-07-25 07:40:15,,2.31,2.8881353970221735,4.83,0.0,1.6611559461286571,,
2024-10-24,6009.200000000001,7029408.0,817410.0,202.798,4.21,4.07,0.14,2.93,19.079999923706055,104.05999755859376,5809.85986328125,4.1,2.578844053871343,,,,,2026-07-25 07:40:15,,2.3,2.8881353970221735,4.83,0.0,1.6311559461286569,,
2024-10-25,5984.9980000000005,7029408.0,817410.0,227.0,4.25,4.11,0.14,2.89,20.329999923706055,104.26000213623048,5808.1201171875,4.1,2.578844053871343,,,,,2026-07-25 07:40:15,,2.29,2.8881353970221735,4.83,0.0,1.671155946128657,,
2024-10-26,5984.9980000000005,7029408.0,817410.0,227.0,4.25,4.11,0.14,2.89,20.329999923706055,104.26000213623048,5808.1201171875,4.1,2.578844053871343,,,,,2026-07-25 07:40:15,,2.29,2.8881353970221735,4.83,0.0,1.671155946128657,,
2024-10-27,5984.9980000000005,7029408.0,817410.0,227.0,4.25,4.11,0.14,2.89,20.329999923706055,104.26000213623048,5808.1201171875,4.1,2.578844053871343,,,,,2026-07-25 07:40:15,,2.29,2.8881353970221735,4.83,0.0,1.671155946128657,,
2024-10-28,5960.966,7029408.0,817410.0,251.032,4.28,4.12,0.16,2.82,19.799999237060547,104.31999969482422,5823.52001953125,4.1,2.578844053871343,,,,,2026-07-25 07:40:15,,2.29,2.8881353970221735,4.83,0.0,1.7011559461286572,,
2024-10-29,5967.157,7029408.0,817410.0,244.841,4.28,4.11,0.17,2.85,19.34000015258789,104.27999877929688,5832.919921875,4.1,2.578844053871343,,,,,2026-07-25 07:40:15,,2.3,2.8881353970221735,4.83,0.0,1.7011559461286572,,
2024-10-30,5937.407,7013490.0,847137.0,228.946,4.29,4.15,0.14,2.8,20.350000381469727,103.98999786376952,5813.669921875,4.1,2.578844053871343,,,,,2026-07-25 07:40:15,,2.34,2.8881353970221735,4.83,0.0,1.711155946128657,,
2024-10-31,5965.075,7013490.0,847137.0,201.278,4.28,4.16,0.12,2.88,23.15999984741211,103.9800033569336,5705.4501953125,4.1,2.428378571335843,,,,,2026-07-25 07:40:15,,2.33,2.8211851580500102,4.83,0.0,1.8516214286641572,,
2024-11-01,6010.877,7013490.0,847137.0,155.476,4.37,4.21,0.16,2.83,21.8799991607666,104.27999877929688,5728.7998046875,4.2,2.719472461284833,,,,,2026-07-25 07:40:15,,2.33,3.4010392064242057,4.83,0.0,1.650527538715167,,
2024-11-02,6010.877,7013490.0,847137.0,155.476,4.37,4.21,0.16,2.83,21.8799991607666,104.27999877929688,5728.7998046875,4.2,2.719472461284833,,,,,2026-07-25 07:40:15,,2.33,3.4010392064242057,4.83,0.0,1.650527538715167,,
2024-11-03,6010.877,7013490.0,847137.0,155.476,4.37,4.21,0.16,2.83,21.8799991607666,104.27999877929688,5728.7998046875,4.2,2.719472461284833,,,,,2026-07-25 07:40:15,,2.33,3.4010392064242057,4.83,0.0,1.650527538715167,,
2024-11-04,5994.468,7013490.0,847137.0,171.885,4.31,4.17,0.14,2.87,21.979999542236328,103.88999938964844,5712.68994140625,4.2,2.719472461284833,,,,,2026-07-25 07:40:15,,2.28,3.4010392064242057,4.83,0.0,1.5905275387151665,,
2024-11-05,6022.11,7013490.0,847137.0,144.243,4.26,4.19,0.07,2.86,20.489999771118164,103.41999816894533,5782.759765625,4.2,2.719472461284833,,,,,2026-07-25 07:40:15,,2.27,3.4010392064242057,4.83,0.0,1.540527538715167,,
2024-11-06,5976.201,6994299.0,840227.0,177.871,4.42,4.27,0.15,2.74,16.270000457763672,105.08999633789062,5929.0400390625,4.2,2.719472461284833,,,,,2026-07-25 07:40:15,,2.38,3.4010392064242057,4.83,0.0,1.7005275387151668,,
2024-11-07,5995.07,6994299.0,840227.0,159.002,4.31,4.21,0.1,2.73,15.199999809265137,104.51000213623048,5973.10009765625,4.2,2.719472461284833,,,,,2026-07-25 07:40:15,,2.33,3.4010392064242057,4.83,0.0,1.5905275387151665,,
2024-11-08,5990.451,6994299.0,840227.0,163.621,4.3,4.26,0.04,2.63,14.9399995803833,105.0,5995.5400390625,4.2,2.719472461284833,,,,,2026-07-25 07:40:15,,2.35,3.4010392064242057,4.58,-0.25,1.5805275387151667,,
2024-11-09,5990.451,6994299.0,840227.0,163.621,4.3,4.26,0.04,2.63,14.9399995803833,105.0,5995.5400390625,4.2,2.719472461284833,,,,,2026-07-25 07:40:15,,2.35,3.4010392064242057,4.58,-0.25,1.5805275387151667,,
2024-11-10,5990.451,6994299.0,840227.0,163.621,4.3,4.26,0.04,2.63,14.9399995803833,105.0,5995.5400390625,4.2,2.719472461284833,,,,,2026-07-25 07:40:15,,2.35,3.4010392064242057,4.58,-0.25,1.5805275387151667,,
2024-11-11,5990.451,6994299.0,840227.0,163.621,4.3,4.26,0.04,2.63,14.970000267028809,105.54000091552734,6001.35009765625,4.2,2.719472461284833,,,,,2026-07-25 07:40:15,,2.35,3.4010392064242057,4.58,-0.25,1.5805275387151667,,
2024-11-12,5975.258,6994299.0,840227.0,178.814,4.43,4.34,0.09,2.61,14.710000038146973,106.0199966430664,5983.990234375,4.2,2.719472461284833,,,,,2026-07-25 07:40:15,,2.35,3.4010392064242057,4.58,-0.25,1.7105275387151666,,
2024-11-13,5920.145,6967108.0,808857.0,238.106,4.44,4.27,0.17,2.64,14.020000457763672,106.4800033569336,5985.3798828125,4.2,2.719472461284833,,,,,2026-07-25 07:40:15,,2.35,3.4010392064242057,4.58,-0.25,1.7205275387151673,,
2024-11-14,5943.742,6967108.0,808857.0,214.509,4.43,4.34,0.09,2.6,14.3100004196167,106.66999816894533,5949.169921875,4.2,2.719472461284833,,,,,2026-07-25 07:40:15,,2.33,3.4010392064242057,4.58,-0.25,1.7105275387151666,,
2024-11-15,5985.851000000001,6967108.0,808857.0,172.4,4.43,4.31,0.12,2.72,16.139999389648438,106.69000244140624,5870.6201171875,4.2,2.719472461284833,,,,,2026-07-25 07:40:15,,2.33,3.4010392064242057,4.58,-0.25,1.7105275387151666,,
2024-11-16,5985.851000000001,6967108.0,808857.0,172.4,4.43,4.31,0.12,2.72,16.139999389648438,106.69000244140624,5870.6201171875,4.2,2.719472461284833,,,,,2026-07-25 07:40:15,,2.33,3.4010392064242057,4.58,-0.25,1.7105275387151666,,
2024-11-17,5985.851000000001,6967108.0,808857.0,172.4,4.43,4.31,0.12,2.72,16.139999389648438,106.69000244140624,5870.6201171875,4.2,2.719472461284833,,,,,2026-07-25 07:40:15,,2.33,3.4010392064242057,4.58,-0.25,1.7105275387151666,,
2024-11-18,5958.2210000000005,6967108.0,808857.0,200.03,4.42,4.29,0.13,2.72,15.579999923706056,106.27999877929688,5893.6201171875,4.2,2.719472461284833,,,,,2026-07-25 07:40:15,,2.34,3.4010392064242057,4.58,-0.25,1.7005275387151668,,
2024-11-19,5957.587,6967108.0,808857.0,200.664,4.39,4.27,0.12,2.69,16.350000381469727,106.20999908447266,5916.97998046875,4.2,2.719472461284833,,,,,2026-07-25 07:40:15,,2.34,3.4010392064242057,4.58,-0.25,1.6705275387151666,,
2024-11-20,5968.104,6923731.0,737834.0,217.793,4.41,4.31,0.1,2.67,17.15999984741211,106.68000030517578,5917.10986328125,4.2,2.719472461284833,,,,,2026-07-25 07:40:15,,2.35,3.4010392064242057,4.58,-0.25,1.690527538715167,,
2024-11-21,5997.33,6923731.0,737834.0,188.567,4.43,4.34,0.09,2.61,16.8700008392334,106.97000122070312,5948.7099609375,4.2,2.719472461284833,,,,,2026-07-25 07:40:15,,2.34,3.4010392064242057,4.58,-0.25,1.7105275387151666,,
2024-11-22,5981.643,6923731.0,737834.0,204.254,4.41,4.37,0.04,2.61,15.239999771118164,107.48999786376952,5969.33984375,4.2,2.719472461284833,,,,,2026-07-25 07:40:16,,2.34,3.4010392064242057,4.58,-0.25,1.690527538715167,,
2024-11-23,5981.643,6923731.0,737834.0,204.254,4.41,4.37,0.04,2.61,15.239999771118164,107.48999786376952,5969.33984375,4.2,2.719472461284833,,,,,2026-07-25 07:40:16,,2.34,3.4010392064242057,4.58,-0.25,1.690527538715167,,
2024-11-24,5981.643,6923731.0,737834.0,204.254,4.41,4.37,0.04,2.61,15.239999771118164,107.48999786376952,5969.33984375,4.2,2.719472461284833,,,,,2026-07-25 07:40:16,,2.34,3.4010392064242057,4.58,-0.25,1.690527538715167,,
2024-11-25,5999.148,6923731.0,737834.0,186.749,4.27,4.21,0.06,2.64,14.600000381469728,106.81999969482422,5987.3701171875,4.2,2.719472461284833,,,,,2026-07-25 07:40:16,,2.29,3.4010392064242057,4.58,-0.25,1.5505275387151665,,
2024-11-26,6037.074,6923731.0,737834.0,148.823,4.3,4.21,0.09,2.68,14.100000381469728,107.01000213623048,6021.6298828125,4.2,2.719472461284833,,,,,2026-07-25 07:40:16,,2.28,3.4010392064242057,4.58,-0.25,1.5805275387151667,,
2024-11-27,5952.621000000001,6905140.0,782704.0,169.815,4.25,4.19,0.06,2.69,14.100000381469728,106.08000183105467,5998.740234375,4.2,2.719472461284833,,,,,2026-07-25 07:40:16,,2.26,3.4010392064242057,4.58,-0.25,1.530527538715167,,
2024-11-28,5952.621000000001,6905140.0,782704.0,169.815,4.25,4.19,0.06,2.69,14.100000381469728,106.08000183105467,5998.740234375,4.2,2.719472461284833,,,,,2026-07-25 07:40:16,,2.26,3.4010392064242057,4.58,-0.25,1.530527538715167,,
2024-11-29,5924.809,6905140.0,782704.0,197.627,4.18,4.13,0.05,2.72,13.510000228881836,105.73999786376952,6032.3798828125,4.2,2.719472461284833,,,,,2026-07-25 07:40:16,,2.26,3.4010392064242057,4.58,-0.25,1.4605275387151666,,
2024-11-30,5924.809,6905140.0,782704.0,197.627,4.18,4.13,0.05,2.74,13.510000228881836,105.73999786376952,6032.3798828125,4.2,2.5221787841589016,,,,,2026-07-25 07:40:16,,2.26,3.245275027793948,4.58,-0.25,1.657821215841098,,
2024-12-01,5924.809,6905140.0,782704.0,197.627,4.18,4.13,0.05,2.74,13.510000228881836,105.73999786376952,6032.3798828125,4.1,2.870690967509981,,,,,2026-07-25 07:40:16,,2.26,3.4069853065035405,4.58,-0.25,1.3093090324900185,,
2024-12-02,5986.578,6905140.0,782704.0,135.858,4.19,4.17,0.02,2.68,13.34000015258789,106.4499969482422,6047.14990234375,4.1,2.870690967509981,,,,,2026-07-25 07:40:16,,2.26,3.4069853065035405,4.58,-0.25,1.3193090324900192,,
2024-12-03,5960.8640000000005,6905140.0,782704.0,161.572,4.23,4.17,0.06,2.66,13.300000190734863,106.37000274658205,6049.8798828125,4.1,2.870690967509981,,,,,2026-07-25 07:40:16,,2.28,3.4069853065035405,4.58,-0.25,1.3593090324900192,,
2024-12-04,5917.950000000001,6895827.0,815011.0,162.866,4.19,4.13,0.06,2.66,13.449999809265137,106.33999633789062,6086.490234375,4.1,2.870690967509981,,,,,2026-07-25 07:40:16,,2.29,3.4069853065035405,4.58,-0.25,1.3193090324900192,,
2024-12-05,5948.852000000001,6895827.0,815011.0,131.964,4.17,4.15,0.02,2.66,13.539999961853027,105.70999908447266,6075.10986328125,4.1,2.870690967509981,,,,,2026-07-25 07:40:16,,2.25,3.4069853065035405,4.58,-0.25,1.2993090324900187,,
2024-12-06,5950.802000000001,6895827.0,815011.0,130.014,4.15,4.1,0.05,2.67,12.770000457763672,105.97000122070312,6090.27001953125,4.1,2.870690967509981,,,,,2026-07-25 07:40:16,,2.24,3.4069853065035405,4.58,-0.25,1.2793090324900191,,
2024-12-07,5950.802000000001,6895827.0,815011.0,130.014,4.15,4.1,0.05,2.67,12.770000457763672,105.97000122070312,6090.27001953125,4.1,2.870690967509981,,,,,2026-07-25 07:40:16,,2.24,3.4069853065035405,4.58,-0.25,1.2793090324900191,,
2024-12-08,5950.802000000001,6895827.0,815011.0,130.014,4.15,4.1,0.05,2.67,12.770000457763672,105.97000122070312,6090.27001953125,4.1,2.870690967509981,,,,,2026-07-25 07:40:16,,2.24,3.4069853065035405,4.58,0.0,1.2793090324900191,,
2024-12-09,5927.787,6895827.0,815011.0,153.029,4.2,4.13,0.07,2.67,14.1899995803833,106.1500015258789,6052.85009765625,4.1,2.870690967509981,,,,,2026-07-25 07:40:16,,2.27,3.4069853065035405,4.58,0.0,1.329309032490019,,
2024-12-10,5905.974000000001,6895827.0,815011.0,174.842,4.22,4.15,0.07,2.67,14.18000030517578,106.4000015258789,6034.91015625,4.1,2.870690967509981,,,,,2026-07-25 07:40:16,,2.29,3.4069853065035405,4.58,0.0,1.3493090324900183,,
2024-12-11,6006.0109999999995,6897485.0,711354.0,180.12,4.26,4.15,0.11,2.64,13.579999923706056,106.70999908447266,6084.18994140625,4.1,2.870690967509981,,,,,2026-07-25 07:40:16,,2.3,3.4069853065035405,4.58,0.0,1.3893090324900186,,
2024-12-12,6021.106,6897485.0,711354.0,165.025,4.32,4.18,0.14,2.66,13.920000076293944,106.95999908447266,6051.25,4.1,2.870690967509981,,,,,2026-07-25 07:40:16,,2.32,3.4069853065035405,4.58,0.0,1.449309032490019,,
2024-12-13,6050.353999999999,6897485.0,711354.0,135.777,4.4,4.25,0.15,2.68,13.8100004196167,107.0,6051.08984375,4.1,2.870690967509981,,,,,2026-07-25 07:40:16,,2.33,3.4069853065035405,4.58,0.0,1.5293090324900191,,
2024-12-14,6050.353999999999,6897485.0,711354.0,135.777,4.4,4.25,0.15,2.68,13.8100004196167,107.0,6051.08984375,4.1,2.870690967509981,,,,,2026-07-25 07:40:16,,2.33,3.4069853065035405,4.58,0.0,1.5293090324900191,,
2024-12-15,6050.353999999999,6897485.0,711354.0,135.777,4.4,4.25,0.15,2.68,13.8100004196167,107.0,6051.08984375,4.1,2.870690967509981,,,,,2026-07-25 07:40:16,,2.33,3.4069853065035405,4.58,0.0,1.5293090324900191,,
2024-12-16,6075.378,6897485.0,711354.0,110.753,4.39,4.25,0.14,2.69,14.6899995803833,106.86000061035156,6074.080078125,4.1,2.870690967509981,,,,,2026-07-25 07:40:16,,2.32,3.4069853065035405,4.58,0.0,1.5193090324900185,,
2024-12-17,6068.038,6897485.0,711354.0,118.093,4.4,4.25,0.15,2.75,15.869999885559082,106.95999908447266,6050.60986328125,4.1,2.870690967509981,,,,,2026-07-25 07:40:16,,2.31,3.4069853065035405,4.58,0.0,1.5293090324900191,,
2024-12-18,5953.706,6889332.0,803975.0,131.651,4.5,4.35,0.15,2.73,27.6200008392334,108.02999877929688,5872.16015625,4.1,2.870690967509981,,,,,2026-07-25 07:40:16,,2.32,3.4069853065035405,4.58,0.0,1.6293090324900188,,
2024-12-19,5972.94,6889332.0,803975.0,112.417,4.57,4.32,0.25,2.91,24.09000015258789,108.41000366210938,5867.080078125,4.1,2.870690967509981,,,,,2026-07-25 07:40:16,,2.29,3.4069853065035405,4.33,-0.25,1.699309032490019,,
2024-12-20,5987.001,6889332.0,803975.0,98.356,4.52,4.3,0.22,2.86,18.36000061035156,107.62000274658205,5930.85009765625,4.1,2.870690967509981,,,,,2026-07-25 07:40:16,,2.29,3.4069853065035405,4.33,-0.25,1.6493090324900184,,
2024-12-21,5987.001,6889332.0,803975.0,98.356,4.52,4.3,0.22,2.86,18.36000061035156,107.62000274658205,5930.85009765625,4.1,2.870690967509981,,,,,2026-07-25 07:40:16,,2.29,3.4069853065035405,4.33,-0.25,1.6493090324900184,,
2024-12-22,5987.001,6889332.0,803975.0,98.356,4.52,4.3,0.22,2.86,18.36000061035156,107.62000274658205,5930.85009765625,4.1,2.870690967509981,,,,,2026-07-25 07:40:16,,2.29,3.4069853065035405,4.33,-0.25,1.6493090324900184,,
2024-12-23,5969.353,6889332.0,803975.0,116.004,4.59,4.3,0.29,2.85,16.780000686645508,108.04000091552734,5974.06982421875,4.1,2.870690967509981,,,,,2026-07-25 07:40:16,,2.32,3.4069853065035405,4.33,-0.25,1.7193090324900189,,
2024-12-24,5904.368,6889332.0,803975.0,180.989,4.59,4.29,0.3,2.86,14.270000457763672,108.26000213623048,6040.0400390625,4.1,2.870690967509981,,,,,2026-07-25 07:40:16,,2.35,3.4069853065035405,4.33,-0.25,1.7193090324900189,,
2024-12-25,5969.935,6885963.0,735039.0,180.989,4.59,4.29,0.3,2.86,14.270000457763672,108.26000213623048,6040.0400390625,4.1,2.870690967509981,,,,,2026-07-25 07:40:16,,2.35,3.4069853065035405,4.33,-0.25,1.7193090324900189,,
2024-12-26,5954.106,6885963.0,735039.0,196.818,4.58,4.3,0.28,2.86,14.729999542236328,108.12999725341795,6037.58984375,4.1,2.870690967509981,,,,,2026-07-25 07:40:16,,2.35,3.4069853065035405,4.33,-0.25,1.7093090324900189,,
2024-12-27,5882.185,6885963.0,735039.0,268.739,4.62,4.31,0.31,2.84,15.949999809265137,108.0,5970.83984375,4.1,2.870690967509981,,,,,2026-07-25 07:40:16,,2.34,3.4069853065035405,4.33,-0.25,1.749309032490019,,
2024-12-28,5882.185,6885963.0,735039.0,268.739,4.62,4.31,0.31,2.84,15.949999809265137,108.0,5970.83984375,4.1,2.870690967509981,,,,,2026-07-25 07:40:16,,2.34,3.4069853065035405,4.33,-0.25,1.749309032490019,,
2024-12-29,5882.185,6885963.0,735039.0,268.739,4.62,4.31,0.31,2.84,15.949999809265137,108.0,5970.83984375,4.1,2.870690967509981,,,,,2026-07-25 07:40:16,,2.34,3.4069853065035405,4.33,-0.25,1.749309032490019,,
2024-12-30,5890.181,6885963.0,735039.0,260.743,4.55,4.24,0.31,2.94,17.399999618530273,108.12999725341795,5906.93994140625,4.1,2.870690967509981,,,,,2026-07-25 07:40:16,,2.31,3.4069853065035405,4.33,-0.25,1.6793090324900186,,
2024-12-31,5677.464,6885963.0,735039.0,473.46,4.58,4.25,0.33,2.92,17.350000381469727,108.48999786376952,5881.6298828125,4.1,2.552809511201226,,,,,2026-07-25 07:40:16,,2.34,3.0805471197532075,4.33,-0.25,2.027190488798774,,
2025-01-01,5657.139,6852491.0,721892.0,473.46,4.58,4.25,0.33,2.92,17.350000381469727,108.48999786376952,5881.6298828125,4.0,2.9909783078999608,,,,,2026-07-25 07:40:16,,2.34,3.379438391456402,4.33,-0.25,1.5890216921000393,,
2025-01-02,5890.741,6852491.0,721892.0,239.858,4.57,4.25,0.32,2.88,17.93000030517578,109.38999938964844,5868.5498046875,4.0,2.9909783078999608,,,,,2026-07-25 07:40:16,,2.34,3.379438391456402,4.33,-0.25,1.5790216921000395,,
2025-01-03,5893.222,6852491.0,721892.0,237.377,4.6,4.28,0.32,2.81,16.1299991607666,108.9499969482422,5942.47021484375,4.0,2.9909783078999608,,,,,2026-07-25 07:40:16,,2.34,3.379438391456402,4.33,-0.25,1.6090216921000389,,
2025-01-04,5893.222,6852491.0,721892.0,237.377,4.6,4.28,0.32,2.81,16.1299991607666,108.9499969482422,5942.47021484375,4.0,2.9909783078999608,,,,,2026-07-25 07:40:16,,2.34,3.379438391456402,4.33,-0.25,1.6090216921000389,,
2025-01-05,5893.222,6852491.0,721892.0,237.377,4.6,4.28,0.32,2.81,16.1299991607666,108.9499969482422,5942.47021484375,4.0,2.9909783078999608,,,,,2026-07-25 07:40:16,,2.34,3.379438391456402,4.33,-0.25,1.6090216921000389,,
2025-01-06,5898.673,6852491.0,721892.0,231.926,4.62,4.28,0.34,2.76,16.040000915527344,108.26000213623048,5975.3798828125,4.0,2.9909783078999608,,,,,2026-07-25 07:40:16,,2.34,3.379438391456402,4.33,-0.25,1.629021692100039,,
2025-01-07,5922.303,6852491.0,721892.0,208.296,4.67,4.3,0.37,2.79,17.81999969482422,108.54000091552734,5909.02978515625,4.0,2.9909783078999608,,,,,2026-07-25 07:40:16,,2.38,3.379438391456402,4.33,-0.25,1.6790216921000392,,
2025-01-08,6047.879,6853554.0,620531.0,185.144,4.67,4.28,0.39,2.84,17.700000762939453,109.08999633789062,5918.25,4.0,2.9909783078999608,,,,,2026-07-25 07:40:16,,2.4,3.379438391456402,4.33,-0.25,1.6790216921000392,,
2025-01-09,6064.798,6853554.0,620531.0,168.225,4.68,4.27,0.41,2.82,17.700000762939453,109.18000030517578,5918.25,4.0,2.9909783078999608,,,,,2026-07-25 07:40:16,,2.39,3.379438391456402,4.33,-0.25,1.689021692100039,,
2025-01-10,6054.223,6853554.0,620531.0,178.8,4.77,4.4,0.37,2.81,19.540000915527344,109.6500015258789,5827.0400390625,4.0,2.9909783078999608,,,,,2026-07-25 07:40:16,,2.43,3.379438391456402,4.33,-0.25,1.7790216921000388,,
2025-01-11,6054.223,6853554.0,620531.0,178.8,4.77,4.4,0.37,2.81,19.540000915527344,109.6500015258789,5827.0400390625,4.0,2.9909783078999608,,,,,2026-07-25 07:40:16,,2.43,3.379438391456402,4.33,-0.25,1.7790216921000388,,
2025-01-12,6054.223,6853554.0,620531.0,178.8,4.77,4.4,0.37,2.81,19.540000915527344,109.6500015258789,5827.0400390625,4.0,2.9909783078999608,,,,,2026-07-25 07:40:16,,2.43,3.379438391456402,4.33,-0.25,1.7790216921000388,,
2025-01-13,6049.354,6853554.0,620531.0,183.669,4.79,4.4,0.39,2.85,19.190000534057617,109.95999908447266,5836.22021484375,4.0,2.9909783078999608,,,,,2026-07-25 07:40:16,,2.45,3.379438391456402,4.33,-0.25,1.7990216921000393,,
2025-01-14,6072.804,6853554.0,620531.0,160.219,4.78,4.37,0.41,2.8,18.709999084472656,109.2699966430664,5842.91015625,4.0,2.9909783078999608,,,,,2026-07-25 07:40:16,,2.44,3.379438391456402,4.33,-0.25,1.7890216921000397,,
2025-01-15,6062.906,6834070.0,651187.0,119.977,4.66,4.27,0.39,2.72,16.1200008392334,109.08999633789062,5949.91015625,4.0,2.9909783078999608,,,,,2026-07-25 07:40:16,,2.42,3.379438391456402,4.33,-0.25,1.6690216921000394,,
2025-01-16,6088.394,6834070.0,651187.0,94.489,4.61,4.23,0.38,2.73,16.600000381469727,108.95999908447266,5937.33984375,4.0,2.9909783078999608,,,,,2026-07-25 07:40:16,,2.42,3.379438391456402,4.33,-0.25,1.6190216921000395,,
2025-01-17,6064.556,6834070.0,651187.0,118.327,4.61,4.27,0.34,2.64,15.970000267028809,109.3499984741211,5996.66015625,4.0,2.9909783078999608,,,,,2026-07-25 07:40:16,,2.41,3.379438391456402,4.33,-0.25,1.6190216921000395,,
2025-01-18,6064.556,6834070.0,651187.0,118.327,4.61,4.27,0.34,2.64,15.970000267028809,109.3499984741211,5996.66015625,4.0,2.9909783078999608,,,,,2026-07-25 07:40:16,,2.41,3.379438391456402,4.33,0.0,1.6190216921000395,,
2025-01-19,6064.556,6834070.0,651187.0,118.327,4.61,4.27,0.34,2.64,15.970000267028809,109.3499984741211,5996.66015625,4.0,2.9909783078999608,,,,,2026-07-25 07:40:16,,2.41,3.379438391456402,4.33,0.0,1.6190216921000395,,
2025-01-20,6064.556,6834070.0,651187.0,118.327,4.61,4.27,0.34,2.64,15.970000267028809,109.3499984741211,5996.66015625,4.0,2.9909783078999608,,,,,2026-07-25 07:40:16,,2.41,3.379438391456402,4.33,0.0,1.6190216921000395,,
2025-01-21,6086.8679999999995,6834070.0,651187.0,96.015,4.57,4.29,0.28,2.61,15.0600004196167,108.05999755859376,6049.240234375,4.0,2.9909783078999608,,,,,2026-07-25 07:40:16,,2.38,3.379438391456402,4.33,0.0,1.5790216921000395,,
2025-01-22,6042.294000000001,6831760.0,665485.0,123.981,4.6,4.29,0.31,2.59,15.100000381469728,108.16999816894533,6086.3701171875,4.0,2.9909783078999608,,,,,2026-07-25 07:40:17,,2.4,3.379438391456402,4.33,0.0,1.6090216921000389,,
2025-01-23,6034.244000000001,6831760.0,665485.0,132.031,4.65,4.29,0.36,2.61,15.020000457763672,108.0500030517578,6118.7099609375,4.0,2.9909783078999608,,,,,2026-07-25 07:40:17,,2.42,3.379438391456402,4.33,0.0,1.6590216921000396,,
2025-01-24,6061.303000000001,6831760.0,665485.0,104.972,4.63,4.27,0.36,2.6,14.850000381469728,107.44000244140624,6101.240234375,4.0,2.9909783078999608,,,,,2026-07-25 07:40:17,,2.43,3.379438391456402,4.33,0.0,1.6390216921000391,,
2025-01-25,6061.303000000001,6831760.0,665485.0,104.972,4.63,4.27,0.36,2.6,14.850000381469728,107.44000244140624,6101.240234375,4.0,2.9909783078999608,,,,,2026-07-25 07:40:17,,2.43,3.379438391456402,4.33,0.0,1.6390216921000391,,
2025-01-26,6061.303000000001,6831760.0,665485.0,104.972,4.63,4.27,0.36,2.6,14.850000381469728,107.44000244140624,6101.240234375,4.0,2.9909783078999608,,,,,2026-07-25 07:40:17,,2.43,3.379438391456402,4.33,0.0,1.6390216921000391,,
2025-01-27,6073.412,6831760.0,665485.0,92.863,4.53,4.17,0.36,2.66,17.899999618530273,107.33999633789062,6012.27978515625,4.0,2.9909783078999608,,,,,2026-07-25 07:40:17,,2.4,3.379438391456402,4.33,0.0,1.5390216921000397,,
2025-01-28,6053.515,6831760.0,665485.0,112.76,4.55,4.19,0.36,2.66,16.40999984741211,107.87000274658205,6067.7001953125,4.0,2.9909783078999608,,,,,2026-07-25 07:40:17,,2.42,3.379438391456402,4.33,0.0,1.559021692100039,,
2025-01-29,5884.795,6818186.0,811549.0,121.842,4.55,4.21,0.34,2.68,16.559999465942383,108.0,6039.31005859375,4.0,2.9909783078999608,,,,,2026-07-25 07:40:17,,2.4,3.379438391456402,4.33,0.0,1.559021692100039,,
2025-01-30,5880.672,6818186.0,811549.0,125.965,4.52,4.18,0.34,2.67,15.84000015258789,107.8000030517578,6071.169921875,4.0,2.9909783078999608,,,,,2026-07-25 07:40:17,,2.38,3.379438391456402,4.33,0.0,1.5290216921000388,,
2025-01-31,5818.724,6818186.0,811549.0,187.913,4.58,4.22,0.36,2.68,16.43000030517578,108.37000274658205,6040.52978515625,4.0,2.570690780693785,,,,,2026-07-25 07:40:17,,2.42,2.9694122819173385,4.33,0.0,2.009309219306215,,
2025-02-01,5818.724,6818186.0,811549.0,187.913,4.58,4.22,0.36,2.68,16.43000030517578,108.37000274658205,6040.52978515625,4.2,2.8015834477613355,,,,,2026-07-25 07:40:17,,2.42,3.2814538364864143,4.33,0.0,1.7784165522386646,,
2025-02-02,5818.724,6818186.0,811549.0,187.913,4.58,4.22,0.36,2.68,16.43000030517578,108.37000274658205,6040.52978515625,4.2,2.8015834477613355,,,,,2026-07-25 07:40:17,,2.42,3.2814538364864143,4.33,0.0,1.7784165522386646,,
2025-02-03,5908.856,6818186.0,811549.0,97.781,4.54,4.26,0.28,2.73,18.6200008392334,108.98999786376952,5994.56982421875,4.2,2.8015834477613355,,,,,2026-07-25 07:40:17,,2.45,3.2814538364864143,4.33,0.0,1.7384165522386643,,
2025-02-04,5920.983,6818186.0,811549.0,85.654,4.52,4.21,0.31,2.71,17.209999084472656,107.95999908447266,6037.8798828125,4.2,2.8015834477613355,,,,,2026-07-25 07:40:17,,2.44,3.2814538364864143,4.33,0.0,1.718416552238664,,
2025-02-05,5914.194,6810935.0,817953.0,78.788,4.43,4.17,0.26,2.69,15.770000457763672,107.58000183105467,6061.47998046875,4.2,2.8015834477613355,,,,,2026-07-25 07:40:17,,2.42,3.2814538364864143,4.33,0.0,1.6284165522386642,,
2025-02-06,5912.999,6810935.0,817953.0,79.983,4.45,4.21,0.24,2.66,15.5,107.69000244140624,6083.56982421875,4.2,2.8015834477613355,,,,,2026-07-25 07:40:17,,2.42,3.2814538364864143,4.33,0.0,1.648416552238665,,
2025-02-07,5897.734,6810935.0,817953.0,95.248,4.49,4.29,0.2,2.67,16.540000915527344,108.04000091552734,6025.990234375,4.2,2.8015834477613355,,,,,2026-07-25 07:40:17,,2.42,3.2814538364864143,4.33,0.0,1.6884165522386647,,
2025-02-08,5897.734,6810935.0,817953.0,95.248,4.49,4.29,0.2,2.67,16.540000915527344,108.04000091552734,6025.990234375,4.2,2.8015834477613355,,,,,2026-07-25 07:40:17,,2.42,3.2814538364864143,4.33,0.0,1.6884165522386647,,
2025-02-09,5897.734,6810935.0,817953.0,95.248,4.49,4.29,0.2,2.67,16.540000915527344,108.04000091552734,6025.990234375,4.2,2.8015834477613355,,,,,2026-07-25 07:40:17,,2.42,3.2814538364864143,4.33,0.0,1.6884165522386647,,
2025-02-10,5893.329,6810935.0,817953.0,99.653,4.51,4.28,0.23,2.66,15.8100004196167,108.31999969482422,6066.43994140625,4.2,2.8015834477613355,,,,,2026-07-25 07:40:17,,2.44,3.2814538364864143,4.33,0.0,1.7084165522386645,,
2025-02-11,5916.536,6810935.0,817953.0,76.446,4.54,4.29,0.25,2.66,16.020000457763672,107.95999908447266,6068.5,4.2,2.8015834477613355,,,,,2026-07-25 07:40:17,,2.46,3.2814538364864143,4.33,0.0,1.7384165522386643,,
2025-02-12,5936.689,6813513.0,809154.0,67.67,4.62,4.36,0.26,2.65,15.890000343322754,107.94000244140624,6051.97021484375,4.2,2.8015834477613355,,,,,2026-07-25 07:40:17,,2.46,3.2814538364864143,4.33,0.0,1.8184165522386648,,
2025-02-13,5936.539000000001,6813513.0,809154.0,67.82,4.52,4.31,0.21,2.65,15.100000381469728,107.30999755859376,6115.06982421875,4.2,2.8015834477613355,,,,,2026-07-25 07:40:17,,2.44,3.2814538364864143,4.33,0.0,1.718416552238664,,
2025-02-14,5945.589,6813513.0,809154.0,58.77,4.47,4.26,0.21,2.62,14.770000457763672,106.56999969482422,6114.6298828125,4.2,2.8015834477613355,,,,,2026-07-25 07:40:17,,2.43,3.2814538364864143,4.33,0.0,1.6684165522386645,,
2025-02-15,5945.589,6813513.0,809154.0,58.77,4.47,4.26,0.21,2.62,14.770000457763672,106.56999969482422,6114.6298828125,4.2,2.8015834477613355,,,,,2026-07-25 07:40:17,,2.43,3.2814538364864143,4.33,0.0,1.6684165522386645,,
2025-02-16,5945.589,6813513.0,809154.0,58.77,4.47,4.26,0.21,2.62,14.770000457763672,106.56999969482422,6114.6298828125,4.2,2.8015834477613355,,,,,2026-07-25 07:40:17,,2.43,3.2814538364864143,4.33,0.0,1.6684165522386645,,
2025-02-17,5945.589,6813513.0,809154.0,58.77,4.47,4.26,0.21,2.62,14.770000457763672,106.56999969482422,6114.6298828125,4.2,2.8015834477613355,,,,,2026-07-25 07:40:17,,2.43,3.2814538364864143,4.33,0.0,1.6684165522386645,,
2025-02-18,5926.542,6813513.0,809154.0,77.817,4.55,4.29,0.26,2.62,15.350000381469728,107.0500030517578,6129.580078125,4.2,2.8015834477613355,,,,,2026-07-25 07:40:17,,2.45,3.2814538364864143,4.33,0.0,1.7484165522386643,,
2025-02-19,5970.198,6782332.0,738938.0,73.196,4.53,4.28,0.25,2.68,15.270000457763672,107.16999816894533,6144.14990234375,4.2,2.8015834477613355,,,,,2026-07-25 07:40:17,,2.45,3.2814538364864143,4.33,0.0,1.7284165522386647,,
2025-02-20,5980.187,6782332.0,738938.0,63.207,4.5,4.28,0.22,2.66,15.65999984741211,106.33999633789062,6117.52001953125,4.2,2.8015834477613355,,,,,2026-07-25 07:40:17,,2.45,3.2814538364864143,4.33,0.0,1.6984165522386645,,
2025-02-21,5974.411,6782332.0,738938.0,68.983,4.42,4.19,0.23,2.78,18.209999084472656,106.61000061035156,6013.1298828125,4.2,2.8015834477613355,,,,,2026-07-25 07:40:17,,2.42,3.2814538364864143,4.33,0.0,1.6184165522386644,,
2025-02-22,5974.411,6782332.0,738938.0,68.983,4.42,4.19,0.23,2.78,18.209999084472656,106.61000061035156,6013.1298828125,4.2,2.8015834477613355,,,,,2026-07-25 07:40:17,,2.42,3.2814538364864143,4.33,0.0,1.6184165522386644,,
2025-02-23,5974.411,6782332.0,738938.0,68.983,4.42,4.19,0.23,2.78,18.209999084472656,106.61000061035156,6013.1298828125,4.2,2.8015834477613355,,,,,2026-07-25 07:40:17,,2.42,3.2814538364864143,4.33,0.0,1.6184165522386644,,
2025-02-24,5966.576,6782332.0,738938.0,76.818,4.4,4.13,0.27,2.78,18.979999542236328,106.5999984741211,5983.25,4.2,2.8015834477613355,,,,,2026-07-25 07:40:17,,2.42,3.2814538364864143,4.33,0.0,1.5984165522386649,,
2025-02-25,5947.394,6782332.0,738938.0,96.0,4.3,4.07,0.23,2.84,19.43000030517578,106.30999755859376,5955.25,4.2,2.8015834477613355,,,,,2026-07-25 07:40:17,,2.38,3.2814538364864143,4.33,0.0,1.4984165522386643,,
2025-02-26,6071.4929999999995,6766101.0,568550.0,126.058,4.25,4.05,0.2,2.81,19.100000381469727,106.41999816894533,5956.06005859375,4.2,2.8015834477613355,,,,,2026-07-25 07:40:17,,2.36,3.2814538364864143,4.33,0.0,1.4484165522386645,,
2025-02-27,6015.402999999999,6766101.0,568550.0,182.148,4.29,4.07,0.22,2.81,21.1299991607666,107.23999786376952,5861.56982421875,4.2,2.8015834477613355,,,,,2026-07-25 07:40:17,,2.37,3.2814538364864143,4.33,0.0,1.4884165522386643,,
2025-02-28,5963.129,6766101.0,568550.0,234.422,4.24,3.99,0.25,2.87,19.6299991607666,107.61000061035156,5954.5,4.2,2.8015834477613355,,,,,2026-07-25 07:40:17,,2.38,3.2814538364864143,4.33,0.0,1.4384165522386647,,
2025-03-01,5963.129,6766101.0,568550.0,234.422,4.24,3.99,0.25,2.87,19.6299991607666,107.61000061035156,5954.5,4.2,2.381981462805549,,,,,2026-07-25 07:40:17,,2.38,3.433873382474939,4.33,0.0,1.858018537194451,,
2025-03-02,5963.129,6766101.0,568550.0,234.422,4.24,3.99,0.25,2.87,19.6299991607666,107.61000061035156,5954.5,4.2,2.381981462805549,,,,,2026-07-25 07:40:17,,2.38,3.433873382474939,4.33,0.0,1.858018537194451,,
2025-03-03,6077.563999999999,6766101.0,568550.0,119.987,4.16,3.96,0.2,2.94,22.780000686645508,106.75,5849.72021484375,4.2,2.381981462805549,,,,,2026-07-25 07:40:17,,2.36,3.433873382474939,4.33,0.0,1.778018537194451,,
2025-03-04,6062.294,6766101.0,568550.0,135.257,4.22,3.96,0.26,2.99,23.510000228881836,105.73999786376952,5778.14990234375,4.2,2.381981462805549,,,,,2026-07-25 07:40:17,,2.35,3.433873382474939,4.33,0.0,1.8380185371944504,,
2025-03-05,6094.4529999999995,6756764.0,522818.0,139.493,4.28,3.99,0.29,2.88,21.93000030517578,105.73999786376952,5842.6298828125,4.2,2.381981462805549,,,,,2026-07-25 07:40:17,,2.34,3.433873382474939,4.33,0.0,1.8980185371944511,,
2025-03-06,6104.677,6756764.0,522818.0,129.269,4.29,3.96,0.33,2.99,24.8700008392334,104.05999755859376,5738.52001953125,4.2,2.381981462805549,,,,,2026-07-25 07:40:17,,2.34,3.433873382474939,4.33,0.0,1.908018537194451,,
2025-03-07,6097.641,6756764.0,522818.0,136.305,4.32,3.99,0.33,2.97,23.3700008392334,103.83999633789062,5770.2001953125,4.2,2.381981462805549,,,,,2026-07-25 07:40:17,,2.33,3.433873382474939,4.33,0.0,1.9380185371944512,,
2025-03-08,6097.641,6756764.0,522818.0,136.305,4.32,3.99,0.33,2.97,23.3700008392334,103.83999633789062,5770.2001953125,4.2,2.381981462805549,,,,,2026-07-25 07:40:17,,2.33,3.433873382474939,4.33,0.0,1.9380185371944512,,
2025-03-09,6097.641,6756764.0,522818.0,136.305,4.32,3.99,0.33,2.97,23.3700008392334,103.83999633789062,5770.2001953125,4.2,2.381981462805549,,,,,2026-07-25 07:40:17,,2.33,3.433873382474939,4.33,0.0,1.9380185371944512,,
2025-03-10,6104.892,6756764.0,522818.0,129.054,4.22,3.89,0.33,3.16,27.86000061035156,103.91000366210938,5614.56005859375,4.2,2.381981462805549,,,,,2026-07-25 07:40:17,,2.31,3.433873382474939,4.33,0.0,1.8380185371944504,,
2025-03-11,6096.6359999999995,6756764.0,522818.0,137.31,4.28,3.94,0.34,3.22,26.920000076293945,103.44000244140624,5572.06982421875,4.2,2.381981462805549,,,,,2026-07-25 07:40:17,,2.31,3.433873382474939,4.33,0.0,1.8980185371944511,,
2025-03-12,6177.803,6759571.0,450713.0,131.055,4.32,4.01,0.31,3.2,24.229999542236328,103.61000061035156,5599.2998046875,4.2,2.381981462805549,,,,,2026-07-25 07:40:17,,2.33,3.433873382474939,4.33,0.0,1.9380185371944512,,
2025-03-13,6195.423,6759571.0,450713.0,113.435,4.27,3.94,0.33,3.4,24.65999984741211,103.83000183105467,5521.52001953125,4.2,2.381981462805549,,,,,2026-07-25 07:40:17,,2.29,3.433873382474939,4.33,0.0,1.8880185371944505,,
2025-03-14,6182.624,6759571.0,450713.0,126.234,4.31,4.02,0.29,3.25,21.770000457763672,103.72000122070312,5638.93994140625,4.2,2.381981462805549,,,,,2026-07-25 07:40:17,,2.3,3.433873382474939,4.33,0.0,1.9280185371944505,,
2025-03-15,6182.624,6759571.0,450713.0,126.234,4.31,4.02,0.29,3.25,21.770000457763672,103.72000122070312,5638.93994140625,4.2,2.381981462805549,,,,,2026-07-25 07:40:17,,2.3,3.433873382474939,4.33,0.0,1.9280185371944505,,
2025-03-16,6182.624,6759571.0,450713.0,126.234,4.31,4.02,0.29,3.25,21.770000457763672,103.72000122070312,5638.93994140625,4.2,2.381981462805549,,,,,2026-07-25 07:40:17,,2.3,3.433873382474939,4.33,0.0,1.9280185371944505,,
2025-03-17,6219.362,6759571.0,450713.0,89.496,4.31,4.06,0.25,3.18,20.510000228881836,103.37000274658205,5675.1201171875,4.2,2.381981462805549,,,,,2026-07-25 07:40:17,,2.29,3.433873382474939,4.33,0.0,1.9280185371944505,,
2025-03-18,6159.3550000000005,6759571.0,450713.0,149.503,4.29,4.04,0.25,3.23,21.700000762939453,103.23999786376952,5614.66015625,4.2,2.381981462805549,,,,,2026-07-25 07:40:17,,2.3,3.433873382474939,4.33,0.0,1.908018537194451,,
2025-03-19,6146.805,6755982.0,415799.0,193.378,4.25,3.99,0.26,3.19,19.899999618530273,103.43000030517578,5675.2900390625,4.2,2.381981462805549,,,,,2026-07-25 07:40:17,,2.31,3.433873382474939,4.33,0.0,1.8680185371944509,,
2025-03-20,6147.543,6755982.0,415799.0,192.64,4.24,3.95,0.29,3.17,19.799999237060547,103.8499984741211,5662.89013671875,4.2,2.381981462805549,,,,,2026-07-25 07:40:17,,2.31,3.433873382474939,4.33,0.0,1.858018537194451,,
2025-03-21,6139.333,6755982.0,415799.0,200.85,4.25,3.94,0.31,3.21,19.280000686645508,104.08999633789062,5667.56005859375,4.2,2.381981462805549,,,,,2026-07-25 07:40:17,,2.33,3.433873382474939,4.33,0.0,1.8680185371944509,,
2025-03-22,6139.333,6755982.0,415799.0,200.85,4.25,3.94,0.31,3.21,19.280000686645508,104.08999633789062,5667.56005859375,4.2,2.381981462805549,,,,,2026-07-25 07:40:17,,2.33,3.433873382474939,4.33,0.0,1.8680185371944509,,
2025-03-23,6139.333,6755982.0,415799.0,200.85,4.25,3.94,0.31,3.21,19.280000686645508,104.08999633789062,5667.56005859375,4.2,2.381981462805549,,,,,2026-07-25 07:40:17,,2.33,3.433873382474939,4.33,0.0,1.8680185371944509,,
2025-03-24,6143.618,6755982.0,415799.0,196.565,4.34,4.04,0.3,3.05,17.479999542236328,104.26000213623048,5767.56982421875,4.2,2.381981462805549,,,,,2026-07-25 07:40:18,,2.36,3.433873382474939,4.33,0.0,1.9580185371944507,,
2025-03-25,6125.397,6755982.0,415799.0,214.786,4.31,3.96,0.35,3.09,17.149999618530273,104.18000030517578,5776.64990234375,4.2,2.381981462805549,,,,,2026-07-25 07:40:18,,2.35,3.433873382474939,4.33,0.0,1.9280185371944505,,
2025-03-26,6182.911999999999,6740253.0,315970.0,241.371,4.35,3.98,0.37,3.19,18.329999923706055,104.5500030517578,5712.2001953125,4.2,2.381981462805549,,,,,2026-07-25 07:40:18,,2.37,3.433873382474939,4.33,0.0,1.9680185371944503,,
2025-03-27,6132.498,6740253.0,315970.0,291.785,4.38,3.97,0.41,3.27,18.690000534057617,104.06999969482422,5693.31005859375,4.2,2.381981462805549,,,,,2026-07-25 07:40:18,,2.39,3.433873382474939,4.33,0.0,1.9980185371944508,,
2025-03-28,6137.708,6740253.0,315970.0,286.575,4.27,3.89,0.38,3.47,21.649999618530273,104.04000091552734,5580.93994140625,4.2,2.381981462805549,,,,,2026-07-25 07:40:18,,2.37,3.433873382474939,4.33,0.0,1.8880185371944505,,
2025-03-29,6137.708,6740253.0,315970.0,286.575,4.27,3.89,0.38,3.47,21.649999618530273,104.04000091552734,5580.93994140625,4.2,2.381981462805549,,,,,2026-07-25 07:40:18,,2.37,3.433873382474939,4.33,0.0,1.8880185371944505,,
2025-03-30,6137.708,6740253.0,315970.0,286.575,4.27,3.89,0.38,3.47,21.649999618530273,104.04000091552734,5580.93994140625,4.2,2.381981462805549,,,,,2026-07-25 07:40:18,,2.37,3.433873382474939,4.33,0.0,1.8880185371944505,,
2025-03-31,6025.115999999999,6740253.0,315970.0,399.167,4.23,3.89,0.34,3.55,22.280000686645508,104.20999908447266,5611.85009765625,4.2,2.381981462805549,,,,,2026-07-25 07:40:18,,2.38,3.433873382474939,4.33,0.0,1.8480185371944513,,
2025-04-01,6194.219999999999,6740253.0,315970.0,230.063,4.17,3.87,0.3,3.5,21.770000457763672,104.26000213623048,5633.06982421875,4.2,2.32538823025783,,,,,2026-07-25 07:40:18,,2.33,3.894158285463467,4.33,0.0,1.84461176974217,,
2025-04-02,6188.34,6723452.0,301624.0,233.488,4.2,3.91,0.29,3.42,21.510000228881836,103.80999755859376,5670.97021484375,4.2,2.32538823025783,,,,,2026-07-25 07:40:18,,2.32,3.894158285463467,4.33,0.0,1.8746117697421705,,
2025-04-03,6225.563,6723452.0,301624.0,196.265,4.06,3.71,0.35,4.01,30.020000457763672,102.06999969482422,5396.52001953125,4.2,2.32538823025783,,,,,2026-07-25 07:40:18,,2.28,3.894158285463467,4.33,0.0,1.7346117697421697,,
2025-04-04,6237.329000000001,6723452.0,301624.0,184.499,4.01,3.68,0.33,4.45,45.310001373291016,103.0199966430664,5074.080078125,4.2,2.32538823025783,,,,,2026-07-25 07:40:18,,2.18,3.894158285463467,4.33,0.0,1.68461176974217,,
2025-04-05,6237.329000000001,6723452.0,301624.0,184.499,4.01,3.68,0.33,4.45,45.310001373291016,103.0199966430664,5074.080078125,4.2,2.32538823025783,,,,,2026-07-25 07:40:18,,2.18,3.894158285463467,4.33,0.0,1.68461176974217,,
2025-04-06,6237.329000000001,6723452.0,301624.0,184.499,4.01,3.68,0.33,4.45,45.310001373291016,103.0199966430664,5074.080078125,4.2,2.32538823025783,,,,,2026-07-25 07:40:18,,2.18,3.894158285463467,4.33,0.0,1.68461176974217,,
2025-04-07,6273.682000000001,6723452.0,301624.0,148.146,4.15,3.73,0.42,4.61,46.97999954223633,103.26000213623048,5062.25,4.2,2.32538823025783,,,,,2026-07-25 07:40:18,,2.19,3.894158285463467,4.33,0.0,1.8246117697421704,,
2025-04-08,6264.917,6723452.0,301624.0,156.911,4.26,3.71,0.55,4.57,52.33000183105469,102.95999908447266,4982.77001953125,4.2,2.32538823025783,,,,,2026-07-25 07:40:18,,2.22,3.894158285463467,4.33,0.0,1.93461176974217,,
2025-04-09,6244.112,6727416.0,315189.0,168.115,4.34,3.91,0.43,4.37,33.619998931884766,102.9000015258789,5456.89990234375,4.2,2.32538823025783,,,,,2026-07-25 07:40:18,,2.27,3.894158285463467,4.33,0.0,2.01461176974217,,
2025-04-10,6282.277,6727416.0,315189.0,129.95,4.4,3.84,0.56,4.42,40.720001220703125,100.87000274658205,5268.0498046875,4.2,2.32538823025783,,,,,2026-07-25 07:40:18,,2.19,3.894158285463467,4.33,0.0,2.0746117697421704,,
2025-04-11,6313.696,6727416.0,315189.0,98.531,4.48,3.96,0.52,4.26,37.560001373291016,99.77999877929688,5363.35986328125,4.2,2.32538823025783,,,,,2026-07-25 07:40:18,,2.2,3.894158285463467,4.33,0.0,2.1546117697421705,,
2025-04-12,6313.696,6727416.0,315189.0,98.531,4.48,3.96,0.52,4.26,37.560001373291016,99.77999877929688,5363.35986328125,4.2,2.32538823025783,,,,,2026-07-25 07:40:18,,2.2,3.894158285463467,4.33,0.0,2.1546117697421705,,
2025-04-13,6313.696,6727416.0,315189.0,98.531,4.48,3.96,0.52,4.26,37.560001373291016,99.77999877929688,5363.35986328125,4.2,2.32538823025783,,,,,2026-07-25 07:40:18,,2.2,3.894158285463467,4.33,0.0,2.1546117697421705,,
2025-04-14,6309.389,6727416.0,315189.0,102.838,4.38,3.84,0.54,4.14,30.88999938964844,99.63999938964844,5405.97021484375,4.2,2.32538823025783,,,,,2026-07-25 07:40:18,,2.23,3.894158285463467,4.33,0.0,2.05461176974217,,
2025-04-15,6323.349,6727416.0,315189.0,88.878,4.35,3.84,0.51,4.09,30.1200008392334,100.22000122070312,5396.6298828125,4.2,2.32538823025783,,,,,2026-07-25 07:40:18,,2.19,3.894158285463467,4.33,0.0,2.0246117697421697,,
2025-04-16,6033.558,6727113.0,638783.0,54.772,4.29,3.77,0.52,4.16,32.63999938964844,99.37999725341795,5275.7001953125,4.2,2.32538823025783,,,,,2026-07-25 07:40:18,,2.17,3.894158285463467,4.33,0.0,1.96461176974217,,
2025-04-17,6029.73,6727113.0,638783.0,58.6,4.34,3.81,0.53,4.02,29.649999618530273,99.37999725341795,5282.7001953125,4.2,2.32538823025783,,,,,2026-07-25 07:40:18,,2.23,3.894158285463467,4.33,0.0,2.01461176974217,,
2025-04-18,6029.73,6727113.0,638783.0,58.6,4.34,3.81,0.53,4.02,29.649999618530273,99.37999725341795,5282.7001953125,4.2,2.32538823025783,,,,,2026-07-25 07:40:18,,2.23,3.894158285463467,4.33,0.0,2.01461176974217,,
2025-04-19,6029.73,6727113.0,638783.0,58.6,4.34,3.81,0.53,4.02,29.649999618530273,99.37999725341795,5282.7001953125,4.2,2.32538823025783,,,,,2026-07-25 07:40:18,,2.23,3.894158285463467,4.33,0.0,2.01461176974217,,
2025-04-20,6029.73,6727113.0,638783.0,58.6,4.34,3.81,0.53,4.02,29.649999618530273,99.37999725341795,5282.7001953125,4.2,2.32538823025783,,,,,2026-07-25 07:40:18,,2.23,3.894158285463467,4.33,0.0,2.01461176974217,,
2025-04-21,5974.216,6727113.0,638783.0,114.114,4.42,3.75,0.67,4.16,33.81999969482422,98.27999877929688,5158.2001953125,4.2,2.32538823025783,,,,,2026-07-25 07:40:18,,2.22,3.894158285463467,4.33,0.0,2.09461176974217,,
2025-04-22,5950.379,6727113.0,638783.0,137.951,4.41,3.76,0.65,3.99,30.56999969482422,98.91999816894533,5287.759765625,4.2,2.32538823025783,,,,,2026-07-25 07:40:18,,2.27,3.894158285463467,4.33,0.0,2.08461176974217,,
2025-04-23,5978.991000000001,6726930.0,576159.0,171.78,4.4,3.81,0.59,3.75,28.450000762939453,99.83999633789062,5375.85986328125,4.2,2.32538823025783,,,,,2026-07-25 07:40:18,,2.29,3.894158285463467,4.33,0.0,2.0746117697421704,,
2025-04-24,6020.767000000001,6726930.0,576159.0,130.004,4.32,3.77,0.55,3.73,26.469999313354492,99.29000091552734,5484.77001953125,4.2,2.32538823025783,,,,,2026-07-25 07:40:18,,2.3,3.894158285463467,4.33,0.0,1.9946117697421704,,
2025-04-25,6056.750000000001,6726930.0,576159.0,94.021,4.29,3.74,0.55,3.67,24.84000015258789,99.47000122070312,5525.2099609375,4.2,2.32538823025783,,,,,2026-07-25 07:40:18,,2.27,3.894158285463467,4.33,0.0,1.96461176974217,,
2025-04-26,6056.750000000001,6726930.0,576159.0,94.021,4.29,3.74,0.55,3.67,24.84000015258789,99.47000122070312,5525.2099609375,4.2,2.32538823025783,,,,,2026-07-25 07:40:18,,2.27,3.894158285463467,4.33,0.0,1.96461176974217,,
2025-04-27,6056.750000000001,6726930.0,576159.0,94.021,4.29,3.74,0.55,3.67,24.84000015258789,99.47000122070312,5525.2099609375,4.2,2.32538823025783,,,,,2026-07-25 07:40:18,,2.27,3.894158285463467,4.33,0.0,1.96461176974217,,
2025-04-28,6002.122,6726930.0,576159.0,148.649,4.23,3.67,0.56,3.73,25.149999618530273,99.01000213623048,5528.75,4.2,2.32538823025783,,,,,2026-07-25 07:40:18,,2.25,3.894158285463467,4.33,0.0,1.9046117697421705,,
2025-04-29,5993.234,6726930.0,576159.0,157.537,4.19,3.65,0.54,3.74,24.170000076293945,99.23999786376952,5560.830078125,4.2,2.32538823025783,,,,,2026-07-25 07:40:18,,2.23,3.894158285463467,4.33,0.0,1.8646117697421705,,
2025-04-30,5781.019,6709277.0,677657.0,250.601,4.17,3.6,0.57,3.94,24.700000762939453,99.47000122070312,5569.06005859375,4.2,2.32538823025783,,,,,2026-07-25 07:40:18,,2.23,3.894158285463467,4.33,0.0,1.84461176974217,,
2025-05-01,5874.267,6709277.0,677657.0,157.353,4.25,3.7,0.55,3.78,24.600000381469727,100.25,5604.14013671875,4.3,2.3772651073680873,,,,,2026-07-25 07:40:18,,2.25,3.8690617774944647,4.33,0.0,1.8727348926319127,,
2025-05-02,5883.738,6709277.0,677657.0,147.882,4.33,3.83,0.5,3.6,22.68000030517578,100.0,5686.669921875,4.3,2.3772651073680873,,,,,2026-07-25 07:40:18,,2.27,3.8690617774944647,4.33,0.0,1.9527348926319128,,
2025-05-03,5883.738,6709277.0,677657.0,147.882,4.33,3.83,0.5,3.6,22.68000030517578,100.0,5686.669921875,4.3,2.3772651073680873,,,,,2026-07-25 07:40:18,,2.27,3.8690617774944647,4.33,0.0,1.9527348926319128,,
2025-05-04,5883.738,6709277.0,677657.0,147.882,4.33,3.83,0.5,3.6,22.68000030517578,100.0,5686.669921875,4.3,2.3772651073680873,,,,,2026-07-25 07:40:18,,2.27,3.8690617774944647,4.33,0.0,1.9527348926319128,,
2025-05-05,5906.93,6709277.0,677657.0,124.69,4.36,3.83,0.53,3.6,23.63999938964844,99.83000183105467,5650.3798828125,4.3,2.3772651073680873,,,,,2026-07-25 07:40:18,,2.28,3.8690617774944647,4.33,0.0,1.982734892631913,,
2025-05-06,5901.762,6709277.0,677657.0,129.858,4.3,3.78,0.52,3.66,24.760000228881836,99.23999786376952,5606.91015625,4.3,2.3772651073680873,,,,,2026-07-25 07:40:18,,2.26,3.8690617774944647,4.33,0.0,1.9227348926319128,,
2025-05-07,5960.17,6710889.0,595860.0,154.859,4.26,3.78,0.48,3.67,23.549999237060547,99.61000061035156,5631.27978515625,4.3,2.3772651073680873,,,,,2026-07-25 07:40:18,,2.25,3.8690617774944647,4.33,0.0,1.8827348926319123,,
2025-05-08,5975.261,6710889.0,595860.0,139.768,4.37,3.9,0.47,3.51,22.479999542236328,100.63999938964844,5663.93994140625,4.3,2.3772651073680873,,,,,2026-07-25 07:40:18,,2.29,3.8690617774944647,4.33,0.0,1.9927348926319128,,
2025-05-09,5972.7570000000005,6710889.0,595860.0,142.272,4.37,3.88,0.49,3.53,21.899999618530273,100.33999633789062,5659.91015625,4.3,2.3772651073680873,,,,,2026-07-25 07:40:18,,2.29,3.8690617774944647,4.33,0.0,1.9927348926319128,,
2025-05-10,5972.7570000000005,6710889.0,595860.0,142.272,4.37,3.88,0.49,3.53,21.899999618530273,100.33999633789062,5659.91015625,4.3,2.3772651073680873,,,,,2026-07-25 07:40:18,,2.29,3.8690617774944647,4.33,0.0,1.9927348926319128,,
2025-05-11,5972.7570000000005,6710889.0,595860.0,142.272,4.37,3.88,0.49,3.53,21.899999618530273,100.33999633789062,5659.91015625,4.3,2.3772651073680873,,,,,2026-07-25 07:40:18,,2.29,3.8690617774944647,4.33,0.0,1.9927348926319128,,
2025-05-12,5967.524,6710889.0,595860.0,147.505,4.45,3.98,0.47,3.15,18.38999938964844,101.79000091552734,5844.18994140625,4.3,2.3772651073680873,,,,,2026-07-25 07:40:18,,2.29,3.8690617774944647,4.33,0.0,2.072734892631913,,
2025-05-13,5970.8150000000005,6710889.0,595860.0,144.214,4.49,4.02,0.47,3.09,18.219999313354492,101.0,5886.5498046875,4.3,2.3772651073680873,,,,,2026-07-25 07:40:18,,2.32,3.8690617774944647,4.33,0.0,2.112734892631913,,
2025-05-14,5985.813,6713270.0,562433.0,165.024,4.53,4.05,0.48,3.1,18.6200008392334,101.04000091552734,5892.580078125,4.3,2.3772651073680873,,,,,2026-07-25 07:40:18,,2.37,3.8690617774944647,4.33,0.0,2.152734892631913,,
2025-05-15,6041.401000000001,6713270.0,562433.0,109.436,4.45,3.96,0.49,3.2,17.829999923706055,100.87999725341795,5916.93017578125,4.3,2.3772651073680873,,,,,2026-07-25 07:40:18,,2.34,3.8690617774944647,4.33,0.0,2.072734892631913,,
2025-05-16,6014.0380000000005,6713270.0,562433.0,136.799,4.43,3.98,0.45,3.16,17.239999771118164,101.08999633789062,5958.3798828125,4.3,2.3772651073680873,,,,,2026-07-25 07:40:18,,2.34,3.8690617774944647,4.33,0.0,2.0527348926319124,,
2025-05-17,6014.0380000000005,6713270.0,562433.0,136.799,4.43,3.98,0.45,3.16,17.239999771118164,101.08999633789062,5958.3798828125,4.3,2.3772651073680873,,,,,2026-07-25 07:40:18,,2.34,3.8690617774944647,4.33,0.0,2.0527348926319124,,
2025-05-18,6014.0380000000005,6713270.0,562433.0,136.799,4.43,3.98,0.45,3.16,17.239999771118164,101.08999633789062,5958.3798828125,4.3,2.3772651073680873,,,,,2026-07-25 07:40:18,,2.34,3.8690617774944647,4.33,0.0,2.0527348926319124,,
2025-05-19,5970.42,6713270.0,562433.0,180.417,4.46,3.97,0.49,3.21,18.13999938964844,100.43000030517578,5963.60009765625,4.3,2.3772651073680873,,,,,2026-07-25 07:40:18,,2.36,3.8690617774944647,4.33,0.0,2.0827348926319127,,
2025-05-20,6014.804,6713270.0,562433.0,136.033,4.48,3.97,0.51,3.2,18.09000015258789,100.12000274658205,5940.4599609375,4.3,2.3772651073680873,,,,,2026-07-25 07:40:18,,2.35,3.8690617774944647,4.33,0.0,2.102734892631913,,
2025-05-21,6050.038,6688726.0,475886.0,162.802,4.58,4.0,0.58,3.25,20.8700008392334,99.55999755859376,5844.60986328125,4.3,2.3772651073680873,,,,,2026-07-25 07:40:19,,2.35,3.8690617774944647,4.33,0.0,2.202734892631913,,
2025-05-22,6039.821999999999,6688726.0,475886.0,173.018,4.54,4.0,0.54,3.32,20.280000686645508,99.95999908447266,5842.009765625,4.3,2.3772651073680873,,,,,2026-07-25 07:40:19,,2.34,3.8690617774944647,4.33,0.0,2.1627348926319128,,
2025-05-23,6057.998999999999,6688726.0,475886.0,154.841,4.51,4.0,0.51,3.4,22.290000915527344,99.11000061035156,5802.81982421875,4.3,2.3772651073680873,,,,,2026-07-25 07:40:19,,2.33,3.8690617774944647,4.33,0.0,2.1327348926319125,,
2025-05-24,6057.998999999999,6688726.0,475886.0,154.841,4.51,4.0,0.51,3.4,22.290000915527344,99.11000061035156,5802.81982421875,4.3,2.3772651073680873,,,,,2026-07-25 07:40:19,,2.33,3.8690617774944647,4.33,0.0,2.1327348926319125,,
2025-05-25,6057.998999999999,6688726.0,475886.0,154.841,4.51,4.0,0.51,3.4,22.290000915527344,99.11000061035156,5802.81982421875,4.3,2.3772651073680873,,,,,2026-07-25 07:40:19,,2.33,3.8690617774944647,4.33,0.0,2.1327348926319125,,
2025-05-26,6057.998999999999,6688726.0,475886.0,154.841,4.51,4.0,0.51,3.4,22.290000915527344,98.93000030517578,5802.81982421875,4.3,2.3772651073680873,,,,,2026-07-25 07:40:19,,2.33,3.8690617774944647,4.33,0.0,2.1327348926319125,,
2025-05-27,6074.773999999999,6688726.0,475886.0,138.066,4.43,3.92,0.51,3.24,18.959999084472656,99.5199966430664,5921.5400390625,4.3,2.3772651073680873,,,,,2026-07-25 07:40:19,,2.32,3.8690617774944647,4.33,0.0,2.0527348926319124,,
2025-05-28,6062.976,6673244.0,436627.0,173.641,4.47,3.96,0.51,3.23,19.309999465942383,99.87999725341795,5888.5498046875,4.3,2.3772651073680873,,,,,2026-07-25 07:40:19,,2.32,3.8690617774944647,4.33,0.0,2.0927348926319125,,
2025-05-29,6070.956999999999,6673244.0,436627.0,165.66,4.43,3.92,0.51,3.22,19.18000030517578,99.27999877929688,5912.169921875,4.3,2.3772651073680873,,,,,2026-07-25 07:40:19,,2.32,3.8690617774944647,4.33,0.0,2.0527348926319124,,
2025-05-30,5920.959999999999,6673244.0,436627.0,315.657,4.41,3.89,0.52,3.31,18.56999969482422,99.33000183105467,5911.68994140625,4.3,2.3772651073680873,,,,,2026-07-25 07:40:19,,2.34,3.8690617774944647,4.33,0.0,2.032734892631913,,
2025-05-31,5920.959999999999,6673244.0,436627.0,315.657,4.41,3.89,0.52,3.32,18.56999969482422,99.33000183105467,5911.68994140625,4.3,2.3772651073680873,,,,,2026-07-25 07:40:19,,2.34,3.8690617774944647,4.33,0.0,2.032734892631913,,
2025-06-01,5920.959999999999,6673244.0,436627.0,315.657,4.41,3.89,0.52,3.32,18.56999969482422,99.33000183105467,5911.68994140625,4.1,2.680453865910226,,,,,2026-07-25 07:40:19,,2.34,4.13083100757532,4.33,0.0,1.729546134089774,,
2025-06-02,6100.775999999999,6673244.0,436627.0,135.841,4.46,3.94,0.52,3.27,18.36000061035156,98.6999969482422,5935.93994140625,4.1,2.680453865910226,,,,,2026-07-25 07:40:19,,2.33,4.13083100757532,4.33,0.0,1.7795461340897738,,
2025-06-03,6083.44,6673244.0,436627.0,153.177,4.46,3.96,0.5,3.19,17.690000534057617,99.25,5970.3701171875,4.1,2.680453865910226,,,,,2026-07-25 07:40:19,,2.32,4.13083100757532,4.33,0.0,1.7795461340897738,,
2025-06-04,6127.843000000001,6672885.0,376160.0,168.882,4.37,3.87,0.5,3.23,17.610000610351562,98.79000091552734,5970.81005859375,4.1,2.680453865910226,,,,,2026-07-25 07:40:19,,2.31,4.13083100757532,4.33,0.0,1.689546134089774,,
2025-06-05,6143.9980000000005,6672885.0,376160.0,152.727,4.4,3.92,0.48,3.18,18.479999542236328,98.73999786376952,5939.2998046875,4.1,2.680453865910226,,,,,2026-07-25 07:40:19,,2.29,4.13083100757532,4.33,0.0,1.7195461340897742,,
2025-06-06,6147.441000000001,6672885.0,376160.0,149.284,4.51,4.04,0.47,3.09,16.770000457763672,99.19000244140624,6000.35986328125,4.1,2.680453865910226,,,,,2026-07-25 07:40:19,,2.31,4.13083100757532,4.33,0.0,1.8295461340897736,,
2025-06-07,6147.441000000001,6672885.0,376160.0,149.284,4.51,4.04,0.47,3.09,16.770000457763672,99.19000244140624,6000.35986328125,4.1,2.680453865910226,,,,,2026-07-25 07:40:19,,2.31,4.13083100757532,4.33,0.0,1.8295461340897736,,
2025-06-08,6147.441000000001,6672885.0,376160.0,149.284,4.51,4.04,0.47,3.09,16.770000457763672,99.19000244140624,6000.35986328125,4.1,2.680453865910226,,,,,2026-07-25 07:40:19,,2.31,4.13083100757532,4.33,0.0,1.8295461340897736,,
2025-06-09,6117.410000000001,6672885.0,376160.0,179.315,4.49,4.01,0.48,3.12,17.15999984741211,98.94000244140624,6005.8798828125,4.1,2.680453865910226,,,,,2026-07-25 07:40:19,,2.31,4.13083100757532,4.33,0.0,1.809546134089774,,
2025-06-10,6114.0,6672885.0,376160.0,182.725,4.47,4.01,0.46,3.12,16.950000762939453,99.0500030517578,6038.81005859375,4.1,2.680453865910226,,,,,2026-07-25 07:40:19,,2.29,4.13083100757532,4.33,0.0,1.7895461340897736,,
2025-06-11,6195.505,6677155.0,277025.0,204.625,4.41,3.94,0.47,3.12,17.260000228881836,98.62999725341795,6022.240234375,4.1,2.680453865910226,,,,,2026-07-25 07:40:19,,2.27,4.13083100757532,4.33,0.0,1.729546134089774,,
2025-06-12,6218.713,6677155.0,277025.0,181.417,4.36,3.9,0.46,3.17,18.020000457763672,97.91999816894533,6045.259765625,4.1,2.680453865910226,,,,,2026-07-25 07:40:19,,2.25,4.13083100757532,4.33,0.0,1.6795461340897742,,
2025-06-13,6231.485,6677155.0,277025.0,168.645,4.41,3.96,0.45,3.18,20.81999969482422,98.18000030517578,5976.97021484375,4.1,2.680453865910226,,,,,2026-07-25 07:40:19,,2.28,4.13083100757532,4.33,0.0,1.729546134089774,,
2025-06-14,6231.485,6677155.0,277025.0,168.645,4.41,3.96,0.45,3.18,20.81999969482422,98.18000030517578,5976.97021484375,4.1,2.680453865910226,,,,,2026-07-25 07:40:19,,2.28,4.13083100757532,4.33,0.0,1.729546134089774,,
2025-06-15,6231.485,6677155.0,277025.0,168.645,4.41,3.96,0.45,3.18,20.81999969482422,98.18000030517578,5976.97021484375,4.1,2.680453865910226,,,,,2026-07-25 07:40:19,,2.28,4.13083100757532,4.33,0.0,1.729546134089774,,
2025-06-16,6259.371,6677155.0,277025.0,140.759,4.46,3.97,0.49,3.1,19.11000061035156,98.0,6033.10986328125,4.1,2.680453865910226,,,,,2026-07-25 07:40:19,,2.3,4.13083100757532,4.33,0.0,1.7795461340897738,,
2025-06-17,6231.191,6677155.0,277025.0,168.939,4.39,3.94,0.45,3.17,21.600000381469727,98.81999969482422,5982.72021484375,4.1,2.680453865910226,,,,,2026-07-25 07:40:19,,2.31,4.13083100757532,4.33,0.0,1.7095461340897735,,
2025-06-18,6092.155,6681056.0,383851.0,205.05,4.38,3.94,0.44,3.16,20.13999938964844,98.91000366210938,5980.8701171875,4.1,2.680453865910226,,,,,2026-07-25 07:40:19,,2.31,4.13083100757532,4.33,0.0,1.6995461340897735,,
2025-06-19,6092.155,6681056.0,383851.0,205.05,4.38,3.94,0.44,3.16,20.13999938964844,98.91000366210938,5980.8701171875,4.1,2.680453865910226,,,,,2026-07-25 07:40:19,,2.31,4.13083100757532,4.33,0.0,1.6995461340897735,,
2025-06-20,6158.922,6681056.0,383851.0,138.283,4.38,3.9,0.48,3.13,20.6200008392334,98.70999908447266,5967.83984375,4.1,2.680453865910226,,,,,2026-07-25 07:40:19,,2.33,4.13083100757532,4.33,0.0,1.6995461340897735,,
2025-06-21,6158.922,6681056.0,383851.0,138.283,4.38,3.9,0.48,3.13,20.6200008392334,98.70999908447266,5967.83984375,4.1,2.680453865910226,,,,,2026-07-25 07:40:19,,2.33,4.13083100757532,4.33,0.0,1.6995461340897735,,
2025-06-22,6158.922,6681056.0,383851.0,138.283,4.38,3.9,0.48,3.13,20.6200008392334,98.70999908447266,5967.83984375,4.1,2.680453865910226,,,,,2026-07-25 07:40:19,,2.33,4.13083100757532,4.33,0.0,1.6995461340897735,,
2025-06-23,6131.8859999999995,6681056.0,383851.0,165.319,4.34,3.84,0.5,3.12,19.829999923706055,98.41999816894533,6025.169921875,4.1,2.680453865910226,,,,,2026-07-25 07:40:19,,2.3,4.13083100757532,4.33,0.0,1.6595461340897737,,
2025-06-24,6109.838,6681056.0,383851.0,187.367,4.3,3.75,0.55,3.06,17.479999542236328,97.86000061035156,6092.18017578125,4.1,2.680453865910226,,,,,2026-07-25 07:40:19,,2.29,4.13083100757532,4.33,0.0,1.6195461340897737,,
2025-06-25,6116.742,6662200.0,334579.0,210.879,4.29,3.74,0.55,3.04,16.760000228881836,97.68000030517578,6092.16015625,4.1,2.680453865910226,,,,,2026-07-25 07:40:19,,2.28,4.13083100757532,4.33,0.0,1.609546134089774,,
2025-06-26,6075.189,6662200.0,334579.0,252.432,4.26,3.7,0.56,3.04,16.59000015258789,97.1500015258789,6141.02001953125,4.1,2.680453865910226,,,,,2026-07-25 07:40:19,,2.28,4.13083100757532,4.33,0.0,1.5795461340897736,,
2025-06-27,6041.879,6662200.0,334579.0,285.742,4.29,3.73,0.56,3.02,16.31999969482422,97.4000015258789,6173.06982421875,4.1,2.680453865910226,,,,,2026-07-25 07:40:19,,2.29,4.13083100757532,4.33,0.0,1.609546134089774,,
2025-06-28,6041.879,6662200.0,334579.0,285.742,4.29,3.73,0.56,3.02,16.31999969482422,97.4000015258789,6173.06982421875,4.1,2.680453865910226,,,,,2026-07-25 07:40:19,,2.29,4.13083100757532,4.33,0.0,1.609546134089774,,
2025-06-29,6041.879,6662200.0,334579.0,285.742,4.29,3.73,0.56,3.02,16.31999969482422,97.4000015258789,6173.06982421875,4.1,2.680453865910226,,,,,2026-07-25 07:40:19,,2.29,4.13083100757532,4.33,0.0,1.609546134089774,,
2025-06-30,5866.89,6662200.0,334579.0,460.731,4.24,3.72,0.52,2.96,16.729999542236328,96.87999725341795,6204.9501953125,4.1,2.680453865910226,,,,,2026-07-25 07:40:19,,2.29,4.13083100757532,4.33,0.0,1.559546134089774,,
2025-07-01,6082.091,6662200.0,334579.0,245.53,4.26,3.78,0.48,2.91,16.829999923706055,96.81999969482422,6198.009765625,4.3,2.742618052167134,,,,,2026-07-25 07:40:19,,2.29,4.3853370181983875,4.33,0.0,1.5173819478328658,,
2025-07-02,6050.059,6659598.0,372232.0,237.307,4.3,3.78,0.52,2.88,16.639999389648438,96.77999877929688,6227.419921875,4.3,2.742618052167134,,,,,2026-07-25 07:40:19,,2.3,4.3853370181983875,4.33,0.0,1.557381947832866,,
2025-07-03,6072.701,6659598.0,372232.0,214.665,4.35,3.88,0.47,2.8,16.3799991607666,97.18000030517578,6279.35009765625,4.3,2.742618052167134,,,,,2026-07-25 07:40:19,,2.33,4.3853370181983875,4.33,0.0,1.6073819478328657,,
2025-07-04,6072.701,6659598.0,372232.0,214.665,4.35,3.88,0.47,2.8,16.3799991607666,97.18000030517578,6279.35009765625,4.3,2.742618052167134,,,,,2026-07-25 07:40:19,,2.33,4.3853370181983875,4.33,0.0,1.6073819478328657,,
2025-07-05,6072.701,6659598.0,372232.0,214.665,4.35,3.88,0.47,2.8,16.3799991607666,97.18000030517578,6279.35009765625,4.3,2.742618052167134,,,,,2026-07-25 07:40:19,,2.33,4.3853370181983875,4.33,0.0,1.6073819478328657,,
2025-07-06,6072.701,6659598.0,372232.0,214.665,4.35,3.88,0.47,2.8,16.3799991607666,97.18000030517578,6279.35009765625,4.3,2.742618052167134,,,,,2026-07-25 07:40:19,,2.33,4.3853370181983875,4.33,0.0,1.6073819478328657,,
2025-07-07,6069.336,6659598.0,372232.0,218.03,4.4,3.9,0.5,2.86,17.790000915527344,97.4800033569336,6229.97998046875,4.3,2.742618052167134,,,,,2026-07-25 07:40:19,,2.35,4.3853370181983875,4.33,0.0,1.6573819478328664,,
2025-07-08,6067.951,6659598.0,372232.0,219.415,4.42,3.9,0.52,2.92,16.809999465942383,97.51000213623048,6225.52001953125,4.3,2.742618052167134,,,,,2026-07-25 07:40:19,,2.35,4.3853370181983875,4.33,0.0,1.677381947832866,,
2025-07-09,6123.591,6661912.0,311048.0,227.273,4.34,3.86,0.48,2.94,15.9399995803833,97.47000122070312,6263.259765625,4.3,2.742618052167134,,,,,2026-07-25 07:40:19,,2.33,4.3853370181983875,4.33,0.0,1.597381947832866,,
2025-07-10,6167.525000000001,6661912.0,311048.0,183.339,4.35,3.86,0.49,2.92,15.779999732971191,97.6500015258789,6280.4599609375,4.3,2.742618052167134,,,,,2026-07-25 07:40:19,,2.34,4.3853370181983875,4.33,0.0,1.6073819478328657,,
2025-07-11,6169.227000000001,6661912.0,311048.0,181.637,4.43,3.9,0.53,2.97,16.399999618530273,97.8499984741211,6259.75,4.3,2.742618052167134,,,,,2026-07-25 07:40:19,,2.37,4.3853370181983875,4.33,0.0,1.6873819478328658,,
2025-07-12,6169.227000000001,6661912.0,311048.0,181.637,4.43,3.9,0.53,2.97,16.399999618530273,97.8499984741211,6259.75,4.3,2.742618052167134,,,,,2026-07-25 07:40:20,,2.37,4.3853370181983875,4.33,0.0,1.6873819478328658,,
2025-07-13,6169.227000000001,6661912.0,311048.0,181.637,4.43,3.9,0.53,2.97,16.399999618530273,97.8499984741211,6259.75,4.3,2.742618052167134,,,,,2026-07-25 07:40:20,,2.37,4.3853370181983875,4.33,0.0,1.6873819478328658,,
2025-07-14,6133.023,6661912.0,311048.0,217.841,4.43,3.9,0.53,2.95,17.200000762939453,98.08000183105467,6268.56005859375,4.3,2.742618052167134,,,,,2026-07-25 07:40:20,,2.39,4.3853370181983875,4.33,0.0,1.6873819478328658,,
2025-07-15,6152.587,6661912.0,311048.0,198.277,4.5,3.95,0.55,2.95,17.3799991607666,98.62000274658205,6243.759765625,4.3,2.742618052167134,,,,,2026-07-25 07:40:20,,2.41,4.3853370181983875,4.33,0.0,1.757381947832866,,
2025-07-16,6150.102,6659273.0,312085.0,197.086,4.46,3.88,0.58,3.0,17.15999984741211,98.38999938964844,6263.7001953125,4.3,2.742618052167134,,,,,2026-07-25 07:40:20,,2.41,4.3853370181983875,4.33,0.0,1.717381947832866,,
2025-07-17,6153.528,6659273.0,312085.0,193.66,4.47,3.91,0.56,2.91,16.520000457763672,98.7300033569336,6297.35986328125,4.3,2.742618052167134,,,,,2026-07-25 07:40:20,,2.43,4.3853370181983875,4.33,0.0,1.7273819478328658,,
2025-07-18,6147.89,6659273.0,312085.0,199.298,4.44,3.88,0.56,2.93,16.40999984741211,98.4800033569336,6296.7900390625,4.3,2.742618052167134,,,,,2026-07-25 07:40:20,,2.41,4.3853370181983875,4.33,0.0,1.6973819478328664,,
2025-07-19,6147.89,6659273.0,312085.0,199.298,4.44,3.88,0.56,2.93,16.40999984741211,98.4800033569336,6296.7900390625,4.3,2.742618052167134,,,,,2026-07-25 07:40:20,,2.41,4.3853370181983875,4.33,0.0,1.6973819478328664,,
2025-07-20,6147.89,6659273.0,312085.0,199.298,4.44,3.88,0.56,2.93,16.40999984741211,98.4800033569336,6296.7900390625,4.3,2.742618052167134,,,,,2026-07-25 07:40:20,,2.41,4.3853370181983875,4.33,0.0,1.6973819478328664,,
2025-07-21,6133.522,6659273.0,312085.0,213.666,4.38,3.85,0.53,2.89,16.649999618530273,97.8499984741211,6305.60009765625,4.3,2.742618052167134,,,,,2026-07-25 07:40:20,,2.4,4.3853370181983875,4.33,0.0,1.637381947832866,,
2025-07-22,6150.814,6659273.0,312085.0,196.374,4.35,3.83,0.52,2.9,16.5,97.38999938964844,6309.6201171875,4.3,2.742618052167134,,,,,2026-07-25 07:40:20,,2.39,4.3853370181983875,4.33,0.0,1.6073819478328657,,
2025-07-23,6134.545,6657715.0,333538.0,189.632,4.4,3.88,0.52,2.83,15.369999885559082,97.20999908447266,6358.91015625,4.3,2.742618052167134,,,,,2026-07-25 07:40:20,,2.37,4.3853370181983875,4.33,0.0,1.6573819478328664,,
2025-07-24,6191.991,6657715.0,333538.0,132.186,4.43,3.91,0.52,2.82,15.390000343322754,97.37999725341795,6363.35009765625,4.3,2.742618052167134,,,,,2026-07-25 07:40:20,,2.45,4.3853370181983875,4.33,0.0,1.6873819478328658,,
2025-07-25,6173.668,6657715.0,333538.0,150.509,4.4,3.91,0.49,2.84,14.93000030517578,97.6500015258789,6388.64013671875,4.3,2.742618052167134,,,,,2026-07-25 07:40:20,,2.44,4.3853370181983875,4.33,0.0,1.6573819478328664,,
2025-07-26,6173.668,6657715.0,333538.0,150.509,4.4,3.91,0.49,2.84,14.93000030517578,97.6500015258789,6388.64013671875,4.3,2.742618052167134,,,,,2026-07-25 07:40:20,,2.44,4.3853370181983875,4.33,0.0,1.6573819478328664,,
2025-07-27,6173.668,6657715.0,333538.0,150.509,4.4,3.91,0.49,2.84,14.93000030517578,97.6500015258789,6388.64013671875,4.3,2.742618052167134,,,,,2026-07-25 07:40:20,,2.44,4.3853370181983875,4.33,0.0,1.6573819478328664,,
2025-07-28,6153.714,6657715.0,333538.0,170.463,4.42,3.91,0.51,2.82,15.029999732971191,98.66000366210938,6389.77001953125,4.3,2.742618052167134,,,,,2026-07-25 07:40:20,,2.44,4.3853370181983875,4.33,0.0,1.677381947832866,,
2025-07-29,6153.159,6657715.0,333538.0,171.018,4.34,3.86,0.48,2.86,15.979999542236328,98.91000366210938,6370.85986328125,4.3,2.742618052167134,,,,,2026-07-25 07:40:20,,2.43,4.3853370181983875,4.33,0.0,1.597381947832866,,
2025-07-30,6067.651000000001,6642578.0,419446.0,155.481,4.38,3.94,0.44,2.89,15.479999542236328,99.94000244140624,6362.89990234375,4.3,2.742618052167134,,,,,2026-07-25 07:40:20,,2.42,4.3853370181983875,4.33,0.0,1.637381947832866,,
2025-07-31,6008.687000000001,6642578.0,419446.0,214.445,4.37,3.94,0.43,2.86,16.719999313354492,100.02999877929688,6339.39013671875,4.3,2.742618052167134,,,,,2026-07-25 07:40:20,,2.39,4.3853370181983875,4.33,0.0,1.6273819478328662,,
2025-08-01,6125.706,6642578.0,419446.0,97.426,4.23,3.69,0.54,3.13,20.3799991607666,98.69000244140624,6238.009765625,4.3,2.9385917430316155,,,,,2026-07-25 07:40:20,,2.33,4.249835982007566,4.33,0.0,1.291408256968385,,
2025-08-02,6125.706,6642578.0,419446.0,97.426,4.23,3.69,0.54,3.13,20.3799991607666,98.69000244140624,6238.009765625,4.3,2.9385917430316155,,,,,2026-07-25 07:40:20,,2.33,4.249835982007566,4.33,0.0,1.291408256968385,,
2025-08-03,6125.706,6642578.0,419446.0,97.426,4.23,3.69,0.54,3.13,20.3799991607666,98.69000244140624,6238.009765625,4.3,2.9385917430316155,,,,,2026-07-25 07:40:20,,2.33,4.249835982007566,4.33,0.0,1.291408256968385,,
2025-08-04,6097.402000000001,6642578.0,419446.0,125.73,4.22,3.69,0.53,3.02,17.520000457763672,98.77999877929688,6329.93994140625,4.3,2.9385917430316155,,,,,2026-07-25 07:40:20,,2.37,4.249835982007566,4.33,0.0,1.2814082569683842,,
2025-08-05,6138.776000000001,6642578.0,419446.0,84.356,4.22,3.72,0.5,2.98,17.850000381469727,98.77999877929688,6299.18994140625,4.3,2.9385917430316155,,,,,2026-07-25 07:40:20,,2.36,4.249835982007566,4.33,0.0,1.2814082569683842,,
2025-08-06,6084.562,6640843.0,464315.0,91.966,4.22,3.69,0.53,2.98,16.770000457763672,98.18000030517578,6345.06005859375,4.3,2.9385917430316155,,,,,2026-07-25 07:40:20,,2.34,4.249835982007566,4.33,0.0,1.2814082569683842,,
2025-08-07,6098.567,6640843.0,464315.0,77.961,4.23,3.72,0.51,2.95,16.56999969482422,98.4000015258789,6340.0,4.3,2.9385917430316155,,,,,2026-07-25 07:40:20,,2.35,4.249835982007566,4.33,0.0,1.291408256968385,,
2025-08-08,6096.225,6640843.0,464315.0,80.303,4.27,3.76,0.51,2.94,15.149999618530272,98.18000030517578,6389.4501953125,4.3,2.9385917430316155,,,,,2026-07-25 07:40:20,,2.39,4.249835982007566,4.33,0.0,1.331408256968384,,
2025-08-09,6096.225,6640843.0,464315.0,80.303,4.27,3.76,0.51,2.94,15.149999618530272,98.18000030517578,6389.4501953125,4.3,2.9385917430316155,,,,,2026-07-25 07:40:20,,2.39,4.249835982007566,4.33,0.0,1.331408256968384,,
2025-08-10,6096.225,6640843.0,464315.0,80.303,4.27,3.76,0.51,2.94,15.149999618530272,98.18000030517578,6389.4501953125,4.3,2.9385917430316155,,,,,2026-07-25 07:40:20,,2.39,4.249835982007566,4.33,0.0,1.331408256968384,,
2025-08-11,6094.314,6640843.0,464315.0,82.214,4.27,3.76,0.51,2.94,16.25,98.5199966430664,6373.4501953125,4.3,2.9385917430316155,,,,,2026-07-25 07:40:20,,2.4,4.249835982007566,4.33,0.0,1.331408256968384,,
2025-08-12,6119.036,6640843.0,464315.0,57.492,4.29,3.72,0.57,2.93,14.729999542236328,98.0999984741211,6445.759765625,4.3,2.9385917430316155,,,,,2026-07-25 07:40:20,,2.38,4.249835982007566,4.33,0.0,1.3514082569683843,,
2025-08-13,6070.9439999999995,6643615.0,515469.0,57.202,4.24,3.67,0.57,2.9,14.489999771118164,97.83999633789062,6466.580078125,4.3,2.9385917430316155,,,,,2026-07-25 07:40:20,,2.37,4.249835982007566,4.33,0.0,1.3014082569683847,,
2025-08-14,6099.3279999999995,6643615.0,515469.0,28.818,4.29,3.74,0.55,2.89,14.829999923706056,98.25,6468.5400390625,4.3,2.9385917430316155,,,,,2026-07-25 07:40:20,,2.39,4.249835982007566,4.33,0.0,1.3514082569683843,,
2025-08-15,6094.389,6643615.0,515469.0,33.757,4.33,3.75,0.58,2.88,15.09000015258789,97.8499984741211,6449.7998046875,4.3,2.9385917430316155,,,,,2026-07-25 07:40:20,,2.38,4.249835982007566,4.33,0.0,1.3914082569683843,,
2025-08-16,6094.389,6643615.0,515469.0,33.757,4.33,3.75,0.58,2.88,15.09000015258789,97.8499984741211,6449.7998046875,4.3,2.9385917430316155,,,,,2026-07-25 07:40:20,,2.38,4.249835982007566,4.33,0.0,1.3914082569683843,,
2025-08-17,6094.389,6643615.0,515469.0,33.757,4.33,3.75,0.58,2.88,15.09000015258789,97.8499984741211,6449.7998046875,4.3,2.9385917430316155,,,,,2026-07-25 07:40:20,,2.38,4.249835982007566,4.33,0.0,1.3914082569683843,,
2025-08-18,6089.906,6643615.0,515469.0,38.24,4.34,3.77,0.57,2.88,14.989999771118164,98.16999816894533,6449.14990234375,4.3,2.9385917430316155,,,,,2026-07-25 07:40:20,,2.38,4.249835982007566,4.33,0.0,1.4014082569683843,,
2025-08-19,6105.802,6643615.0,515469.0,22.344,4.3,3.75,0.55,2.9,15.56999969482422,98.2699966430664,6411.3701171875,4.3,2.9385917430316155,,,,,2026-07-25 07:40:20,,2.35,4.249835982007566,4.33,0.0,1.3614082569683843,,
2025-08-20,6057.353,6618415.0,526063.0,34.999,4.29,3.74,0.55,2.94,15.6899995803833,98.22000122070312,6395.77978515625,4.3,2.9385917430316155,,,,,2026-07-25 07:40:20,,2.35,4.249835982007566,4.33,0.0,1.3514082569683843,,
2025-08-21,6066.994,6618415.0,526063.0,25.358,4.33,3.79,0.54,2.95,16.600000381469727,98.62000274658205,6370.169921875,4.3,2.9385917430316155,,,,,2026-07-25 07:40:20,,2.39,4.249835982007566,4.33,0.0,1.3914082569683843,,
2025-08-22,6056.077,6618415.0,526063.0,36.275,4.26,3.68,0.58,2.88,14.220000267028809,97.72000122070312,6466.91015625,4.3,2.9385917430316155,,,,,2026-07-25 07:40:20,,2.41,4.249835982007566,4.33,0.0,1.3214082569683845,,
2025-08-23,6056.077,6618415.0,526063.0,36.275,4.26,3.68,0.58,2.88,14.220000267028809,97.72000122070312,6466.91015625,4.3,2.9385917430316155,,,,,2026-07-25 07:40:20,,2.41,4.249835982007566,4.33,0.0,1.3214082569683845,,
2025-08-24,6056.077,6618415.0,526063.0,36.275,4.26,3.68,0.58,2.88,14.220000267028809,97.72000122070312,6466.91015625,4.3,2.9385917430316155,,,,,2026-07-25 07:40:20,,2.41,4.249835982007566,4.33,0.0,1.3214082569683845,,
2025-08-25,6044.785,6618415.0,526063.0,47.567,4.28,3.73,0.55,2.8,14.789999961853027,98.43000030517578,6439.31982421875,4.3,2.9385917430316155,,,,,2026-07-25 07:40:20,,2.41,4.249835982007566,4.33,0.0,1.3414082569683847,,
2025-08-26,6063.778,6618415.0,526063.0,28.574,4.26,3.61,0.65,2.78,14.619999885559082,98.2300033569336,6465.93994140625,4.3,2.9385917430316155,,,,,2026-07-25 07:40:20,,2.42,4.249835982007566,4.33,0.0,1.3214082569683845,,
2025-08-27,5972.842000000001,6603384.0,595798.0,34.744,4.24,3.59,0.65,2.78,14.850000381469728,98.2300033569336,6481.39990234375,4.3,2.9385917430316155,,,,,2026-07-25 07:40:20,,2.43,4.249835982007566,4.33,0.0,1.3014082569683847,,
2025-08-28,5975.62,6603384.0,595798.0,31.966,4.22,3.62,0.6,2.75,14.43000030517578,97.80999755859376,6501.85986328125,4.3,2.9385917430316155,,,,,2026-07-25 07:40:20,,2.41,4.249835982007566,4.33,0.0,1.2814082569683842,,
2025-08-29,5929.688,6603384.0,595798.0,77.898,4.23,3.59,0.64,2.82,15.359999656677246,97.7699966430664,6460.259765625,4.3,2.9385917430316155,,,,,2026-07-25 07:40:20,,2.41,4.249835982007566,4.33,0.0,1.291408256968385,,
2025-08-30,5929.688,6603384.0,595798.0,77.898,4.23,3.59,0.64,2.82,15.359999656677246,97.7699966430664,6460.259765625,4.3,2.9385917430316155,,,,,2026-07-25 07:40:20,,2.41,4.249835982007566,4.33,0.0,1.291408256968385,,
2025-08-31,5929.688,6603384.0,595798.0,77.898,4.23,3.59,0.64,2.84,15.359999656677246,97.7699966430664,6460.259765625,4.3,2.9385917430316155,,,,,2026-07-25 07:40:20,,2.41,4.249835982007566,4.33,0.0,1.291408256968385,,
2025-09-01,5929.688,6603384.0,595798.0,77.898,4.23,3.59,0.64,2.84,15.359999656677246,97.7699966430664,6460.259765625,4.4,3.0225715847133294,,,,,2026-07-25 07:40:20,,2.41,4.2356425868027126,4.33,0.0,1.207428415286671,,
2025-09-02,5986.52,6603384.0,595798.0,21.066,4.28,3.66,0.62,2.92,17.170000076293945,98.4000015258789,6415.5400390625,4.4,3.0225715847133294,,,,,2026-07-25 07:40:20,,2.41,4.2356425868027126,4.33,0.0,1.2574284152866708,,
2025-09-03,5922.209,6602071.0,661939.0,17.923,4.22,3.61,0.61,2.88,16.350000381469727,98.13999938964844,6448.259765625,4.4,3.0225715847133294,,,,,2026-07-25 07:40:20,,2.4,4.2356425868027126,4.33,0.0,1.1974284152866703,,
2025-09-04,5920.004,6602071.0,661939.0,20.128,4.17,3.59,0.58,2.84,15.300000190734863,98.3499984741211,6502.080078125,4.4,3.0225715847133294,,,,,2026-07-25 07:40:20,,2.38,4.2356425868027126,4.33,0.0,1.1474284152866705,,
2025-09-05,5919.134999999999,6602071.0,661939.0,20.997,4.1,3.51,0.59,2.83,15.18000030517578,97.7699966430664,6481.5,4.4,3.0225715847133294,,,,,2026-07-25 07:40:21,,2.37,4.2356425868027126,4.33,0.0,1.0774284152866702,,
2025-09-06,5919.134999999999,6602071.0,661939.0,20.997,4.1,3.51,0.59,2.83,15.18000030517578,97.7699966430664,6481.5,4.4,3.0225715847133294,,,,,2026-07-25 07:40:21,,2.37,4.2356425868027126,4.33,0.0,1.0774284152866702,,
2025-09-07,5919.134999999999,6602071.0,661939.0,20.997,4.1,3.51,0.59,2.83,15.18000030517578,97.7699966430664,6481.5,4.4,3.0225715847133294,,,,,2026-07-25 07:40:21,,2.37,4.2356425868027126,4.33,0.0,1.0774284152866702,,
2025-09-08,5920.715999999999,6602071.0,661939.0,19.416,4.05,3.49,0.56,2.84,15.109999656677246,97.4499969482422,6495.14990234375,4.4,3.0225715847133294,,,,,2026-07-25 07:40:21,,2.35,4.2356425868027126,4.33,0.0,1.0274284152866704,,
2025-09-09,5917.217,6602071.0,661939.0,22.915,4.08,3.54,0.54,2.87,15.039999961853027,97.79000091552734,6512.60986328125,4.4,3.0225715847133294,,,,,2026-07-25 07:40:21,,2.36,4.2356425868027126,4.33,0.0,1.0574284152866706,,
2025-09-10,5908.977000000001,6605962.0,667585.0,29.4,4.04,3.54,0.5,2.84,15.350000381469728,97.77999877929688,6532.0400390625,4.4,3.0225715847133294,,,,,2026-07-25 07:40:21,,2.35,4.2356425868027126,4.33,0.0,1.0174284152866706,,
2025-09-11,5911.4800000000005,6605962.0,667585.0,26.897,4.01,3.52,0.49,2.78,14.710000038146973,97.54000091552734,6587.47021484375,4.4,3.0225715847133294,,,,,2026-07-25 07:40:21,,2.34,4.2356425868027126,4.33,0.0,0.9874284152866704,,
2025-09-12,5921.046,6605962.0,667585.0,17.331,4.06,3.56,0.5,2.79,14.760000228881836,97.5500030517578,6584.2900390625,4.4,3.0225715847133294,,,,,2026-07-25 07:40:21,,2.36,4.2356425868027126,4.33,0.0,1.0374284152866702,,
2025-09-13,5921.046,6605962.0,667585.0,17.331,4.06,3.56,0.5,2.79,14.760000228881836,97.5500030517578,6584.2900390625,4.4,3.0225715847133294,,,,,2026-07-25 07:40:21,,2.36,4.2356425868027126,4.33,0.0,1.0374284152866702,,
2025-09-14,5921.046,6605962.0,667585.0,17.331,4.06,3.56,0.5,2.79,14.760000228881836,97.5500030517578,6584.2900390625,4.4,3.0225715847133294,,,,,2026-07-25 07:40:21,,2.36,4.2356425868027126,4.33,0.0,1.0374284152866702,,
2025-09-15,5921.423000000001,6605962.0,667585.0,16.954,4.05,3.54,0.51,2.75,15.6899995803833,97.3000030517578,6615.27978515625,4.4,3.0225715847133294,,,,,2026-07-25 07:40:21,,2.37,4.2356425868027126,4.33,0.0,1.0274284152866704,,
2025-09-16,5919.56,6605962.0,667585.0,18.817,4.04,3.51,0.53,2.79,16.360000610351562,96.62999725341795,6606.759765625,4.4,3.0225715847133294,,,,,2026-07-25 07:40:21,,2.37,4.2356425868027126,4.33,0.0,1.0174284152866706,,
2025-09-17,5787.492,6608597.0,807142.0,13.963,4.06,3.52,0.54,2.79,15.720000267028809,96.87000274658205,6600.35009765625,4.4,3.0225715847133294,,,,,2026-07-25 07:40:21,,2.38,4.2356425868027126,4.33,0.0,1.0374284152866702,,
2025-09-18,5787.748,6608597.0,807142.0,13.707,4.11,3.57,0.54,2.71,15.699999809265137,97.3499984741211,6631.9599609375,4.4,3.0225715847133294,,,,,2026-07-25 07:40:21,,2.38,4.2356425868027126,4.08,-0.25,1.087428415286671,,
2025-09-19,5790.092,6608597.0,807142.0,11.363,4.14,3.57,0.57,2.72,15.449999809265137,97.63999938964844,6664.35986328125,4.4,3.0225715847133294,,,,,2026-07-25 07:40:21,,2.39,4.2356425868027126,4.08,-0.25,1.1174284152866705,,
2025-09-20,5790.092,6608597.0,807142.0,11.363,4.14,3.57,0.57,2.72,15.449999809265137,97.63999938964844,6664.35986328125,4.4,3.0225715847133294,,,,,2026-07-25 07:40:21,,2.39,4.2356425868027126,4.08,-0.25,1.1174284152866705,,
2025-09-21,5790.092,6608597.0,807142.0,11.363,4.14,3.57,0.57,2.72,15.449999809265137,97.63999938964844,6664.35986328125,4.4,3.0225715847133294,,,,,2026-07-25 07:40:21,,2.39,4.2356425868027126,4.08,-0.25,1.1174284152866705,,
2025-09-22,5787.282,6608597.0,807142.0,14.173,4.15,3.61,0.54,2.69,16.100000381469727,97.33000183105467,6693.75,4.4,3.0225715847133294,,,,,2026-07-25 07:40:21,,2.37,4.2356425868027126,4.09,-0.2400000000000002,1.127428415286671,,
2025-09-23,5787.053,6608597.0,807142.0,14.402,4.12,3.53,0.59,2.71,16.639999389648438,97.26000213623048,6656.919921875,4.4,3.0225715847133294,,,,,2026-07-25 07:40:21,,2.37,4.2356425868027126,4.09,-0.2400000000000002,1.097428415286671,,
2025-09-24,5821.253000000001,6608395.0,757970.0,29.172,4.16,3.57,0.59,2.7,16.18000030517578,97.87000274658205,6637.97021484375,4.4,3.0225715847133294,,,,,2026-07-25 07:40:21,,2.38,4.2356425868027126,4.09,-0.2400000000000002,1.1374284152866707,,
2025-09-25,5825.0560000000005,6608395.0,757970.0,25.369,4.18,3.64,0.54,2.76,16.739999771118164,98.5500030517578,6604.72021484375,4.4,3.0225715847133294,,,,,2026-07-25 07:40:21,,2.38,4.2356425868027126,4.09,-0.2400000000000002,1.1574284152866705,,
2025-09-26,5802.352,6608395.0,757970.0,48.073,4.2,3.63,0.57,2.75,15.289999961853027,98.1500015258789,6643.7001953125,4.4,3.0225715847133294,,,,,2026-07-25 07:40:21,,2.38,4.2356425868027126,4.09,-0.2400000000000002,1.1774284152866707,,
2025-09-27,5802.352,6608395.0,757970.0,48.073,4.2,3.63,0.57,2.75,15.289999961853027,98.1500015258789,6643.7001953125,4.4,3.0225715847133294,,,,,2026-07-25 07:40:21,,2.38,4.2356425868027126,4.09,-0.2400000000000002,1.1774284152866707,,
2025-09-28,5802.352,6608395.0,757970.0,48.073,4.2,3.63,0.57,2.75,15.289999961853027,98.1500015258789,6643.7001953125,4.4,3.0225715847133294,,,,,2026-07-25 07:40:21,,2.38,4.2356425868027126,4.09,-0.2400000000000002,1.1774284152866707,,
2025-09-29,5794.205,6608395.0,757970.0,56.22,4.15,3.63,0.52,2.74,16.1200008392334,97.91000366210938,6661.2099609375,4.4,3.0225715847133294,,,,,2026-07-25 07:40:21,,2.35,4.2356425868027126,4.09,-0.2400000000000002,1.127428415286671,,
2025-09-30,5801.354,6608395.0,757970.0,49.071,4.16,3.6,0.56,2.8,16.280000686645508,97.7699966430664,6688.4599609375,4.4,3.0225715847133294,,,,,2026-07-25 07:40:21,,2.36,4.2356425868027126,4.09,-0.2400000000000002,1.1374284152866707,,
2025-10-01,5757.562,6587119.0,819378.0,10.179,4.12,3.55,0.57,2.81,16.290000915527344,97.70999908447266,6711.2001953125,4.4,2.729136238202212,,,,,2026-07-25 07:40:21,,2.35,4.28091262381689,4.09,-0.2400000000000002,1.390863761797788,,
2025-10-02,5759.305,6587119.0,819378.0,8.436,4.1,3.55,0.55,2.81,16.6299991607666,97.8499984741211,6715.35009765625,4.4,2.729136238202212,,,,,2026-07-25 07:40:21,,2.34,4.28091262381689,4.09,-0.2400000000000002,1.3708637617977877,,
2025-10-03,5742.349,6587119.0,819378.0,25.392,4.13,3.58,0.55,2.8,16.649999618530273,97.72000122070312,6715.7900390625,4.4,2.729136238202212,,,,,2026-07-25 07:40:21,,2.33,4.28091262381689,4.09,-0.2400000000000002,1.4008637617977877,,
2025-10-04,5742.349,6587119.0,819378.0,25.392,4.13,3.58,0.55,2.8,16.649999618530273,97.72000122070312,6715.7900390625,4.4,2.729136238202212,,,,,2026-07-25 07:40:21,,2.33,4.28091262381689,4.09,-0.2400000000000002,1.4008637617977877,,
2025-10-05,5742.349,6587119.0,819378.0,25.392,4.13,3.58,0.55,2.8,16.649999618530273,97.72000122070312,6715.7900390625,4.4,2.729136238202212,,,,,2026-07-25 07:40:21,,2.33,4.28091262381689,4.09,-0.2400000000000002,1.4008637617977877,,
2025-10-06,5745.965,6587119.0,819378.0,21.776,4.18,3.6,0.58,2.76,16.3700008392334,98.11000061035156,6740.27978515625,4.4,2.729136238202212,,,,,2026-07-25 07:40:21,,2.34,4.28091262381689,4.09,-0.2400000000000002,1.4508637617977875,,
2025-10-07,5763.119,6587119.0,819378.0,4.622,4.14,3.57,0.57,2.82,17.239999771118164,98.58000183105467,6714.58984375,4.4,2.729136238202212,,,,,2026-07-25 07:40:21,,2.35,4.28091262381689,4.09,-0.2400000000000002,1.4108637617977875,,
2025-10-08,5791.53,6590815.0,794054.0,5.231,4.13,3.58,0.55,2.84,16.299999237060547,98.8499984741211,6753.72021484375,4.4,2.729136238202212,,,,,2026-07-25 07:40:21,,2.35,4.28091262381689,4.1,-0.2300000000000004,1.4008637617977877,,
2025-10-09,5792.264999999999,6590815.0,794054.0,4.496,4.14,3.6,0.54,2.95,16.43000030517578,99.54000091552734,6735.10986328125,4.4,2.729136238202212,,,,,2026-07-25 07:40:21,,2.34,4.28091262381689,4.1,-0.2300000000000004,1.4108637617977875,,
2025-10-10,5792.637,6590815.0,794054.0,4.124,4.05,3.52,0.53,3.18,21.65999984741211,98.9800033569336,6552.509765625,4.4,2.729136238202212,,,,,2026-07-25 07:40:21,,2.3,4.28091262381689,4.1,-0.2300000000000004,1.3208637617977876,,
2025-10-11,5792.637,6590815.0,794054.0,4.124,4.05,3.52,0.53,3.18,21.65999984741211,98.9800033569336,6552.509765625,4.4,2.729136238202212,,,,,2026-07-25 07:40:21,,2.3,4.28091262381689,4.1,-0.2300000000000004,1.3208637617977876,,
2025-10-12,5792.637,6590815.0,794054.0,4.124,4.05,3.52,0.53,3.18,21.65999984741211,98.9800033569336,6552.509765625,4.4,2.729136238202212,,,,,2026-07-25 07:40:21,,2.3,4.28091262381689,4.1,-0.2300000000000004,1.3208637617977876,,
2025-10-13,5792.637,6590815.0,794054.0,4.124,4.05,3.52,0.53,3.18,19.030000686645508,99.2699966430664,6654.72021484375,4.4,2.729136238202212,,,,,2026-07-25 07:40:21,,2.3,4.28091262381689,4.1,-0.2300000000000004,1.3208637617977876,,
2025-10-14,5793.245,6590815.0,794054.0,3.516,4.03,3.48,0.55,3.11,20.809999465942383,99.0500030517578,6644.31005859375,4.4,2.729136238202212,,,,,2026-07-25 07:40:21,,2.3,4.28091262381689,4.1,-0.2300000000000004,1.300863761797788,,
2025-10-15,5739.017999999999,6596454.0,851952.0,5.484,4.05,3.5,0.55,2.95,20.63999938964844,98.79000091552734,6671.06005859375,4.4,2.729136238202212,,,,,2026-07-25 07:40:21,,2.29,4.28091262381689,4.1,-0.2300000000000004,1.3208637617977876,,
2025-10-16,5737.5419999999995,6596454.0,851952.0,6.96,3.99,3.41,0.58,3.04,25.309999465942383,98.38999938964844,6629.06982421875,4.4,2.729136238202212,,,,,2026-07-25 07:40:21,,2.28,4.28091262381689,4.11,-0.2199999999999997,1.260863761797788,,
2025-10-17,5740.4,6596454.0,851952.0,4.102,4.02,3.46,0.56,3.04,20.780000686645508,98.43000030517578,6664.009765625,4.4,2.729136238202212,,,,,2026-07-25 07:40:21,,2.27,4.28091262381689,4.11,-0.2199999999999997,1.2908637617977874,,
2025-10-18,5740.4,6596454.0,851952.0,4.102,4.02,3.46,0.56,3.04,20.780000686645508,98.43000030517578,6664.009765625,4.4,2.729136238202212,,,,,2026-07-25 07:40:21,,2.27,4.28091262381689,4.11,0.0300000000000002,1.2908637617977874,,
2025-10-19,5740.4,6596454.0,851952.0,4.102,4.02,3.46,0.56,3.04,20.780000686645508,98.43000030517578,6664.009765625,4.4,2.729136238202212,,,,,2026-07-25 07:40:21,,2.27,4.28091262381689,4.11,0.0300000000000002,1.2908637617977874,,
2025-10-20,5738.571,6596454.0,851952.0,5.931,4.0,3.46,0.54,2.99,18.229999542236328,98.58999633789062,6735.1298828125,4.4,2.729136238202212,,,,,2026-07-25 07:40:21,,2.26,4.28091262381689,4.11,0.0300000000000002,1.2708637617977878,,
2025-10-21,5739.803,6596454.0,851952.0,4.699,3.98,3.45,0.53,2.97,17.8700008392334,98.93000030517578,6735.35009765625,4.4,2.729136238202212,,,,,2026-07-25 07:40:21,,2.28,4.28091262381689,4.11,0.0300000000000002,1.2508637617977878,,
2025-10-22,5680.454000000001,6589533.0,905074.0,4.005,3.97,3.45,0.52,3.01,18.600000381469727,98.9000015258789,6699.39990234375,4.4,2.729136238202212,,,,,2026-07-25 07:40:21,,2.29,4.28091262381689,4.11,0.0200000000000004,1.240863761797788,,
2025-10-23,5677.518000000001,6589533.0,905074.0,6.941,4.01,3.48,0.53,2.96,17.299999237060547,98.94000244140624,6738.43994140625,4.4,2.729136238202212,,,,,2026-07-25 07:40:21,,2.3,4.28091262381689,4.11,0.0200000000000004,1.2808637617977876,,
2025-10-24,5682.024,6589533.0,905074.0,2.435,4.02,3.48,0.54,2.88,16.3700008392334,98.9499969482422,6791.68994140625,4.4,2.729136238202212,,,,,2026-07-25 07:40:21,,2.29,4.28091262381689,4.11,0.0200000000000004,1.2908637617977874,,
2025-10-25,5682.024,6589533.0,905074.0,2.435,4.02,3.48,0.54,2.88,16.3700008392334,98.9499969482422,6791.68994140625,4.4,2.729136238202212,,,,,2026-07-25 07:40:21,,2.29,4.28091262381689,4.11,0.0200000000000004,1.2908637617977874,,
2025-10-26,5682.024,6589533.0,905074.0,2.435,4.02,3.48,0.54,2.88,16.3700008392334,98.9499969482422,6791.68994140625,4.4,2.729136238202212,,,,,2026-07-25 07:40:21,,2.29,4.28091262381689,4.11,0.0200000000000004,1.2908637617977874,,
2025-10-27,5673.817000000001,6589533.0,905074.0,10.642,4.01,3.48,0.53,2.8,15.789999961853027,98.77999877929688,6875.16015625,4.4,2.729136238202212,,,,,2026-07-25 07:40:21,,2.28,4.28091262381689,4.12,0.0300000000000002,1.2808637617977876,,
2025-10-28,5670.363000000001,6589533.0,905074.0,14.096,3.99,3.47,0.52,2.82,16.420000076293945,98.69000244140624,6890.89013671875,4.4,2.729136238202212,,,,,2026-07-25 07:40:21,,2.28,4.28091262381689,4.12,0.0300000000000002,1.260863761797788,,
2025-10-29,5583.670999999999,6587034.0,983859.0,19.504,4.08,3.59,0.49,2.76,16.920000076293945,99.22000122070312,6890.58984375,4.4,2.729136238202212,,,,,2026-07-25 07:40:21,,2.3,4.28091262381689,4.12,0.0300000000000002,1.350863761797788,,
2025-10-30,5584.008999999999,6587034.0,983859.0,19.166,4.11,3.61,0.5,2.85,16.90999984741211,99.52999877929688,6822.33984375,4.4,2.729136238202212,,,,,2026-07-25 07:40:21,,2.29,4.28091262381689,3.87,-0.2199999999999997,1.380863761797788,,
2025-10-31,5551.373,6587034.0,983859.0,51.802,4.11,3.6,0.51,2.94,17.440000534057617,99.8000030517578,6840.2001953125,4.4,2.729136238202212,,,,,2026-07-25 07:40:21,,2.3,4.28091262381689,3.86,-0.2299999999999999,1.380863761797788,,
2025-11-01,5551.373,6587034.0,983859.0,51.802,4.11,3.6,0.51,2.94,17.440000534057617,99.8000030517578,6840.2001953125,4.5,2.6964439164939513,,,,,2026-07-25 07:40:21,,2.3,3.846225561947026,3.86,-0.2299999999999999,1.413556083506049,,
2025-11-02,5551.373,6587034.0,983859.0,51.802,4.11,3.6,0.51,2.94,17.440000534057617,99.8000030517578,6840.2001953125,4.5,2.6964439164939513,,,,,2026-07-25 07:40:21,,2.3,3.846225561947026,3.86,-0.2299999999999999,1.413556083506049,,
2025-11-03,5579.382999999999,6587034.0,983859.0,23.792,4.13,3.6,0.53,3.04,17.170000076293945,99.87000274658205,6851.97021484375,4.5,2.6964439164939513,,,,,2026-07-25 07:40:22,,2.31,3.846225561947026,3.87,-0.2199999999999997,1.4335560835060486,,
2025-11-04,5586.191999999999,6587034.0,983859.0,16.983,4.1,3.58,0.52,3.13,19.0,100.22000122070312,6771.5498046875,4.5,2.6964439164939513,,,,,2026-07-25 07:40:22,,2.29,3.846225561947026,3.87,-0.2199999999999997,1.4035560835060483,,
2025-11-05,5617.218,6572732.0,942700.0,12.814,4.17,3.63,0.54,3.05,18.010000228881836,100.1999969482422,6796.2900390625,4.5,2.6964439164939513,,,,,2026-07-25 07:40:22,,2.3,3.846225561947026,3.87,-0.2199999999999997,1.4735560835060486,,
2025-11-06,5619.278,6572732.0,942700.0,10.754,4.11,3.57,0.54,3.13,19.5,99.7300033569336,6720.31982421875,4.5,2.6964439164939513,,,,,2026-07-25 07:40:22,,2.28,3.846225561947026,3.87,-0.2199999999999997,1.413556083506049,,
2025-11-07,5625.129,6572732.0,942700.0,4.903,4.11,3.55,0.56,3.15,19.079999923706055,99.5999984741211,6728.7998046875,4.5,2.6964439164939513,,,,,2026-07-25 07:40:22,,2.28,3.846225561947026,3.87,-0.2299999999999995,1.413556083506049,,
2025-11-08,5625.129,6572732.0,942700.0,4.903,4.11,3.55,0.56,3.15,19.079999923706055,99.5999984741211,6728.7998046875,4.5,2.6964439164939513,,,,,2026-07-25 07:40:22,,2.28,3.846225561947026,3.87,-0.2299999999999995,1.413556083506049,,
2025-11-09,5625.129,6572732.0,942700.0,4.903,4.11,3.55,0.56,3.15,19.079999923706055,99.5999984741211,6728.7998046875,4.5,2.6964439164939513,,,,,2026-07-25 07:40:22,,2.28,3.846225561947026,3.87,-0.2299999999999995,1.413556083506049,,
2025-11-10,5622.88,6572732.0,942700.0,7.152,4.13,3.58,0.55,3.02,17.600000381469727,99.62000274658205,6832.43017578125,4.5,2.6964439164939513,,,,,2026-07-25 07:40:22,,2.29,3.846225561947026,3.87,-0.2299999999999995,1.4335560835060486,,
2025-11-11,5622.88,6572732.0,942700.0,7.152,4.13,3.58,0.55,3.02,17.280000686645508,99.45999908447266,6846.60986328125,4.5,2.6964439164939513,,,,,2026-07-25 07:40:22,,2.29,3.846225561947026,3.87,-0.2299999999999995,1.4335560835060486,,
2025-11-12,5631.4310000000005,6580462.0,943145.0,5.886,4.08,3.56,0.52,3.02,17.510000228881836,99.4800033569336,6850.919921875,4.5,2.6964439164939513,,,,,2026-07-25 07:40:22,,2.27,3.846225561947026,3.87,-0.2299999999999995,1.3835560835060488,,
2025-11-13,5633.5560000000005,6580462.0,943145.0,3.761,4.11,3.58,0.53,3.09,20.0,99.18000030517578,6737.490234375,4.5,2.6964439164939513,,,,,2026-07-25 07:40:22,,2.28,3.846225561947026,3.88,-0.2199999999999997,1.413556083506049,,
2025-11-14,5635.758000000001,6580462.0,943145.0,1.559,4.14,3.62,0.52,3.07,19.829999923706055,99.2699966430664,6734.10986328125,4.5,2.6964439164939513,,,,,2026-07-25 07:40:22,,2.28,3.846225561947026,3.88,-0.2199999999999997,1.4435560835060484,,
2025-11-15,5635.758000000001,6580462.0,943145.0,1.559,4.14,3.62,0.52,3.07,19.829999923706055,99.2699966430664,6734.10986328125,4.5,2.6964439164939513,,,,,2026-07-25 07:40:22,,2.28,3.846225561947026,3.88,-0.2300000000000004,1.4435560835060484,,
2025-11-16,5635.758000000001,6580462.0,943145.0,1.559,4.14,3.62,0.52,3.07,19.829999923706055,99.2699966430664,6734.10986328125,4.5,2.6964439164939513,,,,,2026-07-25 07:40:22,,2.28,3.846225561947026,3.88,-0.2300000000000004,1.4435560835060484,,
2025-11-17,5634.145000000001,6580462.0,943145.0,3.172,4.13,3.6,0.53,3.13,22.3799991607666,99.58999633789062,6672.41015625,4.5,2.6964439164939513,,,,,2026-07-25 07:40:22,,2.28,3.846225561947026,3.88,-0.2300000000000004,1.4335560835060486,,
2025-11-18,5636.412000000001,6580462.0,943145.0,0.905,4.12,3.58,0.54,3.2,24.690000534057617,99.5500030517578,6617.31982421875,4.5,2.6964439164939513,,,,,2026-07-25 07:40:22,,2.27,3.846225561947026,3.88,-0.2300000000000004,1.4235560835060488,,
2025-11-19,5653.322,6555283.0,900832.0,1.129,4.13,3.58,0.55,3.17,23.65999984741211,100.2300033569336,6642.16015625,4.5,2.6964439164939513,,,,,2026-07-25 07:40:22,,2.27,3.846225561947026,3.88,-0.2300000000000004,1.4335560835060486,,
2025-11-20,5647.931,6555283.0,900832.0,6.52,4.1,3.55,0.55,3.17,26.420000076293945,100.16000366210938,6538.759765625,4.5,2.6964439164939513,,,,,2026-07-25 07:40:22,,2.24,3.846225561947026,3.88,-0.2300000000000004,1.4035560835060483,,
2025-11-21,5651.948,6555283.0,900832.0,2.503,4.06,3.51,0.55,3.19,23.43000030517578,100.18000030517578,6602.990234375,4.5,2.6964439164939513,,,,,2026-07-25 07:40:22,,2.24,3.846225561947026,3.88,-0.2300000000000004,1.3635560835060485,,
2025-11-22,5651.948,6555283.0,900832.0,2.503,4.06,3.51,0.55,3.19,23.43000030517578,100.18000030517578,6602.990234375,4.5,2.6964439164939513,,,,,2026-07-25 07:40:22,,2.24,3.846225561947026,3.88,-0.2300000000000004,1.3635560835060485,,
2025-11-23,5651.948,6555283.0,900832.0,2.503,4.06,3.51,0.55,3.19,23.43000030517578,100.18000030517578,6602.990234375,4.5,2.6964439164939513,,,,,2026-07-25 07:40:22,,2.24,3.846225561947026,3.88,-0.2300000000000004,1.3635560835060485,,
2025-11-24,5653.374,6555283.0,900832.0,1.077,4.04,3.46,0.58,3.15,20.520000457763672,100.13999938964844,6705.1201171875,4.5,2.6964439164939513,,,,,2026-07-25 07:40:22,,2.23,3.846225561947026,3.88,-0.2300000000000004,1.3435560835060487,,
2025-11-25,5652.137,6555283.0,900832.0,2.314,4.01,3.43,0.58,3.1,18.559999465942383,99.66000366210938,6765.8798828125,4.5,2.6964439164939513,,,,,2026-07-25 07:40:22,,2.22,3.846225561947026,3.88,-0.2300000000000004,1.3135560835060485,,
2025-11-26,5650.524,6552419.0,899678.0,2.217,4.0,3.45,0.55,3.0,17.190000534057617,99.5999984741211,6812.60986328125,4.5,2.6964439164939513,,,,,2026-07-25 07:40:22,,2.23,3.846225561947026,3.88,-0.2400000000000002,1.303556083506049,,
2025-11-27,5650.524,6552419.0,899678.0,2.217,4.0,3.45,0.55,3.0,17.190000534057617,99.5999984741211,6812.60986328125,4.5,2.6964439164939513,,,,,2026-07-25 07:40:22,,2.23,3.846225561947026,3.88,-0.2400000000000002,1.303556083506049,,
2025-11-28,5645.18,6552419.0,899678.0,7.561,4.02,3.47,0.55,2.95,16.350000381469727,99.45999908447266,6849.08984375,4.5,2.6964439164939513,,,,,2026-07-25 07:40:22,,2.23,3.846225561947026,3.89,-0.2299999999999999,1.3235560835060485,,
2025-11-29,5645.18,6552419.0,899678.0,7.561,4.02,3.47,0.55,2.95,16.350000381469727,99.45999908447266,6849.08984375,4.5,2.6964439164939513,,,,,2026-07-25 07:40:22,,2.23,3.846225561947026,3.89,0.02,1.3235560835060485,,
2025-11-30,5645.18,6552419.0,899678.0,7.561,4.02,3.47,0.55,2.92,16.350000381469727,99.45999908447266,6849.08984375,4.5,2.6964439164939513,,,,,2026-07-25 07:40:22,,2.23,3.846225561947026,3.89,0.0300000000000002,1.3235560835060485,,
2025-12-01,5649.501,6552419.0,899678.0,3.24,4.09,3.54,0.55,2.94,17.239999771118164,99.41000366210938,6812.6298828125,4.4,2.653304114557753,,,,,2026-07-25 07:40:22,,2.24,4.03801580578802,3.89,0.0300000000000002,1.436695885442247,,
2025-12-02,5647.121,6552419.0,899678.0,5.62,4.09,3.51,0.58,2.92,16.59000015258789,99.36000061035156,6829.3701171875,4.4,2.653304114557753,,,,,2026-07-25 07:40:22,,2.24,4.03801580578802,3.89,0.0300000000000002,1.436695885442247,,
2025-12-03,5624.744,6535781.0,908523.0,2.514,4.06,3.49,0.57,2.89,16.079999923706055,98.8499984741211,6849.72021484375,4.4,2.653304114557753,,,,,2026-07-25 07:40:22,,2.24,4.03801580578802,3.89,0.02,1.4066958854422469,,
2025-12-04,5625.025,6535781.0,908523.0,2.233,4.11,3.52,0.59,2.88,15.779999732971191,98.98999786376952,6857.1201171875,4.4,2.653304114557753,,,,,2026-07-25 07:40:22,,2.26,4.03801580578802,3.89,0.02,1.4566958854422474,,
2025-12-05,5625.773,6535781.0,908523.0,1.485,4.14,3.56,0.58,2.85,15.40999984741211,98.98999786376952,6870.39990234375,4.4,2.653304114557753,,,,,2026-07-25 07:40:22,,2.26,4.03801580578802,3.89,0.02,1.4866958854422467,,
2025-12-06,5625.773,6535781.0,908523.0,1.485,4.14,3.56,0.58,2.85,15.40999984741211,98.98999786376952,6870.39990234375,4.4,2.653304114557753,,,,,2026-07-25 07:40:22,,2.26,4.03801580578802,3.89,0.02,1.4866958854422467,,
2025-12-07,5625.773,6535781.0,908523.0,1.485,4.14,3.56,0.58,2.85,15.40999984741211,98.98999786376952,6870.39990234375,4.4,2.653304114557753,,,,,2026-07-25 07:40:22,,2.26,4.03801580578802,3.89,0.02,1.4866958854422467,,
2025-12-08,5625.554999999999,6535781.0,908523.0,1.703,4.17,3.57,0.6,2.89,16.65999984741211,99.08999633789062,6846.509765625,4.4,2.653304114557753,,,,,2026-07-25 07:40:22,,2.26,4.03801580578802,3.89,0.02,1.516695885442247,,
2025-12-09,5624.047,6535781.0,908523.0,3.211,4.18,3.61,0.57,2.89,16.93000030517578,99.22000122070312,6840.509765625,4.4,2.653304114557753,,,,,2026-07-25 07:40:22,,2.26,4.03801580578802,3.89,0.02,1.5266958854422468,,
2025-12-10,5728.431,6539303.0,805827.0,5.045,4.13,3.54,0.59,2.91,15.770000457763672,98.79000091552734,6886.68017578125,4.4,2.653304114557753,,,,,2026-07-25 07:40:22,,2.25,4.03801580578802,3.89,0.02,1.476695885442247,,
2025-12-11,5730.602,6539303.0,805827.0,2.874,4.14,3.52,0.62,2.88,14.850000381469728,98.3499984741211,6901.0,4.4,2.653304114557753,,,,,2026-07-25 07:40:22,,2.25,4.03801580578802,3.64,-0.2299999999999999,1.4866958854422467,,
2025-12-12,5732.638,6539303.0,805827.0,0.838,4.19,3.52,0.67,2.91,15.739999771118164,98.4000015258789,6827.41015625,4.4,2.653304114557753,,,,,2026-07-25 07:40:22,,2.26,4.03801580578802,3.64,-0.2299999999999999,1.5366958854422474,,
2025-12-13,5732.638,6539303.0,805827.0,0.838,4.19,3.52,0.67,2.91,15.739999771118164,98.4000015258789,6827.41015625,4.4,2.653304114557753,,,,,2026-07-25 07:40:22,,2.26,4.03801580578802,3.64,-0.2399999999999997,1.5366958854422474,,
2025-12-14,5732.638,6539303.0,805827.0,0.838,4.19,3.52,0.67,2.91,15.739999771118164,98.4000015258789,6827.41015625,4.4,2.653304114557753,,,,,2026-07-25 07:40:22,,2.26,4.03801580578802,3.64,-0.2399999999999997,1.5366958854422474,,
2025-12-15,5730.875,6539303.0,805827.0,2.601,4.18,3.51,0.67,2.91,16.5,98.1500015258789,6816.509765625,4.4,2.653304114557753,,,,,2026-07-25 07:40:22,,2.25,4.03801580578802,3.64,-0.2399999999999997,1.5266958854422468,,
2025-12-16,5731.922,6539303.0,805827.0,1.554,4.15,3.48,0.67,2.98,16.479999542236328,98.1500015258789,6800.259765625,4.4,2.653304114557753,,,,,2026-07-25 07:40:22,,2.23,4.03801580578802,3.64,-0.2399999999999997,1.4966958854422474,,
2025-12-17,5685.083,6556861.0,861417.0,10.361,4.16,3.49,0.67,2.99,17.6200008392334,98.37000274658205,6721.43017578125,4.4,2.653304114557753,,,,,2026-07-25 07:40:22,,2.24,4.03801580578802,3.64,-0.2399999999999997,1.5066958854422472,,
2025-12-18,5683.736,6556861.0,861417.0,11.708,4.12,3.46,0.66,2.95,16.8700008392334,98.43000030517578,6774.759765625,4.4,2.653304114557753,,,,,2026-07-25 07:40:22,,2.24,4.03801580578802,3.64,-0.2399999999999997,1.4666958854422472,,
2025-12-19,5692.397,6556861.0,861417.0,3.047,4.16,3.48,0.68,2.9,14.90999984741211,98.5999984741211,6834.5,4.4,2.653304114557753,,,,,2026-07-25 07:40:22,,2.24,4.03801580578802,3.64,-0.2399999999999997,1.5066958854422472,,
2025-12-20,5692.397,6556861.0,861417.0,3.047,4.16,3.48,0.68,2.9,14.90999984741211,98.5999984741211,6834.5,4.4,2.653304114557753,,,,,2026-07-25 07:40:22,,2.24,4.03801580578802,3.64,-0.2399999999999997,1.5066958854422472,,
2025-12-21,5692.397,6556861.0,861417.0,3.047,4.16,3.48,0.68,2.9,14.90999984741211,98.5999984741211,6834.5,4.4,2.653304114557753,,,,,2026-07-25 07:40:22,,2.24,4.03801580578802,3.64,-0.2399999999999997,1.5066958854422472,,
2025-12-22,5693.920999999999,6556861.0,861417.0,1.523,4.17,3.44,0.73,2.88,14.079999923706056,98.29000091552734,6878.490234375,4.4,2.653304114557753,,,,,2026-07-25 07:40:22,,2.23,4.03801580578802,3.64,-0.2399999999999997,1.516695885442247,,
2025-12-23,5689.5509999999995,6556861.0,861417.0,5.893,4.18,3.48,0.7,2.83,14.0,97.94000244140624,6909.7900390625,4.4,2.653304114557753,,,,,2026-07-25 07:40:22,,2.24,4.03801580578802,3.64,-0.2399999999999997,1.5266958854422468,,
2025-12-24,5774.891,6581231.0,801537.0,4.803,4.15,3.47,0.68,2.84,13.470000267028809,97.9800033569336,6932.0498046875,4.4,2.653304114557753,,,,,2026-07-25 07:40:22,,2.24,4.03801580578802,3.64,-0.2399999999999997,1.4966958854422474,,
2025-12-25,5774.891,6581231.0,801537.0,4.803,4.15,3.47,0.68,2.84,13.470000267028809,97.9800033569336,6932.0498046875,4.4,2.653304114557753,,,,,2026-07-25 07:40:22,,2.24,4.03801580578802,3.64,-0.2399999999999997,1.4966958854422474,,
2025-12-26,5759.355,6581231.0,801537.0,20.339,4.14,3.46,0.68,2.86,13.600000381469728,98.0199966430664,6929.93994140625,4.4,2.653304114557753,,,,,2026-07-25 07:40:22,,2.23,4.03801580578802,3.64,-0.2399999999999997,1.4866958854422467,,
2025-12-27,5759.355,6581231.0,801537.0,20.339,4.14,3.46,0.68,2.86,13.600000381469728,98.0199966430664,6929.93994140625,4.4,2.653304114557753,,,,,2026-07-25 07:40:22,,2.23,4.03801580578802,3.64,-0.2399999999999997,1.4866958854422467,,
2025-12-28,5759.355,6581231.0,801537.0,20.339,4.14,3.46,0.68,2.86,13.600000381469728,98.0199966430664,6929.93994140625,4.4,2.653304114557753,,,,,2026-07-25 07:40:22,,2.23,4.03801580578802,3.64,-0.25,1.4866958854422467,,
2025-12-29,5769.142999999999,6581231.0,801537.0,10.551,4.12,3.45,0.67,2.87,14.199999809265137,98.04000091552734,6905.740234375,4.4,2.653304114557753,,,,,2026-07-25 07:40:22,,2.22,4.03801580578802,3.64,-0.25,1.4666958854422472,,
2025-12-30,5767.089,6581231.0,801537.0,12.605,4.14,3.45,0.69,2.84,14.329999923706056,98.23999786376952,6896.240234375,4.4,2.653304114557753,,,,,2026-07-25 07:40:23,,2.24,4.03801580578802,3.64,-0.25,1.4866958854422467,,
2025-12-31,5661.772,6640618.0,872853.0,105.993,4.18,3.47,0.71,2.81,14.949999809265137,98.27999877929688,6845.5,4.4,2.653304114557753,,,,,2026-07-25 07:40:23,,2.25,4.03801580578802,3.64,-0.25,1.5266958854422468,,
2026-01-01,5661.772,6640618.0,872853.0,105.993,4.18,3.47,0.71,2.81,14.949999809265137,98.27999877929688,6845.5,4.3,2.391201432150014,,,,,2026-07-25 07:40:23,,2.25,4.0894556828676265,3.64,-0.25,1.7887985678499856,,
2026-01-02,5762.098,6640618.0,872853.0,5.667,4.19,3.47,0.72,2.83,14.510000228881836,98.41999816894533,6858.47021484375,4.3,2.391201432150014,,,,,2026-07-25 07:40:23,,2.25,4.0894556828676265,3.64,-0.25,1.7987985678499865,,
2026-01-03,5762.098,6640618.0,872853.0,5.667,4.19,3.47,0.72,2.83,14.510000228881836,98.41999816894533,6858.47021484375,4.3,2.391201432150014,,,,,2026-07-25 07:40:23,,2.25,4.0894556828676265,3.64,-0.25,1.7987985678499865,,
2026-01-04,5762.098,6640618.0,872853.0,5.667,4.19,3.47,0.72,2.83,14.510000228881836,98.41999816894533,6858.47021484375,4.3,2.391201432150014,,,,,2026-07-25 07:40:23,,2.25,4.0894556828676265,3.64,-0.25,1.7987985678499865,,
2026-01-05,5761.280000000001,6640618.0,872853.0,6.485,4.17,3.46,0.71,2.81,14.899999618530272,98.2699966430664,6902.0498046875,4.3,2.391201432150014,,,,,2026-07-25 07:40:23,,2.26,4.0894556828676265,3.64,-0.25,1.7787985678499858,,
2026-01-06,5765.183,6640618.0,872853.0,2.582,4.18,3.47,0.71,2.79,14.75,98.58000183105467,6944.81982421875,4.3,2.391201432150014,,,,,2026-07-25 07:40:23,,2.27,4.0894556828676265,3.64,-0.25,1.7887985678499856,,
2026-01-07,5785.449,6573602.0,783571.0,4.582,4.15,3.47,0.68,2.79,15.380000114440918,98.68000030517578,6920.93017578125,4.3,2.391201432150014,,,,,2026-07-25 07:40:23,,2.27,4.0894556828676265,3.64,-0.25,1.7587985678499862,,
2026-01-08,5786.948,6573602.0,783571.0,3.083,4.19,3.49,0.7,2.76,15.449999809265137,98.93000030517578,6921.4599609375,4.3,2.391201432150014,,,,,2026-07-25 07:40:23,,2.27,4.0894556828676265,3.64,-0.25,1.7987985678499865,,
2026-01-09,5786.751,6573602.0,783571.0,3.28,4.18,3.54,0.64,2.74,14.489999771118164,99.12999725341795,6966.27978515625,4.3,2.391201432150014,,,,,2026-07-25 07:40:23,,2.28,4.0894556828676265,3.64,-0.25,1.7887985678499856,,
2026-01-10,5786.751,6573602.0,783571.0,3.28,4.18,3.54,0.64,2.74,14.489999771118164,99.12999725341795,6966.27978515625,4.3,2.391201432150014,,,,,2026-07-25 07:40:23,,2.28,4.0894556828676265,3.64,0.0,1.7887985678499856,,
2026-01-11,5786.751,6573602.0,783571.0,3.28,4.18,3.54,0.64,2.74,14.489999771118164,99.12999725341795,6966.27978515625,4.3,2.391201432150014,,,,,2026-07-25 07:40:23,,2.28,4.0894556828676265,3.64,0.0,1.7887985678499856,,
2026-01-12,5786.629,6573602.0,783571.0,3.402,4.19,3.54,0.65,2.74,15.119999885559082,98.86000061035156,6977.27001953125,4.3,2.391201432150014,,,,,2026-07-25 07:40:23,,2.29,4.0894556828676265,3.64,0.0,1.7987985678499865,,
2026-01-13,5786.754,6573602.0,783571.0,3.277,4.18,3.53,0.65,2.75,15.979999542236328,99.12999725341795,6963.740234375,4.3,2.391201432150014,,,,,2026-07-25 07:40:23,,2.3,4.0894556828676265,3.64,0.0,1.7887985678499856,,
2026-01-14,5801.416,6581700.0,777061.0,3.223,4.15,3.51,0.64,2.76,16.75,99.12999725341795,6926.60009765625,4.3,2.391201432150014,,,,,2026-07-25 07:40:23,,2.29,4.0894556828676265,3.64,0.0,1.7587985678499862,,
2026-01-15,5802.636,6581700.0,777061.0,2.003,4.17,3.56,0.61,2.71,15.84000015258789,99.31999969482422,6944.47021484375,4.3,2.391201432150014,,,,,2026-07-25 07:40:23,,2.29,4.0894556828676265,3.64,0.0,1.7787985678499858,,
2026-01-16,5803.417,6581700.0,777061.0,1.222,4.24,3.59,0.65,2.65,15.859999656677246,99.38999938964844,6940.009765625,4.3,2.391201432150014,,,,,2026-07-25 07:40:23,,2.33,4.0894556828676265,3.64,0.0,1.848798567849986,,
2026-01-17,5803.417,6581700.0,777061.0,1.222,4.24,3.59,0.65,2.65,15.859999656677246,99.38999938964844,6940.009765625,4.3,2.391201432150014,,,,,2026-07-25 07:40:23,,2.33,4.0894556828676265,3.64,0.0,1.848798567849986,,
2026-01-18,5803.417,6581700.0,777061.0,1.222,4.24,3.59,0.65,2.65,15.859999656677246,99.38999938964844,6940.009765625,4.3,2.391201432150014,,,,,2026-07-25 07:40:23,,2.33,4.0894556828676265,3.64,0.0,1.848798567849986,,
2026-01-19,5803.417,6581700.0,777061.0,1.222,4.24,3.59,0.65,2.65,15.859999656677246,99.38999938964844,6940.009765625,4.3,2.391201432150014,,,,,2026-07-25 07:40:23,,2.33,4.0894556828676265,3.64,0.0,1.848798567849986,,
2026-01-20,5801.133,6581700.0,777061.0,3.506,4.3,3.6,0.7,2.73,20.09000015258789,98.63999938964844,6796.85986328125,4.3,2.391201432150014,,,,,2026-07-25 07:40:23,,2.33,4.0894556828676265,3.64,0.0,1.9087985678499857,,
2026-01-21,5710.067,6584580.0,871169.0,3.344,4.26,3.6,0.66,2.69,16.899999618530273,98.76000213623048,6875.6201171875,4.3,2.391201432150014,,,,,2026-07-25 07:40:23,,2.34,4.0894556828676265,3.64,0.0,1.8687985678499857,,
2026-01-22,5711.353,6584580.0,871169.0,2.058,4.26,3.61,0.65,2.64,15.640000343322754,98.36000061035156,6913.35009765625,4.3,2.391201432150014,,,,,2026-07-25 07:40:23,,2.31,4.0894556828676265,3.64,0.0,1.8687985678499857,,
2026-01-23,5712.484,6584580.0,871169.0,0.927,4.24,3.6,0.64,2.68,16.09000015258789,97.5999984741211,6915.60986328125,4.3,2.391201432150014,,,,,2026-07-25 07:40:23,,2.32,4.0894556828676265,3.64,0.0,1.848798567849986,,
2026-01-24,5712.484,6584580.0,871169.0,0.927,4.24,3.6,0.64,2.68,16.09000015258789,97.5999984741211,6915.60986328125,4.3,2.391201432150014,,,,,2026-07-25 07:40:23,,2.32,4.0894556828676265,3.64,0.0,1.848798567849986,,
2026-01-25,5712.484,6584580.0,871169.0,0.927,4.24,3.6,0.64,2.68,16.09000015258789,97.5999984741211,6915.60986328125,4.3,2.391201432150014,,,,,2026-07-25 07:40:23,,2.32,4.0894556828676265,3.64,0.0,1.848798567849986,,
2026-01-26,5711.9220000000005,6584580.0,871169.0,1.489,4.22,3.56,0.66,2.69,16.149999618530273,97.04000091552734,6950.22998046875,4.3,2.391201432150014,,,,,2026-07-25 07:40:23,,2.32,4.0894556828676265,3.64,0.0,1.8287985678499856,,
2026-01-27,5712.158,6584580.0,871169.0,1.253,4.24,3.53,0.71,2.71,16.350000381469727,96.22000122070312,6978.60009765625,4.3,2.391201432150014,,,,,2026-07-25 07:40:23,,2.34,4.0894556828676265,3.64,0.0,1.848798567849986,,
2026-01-28,5633.76,6587568.0,952705.0,1.103,4.26,3.56,0.7,2.72,16.350000381469727,96.4499969482422,6978.02978515625,4.3,2.391201432150014,,,,,2026-07-25 07:40:23,,2.36,4.0894556828676265,3.64,0.0,1.8687985678499857,,
2026-01-29,5632.011,6587568.0,952705.0,2.852,4.24,3.53,0.71,2.77,16.8799991607666,96.27999877929688,6969.009765625,4.3,2.391201432150014,,,,,2026-07-25 07:40:23,,2.35,4.0894556828676265,3.64,0.0,1.848798567849986,,
2026-01-30,5625.234,6587568.0,952705.0,9.629,4.26,3.52,0.74,2.8,17.440000534057617,96.98999786376952,6939.02978515625,4.3,2.391201432150014,,,,,2026-07-25 07:40:23,,2.36,4.0894556828676265,3.64,0.0,1.8687985678499857,,
2026-01-31,5625.234,6587568.0,952705.0,9.629,4.26,3.52,0.74,2.88,17.440000534057617,96.98999786376952,6939.02978515625,4.3,2.391201432150014,,,,,2026-07-25 07:40:23,,2.36,4.0894556828676265,3.64,0.0,1.8687985678499857,,
2026-02-01,5625.234,6587568.0,952705.0,9.629,4.26,3.52,0.74,2.88,17.440000534057617,96.98999786376952,6939.02978515625,4.4,2.4340041103732224,,,,,2026-07-25 07:40:23,,2.36,4.689220576124065,3.64,0.0,1.8259958896267776,,
2026-02-02,5624.448,6587568.0,952705.0,10.415,4.29,3.57,0.72,2.81,16.34000015258789,97.61000061035156,6976.43994140625,4.4,2.4340041103732224,,,,,2026-07-25 07:40:23,,2.35,4.689220576124065,3.64,0.0,1.8559958896267776,,
2026-02-03,5633.078,6587568.0,952705.0,1.785,4.28,3.57,0.71,2.85,18.0,97.44000244140624,6917.81005859375,4.4,2.4340041103732224,,,,,2026-07-25 07:40:23,,2.36,4.689220576124065,3.64,0.0,1.845995889626778,,
2026-02-04,5695.758,6605909.0,907737.0,2.414,4.29,3.57,0.72,2.86,18.63999938964844,97.62000274658205,6882.72021484375,4.4,2.4340041103732224,,,,,2026-07-25 07:40:23,,2.35,4.689220576124065,3.64,0.0,1.8559958896267776,,
2026-02-05,5696.424,6605909.0,907737.0,1.748,4.21,3.47,0.74,2.97,21.770000457763672,97.81999969482422,6798.39990234375,4.4,2.4340041103732224,,,,,2026-07-25 07:40:23,,2.32,4.689220576124065,3.64,0.0,1.7759958896267776,,
2026-02-06,5695.061,6605909.0,907737.0,3.111,4.22,3.5,0.72,2.87,20.3700008392334,97.62999725341795,6932.2998046875,4.4,2.4340041103732224,,,,,2026-07-25 07:40:23,,2.34,4.689220576124065,3.64,0.0,1.7859958896267774,,
2026-02-07,5695.061,6605909.0,907737.0,3.111,4.22,3.5,0.72,2.87,20.3700008392334,97.62999725341795,6932.2998046875,4.4,2.4340041103732224,,,,,2026-07-25 07:40:23,,2.34,4.689220576124065,3.64,0.0,1.7859958896267774,,
2026-02-08,5695.061,6605909.0,907737.0,3.111,4.22,3.5,0.72,2.87,20.3700008392334,97.62999725341795,6932.2998046875,4.4,2.4340041103732224,,,,,2026-07-25 07:40:23,,2.34,4.689220576124065,3.64,0.0,1.7859958896267774,,
2026-02-09,5696.866,6605909.0,907737.0,1.306,4.22,3.48,0.74,2.84,17.360000610351562,96.81999969482422,6964.81982421875,4.4,2.4340041103732224,,,,,2026-07-25 07:40:23,,2.35,4.689220576124065,3.64,0.0,1.7859958896267774,,
2026-02-10,5696.724999999999,6605909.0,907737.0,1.447,4.16,3.45,0.71,2.86,17.790000915527344,96.8000030517578,6941.81005859375,4.4,2.4340041103732224,,,,,2026-07-25 07:40:23,,2.32,4.689220576124065,3.64,0.0,1.7259958896267775,,
2026-02-11,5710.8009999999995,6622382.0,910533.0,1.048,4.18,3.52,0.66,2.84,17.649999618530273,96.83000183105467,6941.47021484375,4.4,2.4340041103732224,,,,,2026-07-25 07:40:23,,2.32,4.689220576124065,3.64,0.0,1.745995889626777,,
2026-02-12,5709.004999999999,6622382.0,910533.0,2.844,4.09,3.47,0.62,2.92,20.81999969482422,96.93000030517578,6832.759765625,4.4,2.4340041103732224,,,,,2026-07-25 07:40:23,,2.29,4.689220576124065,3.64,0.0,1.6559958896267777,,
2026-02-13,5711.471999999999,6622382.0,910533.0,0.377,4.04,3.4,0.64,2.95,20.600000381469727,96.87999725341795,6836.169921875,4.4,2.4340041103732224,,,,,2026-07-25 07:40:23,,2.27,4.689220576124065,3.64,0.0,1.6059958896267776,,
2026-02-14,5711.471999999999,6622382.0,910533.0,0.377,4.04,3.4,0.64,2.95,20.600000381469727,96.87999725341795,6836.169921875,4.4,2.4340041103732224,,,,,2026-07-25 07:40:23,,2.27,4.689220576124065,3.64,0.0,1.6059958896267776,,
2026-02-15,5711.471999999999,6622382.0,910533.0,0.377,4.04,3.4,0.64,2.95,20.600000381469727,96.87999725341795,6836.169921875,4.4,2.4340041103732224,,,,,2026-07-25 07:40:23,,2.27,4.689220576124065,3.64,0.0,1.6059958896267776,,
2026-02-16,5711.471999999999,6622382.0,910533.0,0.377,4.04,3.4,0.64,2.94,20.600000381469727,96.87999725341795,6836.169921875,4.4,2.4340041103732224,,,,,2026-07-25 07:40:23,,2.27,4.689220576124065,3.64,0.0,1.6059958896267776,,
2026-02-17,5711.407999999999,6622382.0,910533.0,0.441,4.05,3.43,0.62,2.94,20.290000915527344,97.16000366210938,6843.22021484375,4.4,2.4340041103732224,,,,,2026-07-25 07:40:23,,2.26,4.689220576124065,3.64,0.0,1.6159958896267774,,
2026-02-18,5723.685,6613395.0,888854.0,0.856,4.09,3.47,0.62,2.86,19.6200008392334,97.6999969482422,6881.31005859375,4.4,2.4340041103732224,,,,,2026-07-25 07:40:23,,2.29,4.689220576124065,3.64,0.0,1.6559958896267777,,
2026-02-19,5723.909000000001,6613395.0,888854.0,0.632,4.08,3.47,0.61,2.88,20.229999542236328,97.93000030517578,6861.89013671875,4.4,2.4340041103732224,,,,,2026-07-25 07:40:23,,2.29,4.689220576124065,3.64,0.0,1.6459958896267777,,
2026-02-20,5724.045,6613395.0,888854.0,0.496,4.08,3.48,0.6,2.86,19.09000015258789,97.8000030517578,6909.509765625,4.4,2.4340041103732224,,,,,2026-07-25 07:40:23,,2.28,4.689220576124065,3.64,0.0,1.6459958896267777,,
2026-02-21,5724.045,6613395.0,888854.0,0.496,4.08,3.48,0.6,2.86,19.09000015258789,97.8000030517578,6909.509765625,4.4,2.4340041103732224,,,,,2026-07-25 07:40:23,,2.28,4.689220576124065,3.64,0.0,1.6459958896267777,,
2026-02-22,5724.045,6613395.0,888854.0,0.496,4.08,3.48,0.6,2.86,19.09000015258789,97.8000030517578,6909.509765625,4.4,2.4340041103732224,,,,,2026-07-25 07:40:23,,2.28,4.689220576124065,3.64,0.0,1.6459958896267777,,
2026-02-23,5723.664,6613395.0,888854.0,0.877,4.03,3.43,0.6,2.95,21.010000228881836,97.6999969482422,6837.75,4.4,2.4340041103732224,,,,,2026-07-25 07:40:23,,2.26,4.689220576124065,3.64,0.0,1.595995889626778,,
2026-02-24,5723.624,6613395.0,888854.0,0.917,4.04,3.43,0.61,2.97,19.549999237060547,97.87999725341795,6890.06982421875,4.4,2.4340041103732224,,,,,2026-07-25 07:40:23,,2.26,4.689220576124065,3.64,0.0,1.6059958896267776,,
2026-02-25,5773.663,6613797.0,838975.0,1.159,4.05,3.45,0.6,2.94,17.93000030517578,97.6999969482422,6946.1298828125,4.4,2.4340041103732224,,,,,2026-07-25 07:40:23,,2.28,4.689220576124065,3.64,0.0,1.6159958896267774,,
2026-02-26,5771.025999999999,6613797.0,838975.0,3.796,4.02,3.42,0.6,2.98,18.6299991607666,97.79000091552734,6908.85986328125,4.4,2.4340041103732224,,,,,2026-07-25 07:40:23,,2.28,4.689220576124065,3.64,0.0,1.5859958896267772,,
2026-02-27,5758.503999999999,6613797.0,838975.0,16.318,3.97,3.38,0.59,3.1,19.86000061035156,97.61000061035156,6878.8798828125,4.4,2.4340041103732224,,,,,2026-07-25 07:40:24,,2.25,4.689220576124065,3.64,0.0,1.5359958896267778,,
2026-02-28,5758.503999999999,6613797.0,838975.0,16.318,3.97,3.38,0.59,3.12,19.86000061035156,97.61000061035156,6878.8798828125,4.4,2.4340041103732224,,,,,2026-07-25 07:40:24,,2.25,4.689220576124065,3.64,0.0,1.5359958896267778,,
2026-03-01,5758.503999999999,6613797.0,838975.0,16.318,3.97,3.38,0.59,3.12,19.86000061035156,97.61000061035156,6878.8798828125,4.3,3.2859577528651984,,,,,2026-07-25 07:40:24,,2.25,4.575543017295436,3.64,0.0,0.6840422471348018,,
2026-03-02,5774.194999999999,6613797.0,838975.0,0.627,4.05,3.47,0.58,3.03,21.440000534057617,98.37999725341795,6881.6201171875,4.3,3.2859577528651984,,,,,2026-07-25 07:40:24,,2.29,4.575543017295436,3.64,0.0,0.7640422471348014,,
2026-03-03,5773.618999999999,6613797.0,838975.0,1.203,4.06,3.51,0.55,3.08,23.56999969482422,99.0500030517578,6816.6298828125,4.3,3.2859577528651984,,,,,2026-07-25 07:40:24,,2.29,4.575543017295436,3.64,0.0,0.7740422471348012,,
2026-03-04,5781.038,6628894.0,846979.0,0.877,4.09,3.54,0.55,2.97,21.149999618530273,98.7699966430664,6869.5,4.3,3.2859577528651984,,,,,2026-07-25 07:40:24,,2.29,4.575543017295436,3.64,0.0,0.8040422471348014,,
2026-03-05,5779.122,6628894.0,846979.0,2.793,4.13,3.57,0.56,3.0,23.75,99.31999969482422,6830.7099609375,4.3,3.2859577528651984,,,,,2026-07-25 07:40:24,,2.31,4.575543017295436,3.64,0.0,0.8440422471348015,,
2026-03-06,5780.403,6628894.0,846979.0,1.512,4.15,3.56,0.59,3.13,29.489999771118164,98.98999786376952,6740.02001953125,4.3,3.2859577528651984,,,,,2026-07-25 07:40:24,,2.35,4.575543017295436,3.64,0.0,0.8640422471348019,,
2026-03-07,5780.403,6628894.0,846979.0,1.512,4.15,3.56,0.59,3.13,29.489999771118164,98.98999786376952,6740.02001953125,4.3,3.2859577528651984,,,,,2026-07-25 07:40:24,,2.35,4.575543017295436,3.64,0.0,0.8640422471348019,,
2026-03-08,5780.403,6628894.0,846979.0,1.512,4.15,3.56,0.59,3.13,29.489999771118164,98.98999786376952,6740.02001953125,4.3,3.2859577528651984,,,,,2026-07-25 07:40:24,,2.35,4.575543017295436,3.64,0.0,0.8640422471348019,,
2026-03-09,5781.583,6628894.0,846979.0,0.332,4.12,3.56,0.56,3.19,25.5,99.18000030517578,6795.990234375,4.3,3.2859577528651984,,,,,2026-07-25 07:40:24,,2.34,4.575543017295436,3.64,0.0,0.8340422471348017,,
2026-03-10,5781.637,6628894.0,846979.0,0.278,4.15,3.57,0.58,3.06,24.93000030517578,98.83000183105467,6781.47998046875,4.3,3.2859577528651984,,,,,2026-07-25 07:40:24,,2.33,4.575543017295436,3.64,0.0,0.8640422471348019,,
2026-03-11,5839.986000000001,6646344.0,805806.0,0.552,4.21,3.64,0.57,3.09,24.229999542236328,99.2300033569336,6775.7998046875,4.3,3.2859577528651984,,,,,2026-07-25 07:40:24,,2.36,4.575543017295436,3.64,0.0,0.9240422471348017,,
2026-03-12,5840.401000000001,6646344.0,805806.0,0.137,4.27,3.76,0.51,3.17,27.290000915527344,99.73999786376952,6672.6201171875,4.3,3.2859577528651984,,,,,2026-07-25 07:40:24,,2.38,4.575543017295436,3.64,0.0,0.9840422471348012,,
2026-03-13,5840.111000000001,6646344.0,805806.0,0.427,4.28,3.73,0.55,3.28,27.190000534057617,100.36000061035156,6632.18994140625,4.3,3.2859577528651984,,,,,2026-07-25 07:40:24,,2.36,4.575543017295436,3.64,0.0,0.9940422471348018,,
2026-03-14,5840.111000000001,6646344.0,805806.0,0.427,4.28,3.73,0.55,3.28,27.190000534057617,100.36000061035156,6632.18994140625,4.3,3.2859577528651984,,,,,2026-07-25 07:40:24,,2.36,4.575543017295436,3.64,0.0,0.9940422471348018,,
2026-03-15,5840.111000000001,6646344.0,805806.0,0.427,4.28,3.73,0.55,3.28,27.190000534057617,100.36000061035156,6632.18994140625,4.3,3.2859577528651984,,,,,2026-07-25 07:40:24,,2.36,4.575543017295436,3.64,0.0,0.9940422471348018,,
2026-03-16,5839.956,6646344.0,805806.0,0.582,4.23,3.68,0.55,3.27,23.510000228881836,99.70999908447266,6699.3798828125,4.3,3.2859577528651984,,,,,2026-07-25 07:40:24,,2.36,4.575543017295436,3.64,0.0,0.944042247134802,,
2026-03-17,5839.741000000001,6646344.0,805806.0,0.797,4.2,3.68,0.52,3.22,22.3700008392334,99.58000183105467,6716.08984375,4.3,3.2859577528651984,,,,,2026-07-25 07:40:24,,2.37,4.575543017295436,3.64,0.0,0.9140422471348018,,
2026-03-18,5779.408,6655939.0,875833.0,0.698,4.26,3.76,0.5,3.2,25.09000015258789,100.08999633789062,6624.7001953125,4.3,3.2859577528651984,,,,,2026-07-25 07:40:24,,2.4,4.575543017295436,3.64,0.0,0.9740422471348014,,
2026-03-19,5779.469000000001,6655939.0,875833.0,0.637,4.25,3.79,0.46,3.27,24.059999465942383,99.2300033569336,6606.490234375,4.3,3.2859577528651984,,,,,2026-07-25 07:40:24,,2.37,4.575543017295436,3.64,0.0,0.9640422471348016,,
2026-03-20,5779.284000000001,6655939.0,875833.0,0.822,4.39,3.88,0.51,3.24,26.780000686645508,99.6500015258789,6506.47998046875,4.3,3.2859577528651984,,,,,2026-07-25 07:40:24,,2.38,4.575543017295436,3.64,0.0,1.1040422471348013,,
2026-03-21,5779.284000000001,6655939.0,875833.0,0.822,4.39,3.88,0.51,3.24,26.780000686645508,99.6500015258789,6506.47998046875,4.3,3.2859577528651984,,,,,2026-07-25 07:40:24,,2.38,4.575543017295436,3.64,0.0,1.1040422471348013,,
2026-03-22,5779.284000000001,6655939.0,875833.0,0.822,4.39,3.88,0.51,3.24,26.780000686645508,99.6500015258789,6506.47998046875,4.3,3.2859577528651984,,,,,2026-07-25 07:40:24,,2.38,4.575543017295436,3.64,0.0,1.1040422471348013,,
2026-03-23,5779.249000000001,6655939.0,875833.0,0.857,4.34,3.83,0.51,3.19,26.149999618530273,98.9499969482422,6581.0,4.3,3.2859577528651984,,,,,2026-07-25 07:40:24,,2.33,4.575543017295436,3.64,0.0,1.0540422471348014,,
2026-03-24,5778.983000000001,6655939.0,875833.0,1.123,4.39,3.9,0.49,3.19,26.950000762939453,99.43000030517578,6556.3701171875,4.3,3.2859577528651984,,,,,2026-07-25 07:40:24,,2.33,4.575543017295436,3.64,0.0,1.1040422471348013,,
2026-03-25,5818.972,6657161.0,837412.0,0.777,4.33,3.84,0.49,3.17,25.329999923706055,99.5999984741211,6591.89990234375,4.3,3.2859577528651984,,,,,2026-07-25 07:40:24,,2.31,4.575543017295436,3.64,0.0,1.0440422471348016,,
2026-03-26,5818.864,6657161.0,837412.0,0.885,4.42,3.96,0.46,3.21,27.440000534057617,99.9000015258789,6477.16015625,4.3,3.2859577528651984,,,,,2026-07-25 07:40:24,,2.34,4.575543017295436,3.64,0.0,1.1340422471348015,,
2026-03-27,5818.757,6657161.0,837412.0,0.992,4.44,3.88,0.56,3.42,31.049999237060547,100.1500015258789,6368.85009765625,4.3,3.2859577528651984,,,,,2026-07-25 07:40:24,,2.31,4.575543017295436,3.64,0.0,1.154042247134802,,
2026-03-28,5818.757,6657161.0,837412.0,0.992,4.44,3.88,0.56,3.42,31.049999237060547,100.1500015258789,6368.85009765625,4.3,3.2859577528651984,,,,,2026-07-25 07:40:24,,2.31,4.575543017295436,3.64,0.0,1.154042247134802,,
2026-03-29,5818.757,6657161.0,837412.0,0.992,4.44,3.88,0.56,3.42,31.049999237060547,100.1500015258789,6368.85009765625,4.3,3.2859577528651984,,,,,2026-07-25 07:40:24,,2.31,4.575543017295436,3.64,0.0,1.154042247134802,,
2026-03-30,5818.996999999999,6657161.0,837412.0,0.752,4.35,3.82,0.53,3.46,30.61000061035156,100.51000213623048,6343.72021484375,4.3,3.2859577528651984,,,,,2026-07-25 07:40:24,,2.31,4.575543017295436,3.64,0.0,1.0640422471348012,,
2026-03-31,5803.967,6657161.0,837412.0,15.782,4.3,3.79,0.51,3.28,25.25,99.95999908447266,6528.52001953125,4.3,3.2859577528651984,,,,,2026-07-25 07:40:24,,2.3,4.575543017295436,3.64,0.0,1.0140422471348014,,
2026-04-01,5869.684,6675344.0,803553.0,2.107,4.33,3.81,0.52,3.16,24.540000915527344,99.6500015258789,6575.31982421875,4.3,3.7792458367415622,,,,,2026-07-25 07:40:24,,2.31,4.72405146998045,3.64,0.0,0.5507541632584374,,
2026-04-02,5871.464,6675344.0,803553.0,0.327,4.31,3.79,0.52,3.17,23.8700008392334,100.02999877929688,6582.68994140625,4.3,3.7792458367415622,,,,,2026-07-25 07:40:24,,2.34,4.72405146998045,3.64,0.0,0.5307541632584369,,
2026-04-03,5871.464,6675344.0,803553.0,0.327,4.35,3.84,0.51,3.13,23.8700008392334,100.02999877929688,6582.68994140625,4.3,3.7792458367415622,,,,,2026-07-25 07:40:24,,2.36,4.72405146998045,3.64,0.0,0.570754163258437,,
2026-04-04,5871.464,6675344.0,803553.0,0.327,4.35,3.84,0.51,3.13,23.8700008392334,100.02999877929688,6582.68994140625,4.3,3.7792458367415622,,,,,2026-07-25 07:40:24,,2.36,4.72405146998045,3.64,0.0,0.570754163258437,,
2026-04-05,5871.464,6675344.0,803553.0,0.327,4.35,3.84,0.51,3.13,23.8700008392334,100.02999877929688,6582.68994140625,4.3,3.7792458367415622,,,,,2026-07-25 07:40:24,,2.36,4.72405146998045,3.64,0.0,0.570754163258437,,
2026-04-06,5871.564,6675344.0,803553.0,0.227,4.34,3.84,0.5,3.05,24.170000076293945,99.9800033569336,6611.830078125,4.3,3.7792458367415622,,,,,2026-07-25 07:40:24,,2.36,4.72405146998045,3.64,0.0,0.5607541632584372,,
2026-04-07,5856.446,6675344.0,803553.0,15.345,4.33,3.81,0.52,3.12,25.780000686645508,99.63999938964844,6616.85009765625,4.3,3.7792458367415622,,,,,2026-07-25 07:40:24,,2.37,4.72405146998045,3.64,0.0,0.5507541632584374,,
2026-04-08,5996.615000000001,6693871.0,697079.0,0.177,4.29,3.79,0.5,2.94,21.040000915527344,99.12999725341795,6782.81005859375,4.3,3.7792458367415622,,,,,2026-07-25 07:40:24,,2.33,4.72405146998045,3.64,0.0,0.5107541632584374,,
2026-04-09,5996.39,6693871.0,697079.0,0.402,4.29,3.78,0.51,2.9,19.489999771118164,98.81999969482422,6824.66015625,4.3,3.7792458367415622,,,,,2026-07-25 07:40:24,,2.34,4.72405146998045,3.64,0.0,0.5107541632584374,,
2026-04-10,5996.285000000001,6693871.0,697079.0,0.507,4.31,3.81,0.5,2.94,19.229999542236328,98.6500015258789,6816.89013671875,4.3,3.7792458367415622,,,,,2026-07-25 07:40:24,,2.36,4.72405146998045,3.64,0.0,0.5307541632584369,,
2026-04-11,5996.285000000001,6693871.0,697079.0,0.507,4.31,3.81,0.5,2.94,19.229999542236328,98.6500015258789,6816.89013671875,4.3,3.7792458367415622,,,,,2026-07-25 07:40:24,,2.36,4.72405146998045,3.64,0.0,0.5307541632584369,,
2026-04-12,5996.285000000001,6693871.0,697079.0,0.507,4.31,3.81,0.5,2.94,19.229999542236328,98.6500015258789,6816.89013671875,4.3,3.7792458367415622,,,,,2026-07-25 07:40:24,,2.36,4.72405146998045,3.64,0.0,0.5307541632584369,,
2026-04-13,5996.5650000000005,6693871.0,697079.0,0.227,4.3,3.78,0.52,2.95,19.1200008392334,98.37000274658205,6886.240234375,4.3,3.7792458367415622,,,,,2026-07-25 07:40:24,,2.38,4.72405146998045,3.64,0.0,0.5207541632584372,,
2026-04-14,5996.486000000001,6693871.0,697079.0,0.306,4.26,3.76,0.5,2.84,18.36000061035156,98.12000274658205,6967.3798828125,4.3,3.7792458367415622,,,,,2026-07-25 07:40:24,,2.37,4.72405146998045,3.64,0.0,0.4807541632584371,,
2026-04-15,5781.0380000000005,6705696.0,924435.0,0.223,4.29,3.76,0.53,2.85,18.170000076293945,98.05999755859376,7022.9501953125,4.3,3.7792458367415622,,,,,2026-07-25 07:40:24,,2.39,4.72405146998045,3.64,0.0,0.5107541632584374,,
2026-04-16,5781.103,6705696.0,924435.0,0.158,4.32,3.78,0.54,2.86,17.940000534057617,98.22000122070312,7041.27978515625,4.3,3.7792458367415622,,,,,2026-07-25 07:40:24,,2.39,4.72405146998045,3.64,0.0,0.5407541632584376,,
2026-04-17,5781.124000000001,6705696.0,924435.0,0.137,4.26,3.71,0.55,2.83,17.479999542236328,98.0999984741211,7126.06005859375,4.3,3.7792458367415622,,,,,2026-07-25 07:40:24,,2.36,4.72405146998045,3.64,0.0,0.4807541632584371,,
2026-04-18,5781.124000000001,6705696.0,924435.0,0.137,4.26,3.71,0.55,2.83,17.479999542236328,98.0999984741211,7126.06005859375,4.3,3.7792458367415622,,,,,2026-07-25 07:40:24,,2.36,4.72405146998045,3.64,0.0,0.4807541632584371,,
2026-04-19,5781.124000000001,6705696.0,924435.0,0.137,4.26,3.71,0.55,2.83,17.479999542236328,98.0999984741211,7126.06005859375,4.3,3.7792458367415622,,,,,2026-07-25 07:40:24,,2.36,4.72405146998045,3.64,0.0,0.4807541632584371,,
2026-04-20,5780.758000000001,6705696.0,924435.0,0.503,4.26,3.72,0.54,2.87,18.8700008392334,98.0500030517578,7109.14013671875,4.3,3.7792458367415622,,,,,2026-07-25 07:40:24,,2.35,4.72405146998045,3.64,0.0,0.4807541632584371,,
2026-04-21,5780.454000000001,6705696.0,924435.0,0.807,4.3,3.78,0.52,2.85,19.5,98.41000366210938,7064.009765625,4.3,3.7792458367415622,,,,,2026-07-25 07:40:24,,2.38,4.72405146998045,3.64,0.0,0.5207541632584372,,
2026-04-22,5699.709,6707419.0,1007172.0,0.538,4.3,3.79,0.51,2.84,18.920000076293945,98.58999633789062,7137.89990234375,4.3,3.7792458367415622,,,,,2026-07-25 07:40:24,,2.38,4.72405146998045,3.64,0.0,0.5207541632584372,,
2026-04-23,5700.133,6707419.0,1007172.0,0.114,4.34,3.83,0.51,2.86,19.309999465942383,98.8000030517578,7108.39990234375,4.3,3.7792458367415622,,,,,2026-07-25 07:40:24,,2.42,4.72405146998045,3.64,0.0,0.5607541632584372,,
2026-04-24,5700.164999999999,6707419.0,1007172.0,0.082,4.31,3.78,0.53,2.86,18.709999084472656,98.51000213623048,7165.080078125,4.3,3.7792458367415622,,,,,2026-07-25 07:40:24,,2.42,4.72405146998045,3.64,0.0,0.5307541632584369,,
2026-04-25,5700.164999999999,6707419.0,1007172.0,0.082,4.31,3.78,0.53,2.86,18.709999084472656,98.51000213623048,7165.080078125,4.3,3.7792458367415622,,,,,2026-07-25 07:40:24,,2.42,4.72405146998045,3.64,0.0,0.5307541632584369,,
2026-04-26,5700.164999999999,6707419.0,1007172.0,0.082,4.31,3.78,0.53,2.86,18.709999084472656,98.51000213623048,7165.080078125,4.3,3.7792458367415622,,,,,2026-07-25 07:40:24,,2.42,4.72405146998045,3.64,0.0,0.5307541632584369,,
2026-04-27,5699.883999999999,6707419.0,1007172.0,0.363,4.35,3.78,0.57,2.84,18.020000457763672,98.4800033569336,7173.91015625,4.3,3.7792458367415622,,,,,2026-07-25 07:40:25,,2.44,4.72405146998045,3.64,0.0,0.570754163258437,,
2026-04-28,5699.603999999999,6707419.0,1007172.0,0.643,4.36,3.84,0.52,2.85,17.829999923706055,98.62000274658205,7138.7998046875,4.3,3.7792458367415622,,,,,2026-07-25 07:40:25,,2.44,4.72405146998045,3.64,0.0,0.5807541632584377,,
2026-04-29,5711.101,6699950.0,988102.0,0.747,4.42,3.92,0.5,2.82,18.809999465942383,98.91999816894533,7135.9501953125,4.3,3.7792458367415622,,,,,2026-07-25 07:40:25,,2.46,4.72405146998045,3.64,0.0,0.6407541632584373,,
2026-04-30,5703.5869999999995,6699950.0,988102.0,8.261,4.4,3.88,0.52,2.83,16.889999389648438,98.08000183105467,7209.009765625,4.3,3.7792458367415622,,,,,2026-07-25 07:40:25,,2.46,4.72405146998045,3.64,0.0,0.6207541632584377,,
2026-05-01,5711.241,6699950.0,988102.0,0.607,4.39,3.88,0.51,2.77,16.989999771118164,98.20999908447266,7230.1201171875,4.3,4.166614684049641,,,,,2026-07-25 07:40:25,,2.48,5.580313182711283,3.64,0.0,0.2233853159503587,,
2026-05-02,5711.241,6699950.0,988102.0,0.607,4.39,3.88,0.51,2.77,16.989999771118164,98.20999908447266,7230.1201171875,4.3,4.166614684049641,,,,,2026-07-25 07:40:25,,2.48,5.580313182711283,3.64,0.0,0.2233853159503587,,
2026-05-03,5711.241,6699950.0,988102.0,0.607,4.39,3.88,0.51,2.77,16.989999771118164,98.20999908447266,7230.1201171875,4.3,4.166614684049641,,,,,2026-07-25 07:40:25,,2.48,5.580313182711283,3.64,0.0,0.2233853159503587,,
2026-05-04,5711.23,6699950.0,988102.0,0.618,4.45,3.95,0.5,2.78,18.290000915527344,98.47000122070312,7200.75,4.3,4.166614684049641,,,,,2026-07-25 07:40:25,,2.5,5.580313182711283,3.64,0.0,0.2833853159503592,,
2026-05-05,5710.726,6699950.0,988102.0,1.122,4.43,3.93,0.5,2.77,17.3799991607666,98.4800033569336,7259.22021484375,4.3,4.166614684049641,,,,,2026-07-25 07:40:25,,2.47,5.580313182711283,3.64,0.0,0.2633853159503587,,
2026-05-06,5845.115000000001,6709505.0,862757.0,1.633,4.36,3.87,0.49,2.75,17.389999389648438,98.0199966430664,7365.1201171875,4.3,4.166614684049641,,,,,2026-07-25 07:40:25,,2.42,5.580313182711283,3.64,0.0,0.1933853159503593,,
2026-05-07,5845.975,6709505.0,862757.0,0.773,4.41,3.92,0.49,2.79,17.079999923706055,98.25,7337.10986328125,4.3,4.166614684049641,,,,,2026-07-25 07:40:25,,2.45,5.580313182711283,3.63,-0.0100000000000002,0.2433853159503591,,
2026-05-08,5845.961,6709505.0,862757.0,0.787,4.38,3.9,0.48,2.81,17.190000534057617,97.83999633789062,7398.93017578125,4.3,4.166614684049641,,,,,2026-07-25 07:40:25,,2.45,5.580313182711283,3.63,-0.0100000000000002,0.2133853159503589,,
2026-05-09,5845.961,6709505.0,862757.0,0.787,4.38,3.9,0.48,2.81,17.190000534057617,97.83999633789062,7398.93017578125,4.3,4.166614684049641,,,,,2026-07-25 07:40:25,,2.45,5.580313182711283,3.63,-0.0100000000000002,0.2133853159503589,,
2026-05-10,5845.961,6709505.0,862757.0,0.787,4.38,3.9,0.48,2.81,17.190000534057617,97.83999633789062,7398.93017578125,4.3,4.166614684049641,,,,,2026-07-25 07:40:25,,2.45,5.580313182711283,3.63,-0.0100000000000002,0.2133853159503589,,
2026-05-11,5845.615000000001,6709505.0,862757.0,1.133,4.42,3.95,0.47,2.79,18.3799991607666,97.94000244140624,7412.83984375,4.3,4.166614684049641,,,,,2026-07-25 07:40:25,,2.47,5.580313182711283,3.63,-0.0100000000000002,0.2533853159503589,,
2026-05-12,5845.549000000001,6709505.0,862757.0,1.199,4.46,4.0,0.46,2.82,17.989999771118164,98.29000091552734,7400.9599609375,4.3,4.166614684049641,,,,,2026-07-25 07:40:25,,2.47,5.580313182711283,3.63,-0.0100000000000002,0.293385315950359,,
2026-05-13,5917.363,6728502.0,807420.0,3.719,4.46,3.98,0.48,2.82,17.8700008392334,98.4800033569336,7444.25,4.3,4.166614684049641,,,,,2026-07-25 07:40:25,,2.47,5.580313182711283,3.63,-0.0100000000000002,0.293385315950359,,
2026-05-14,5919.048000000001,6728502.0,807420.0,2.034,4.47,4.0,0.47,2.76,17.260000228881836,98.87999725341795,7501.240234375,4.3,4.166614684049641,,,,,2026-07-25 07:40:25,,2.47,5.580313182711283,3.63,-0.0100000000000002,0.3033853159503588,,
2026-05-15,5920.435,6728502.0,807420.0,0.647,4.59,4.09,0.5,2.8,18.43000030517578,99.2699966430664,7408.5,4.3,4.166614684049641,,,,,2026-07-25 07:40:25,,2.49,5.580313182711283,3.63,-0.0100000000000002,0.4233853159503589,,
2026-05-16,5920.435,6728502.0,807420.0,0.647,4.59,4.09,0.5,2.8,18.43000030517578,99.2699966430664,7408.5,4.3,4.166614684049641,,,,,2026-07-25 07:40:25,,2.49,5.580313182711283,3.63,-0.0100000000000002,0.4233853159503589,,
2026-05-17,5920.435,6728502.0,807420.0,0.647,4.59,4.09,0.5,2.8,18.43000030517578,99.2699966430664,7408.5,4.3,4.166614684049641,,,,,2026-07-25 07:40:25,,2.49,5.580313182711283,3.63,-0.0100000000000002,0.4233853159503589,,
2026-05-18,5913.889,6728502.0,807420.0,7.193,4.61,4.07,0.54,2.83,17.81999969482422,98.97000122070312,7403.0498046875,4.3,4.166614684049641,,,,,2026-07-25 07:40:25,,2.48,5.580313182711283,3.63,-0.0100000000000002,0.4433853159503593,,
2026-05-19,5908.171,6728502.0,807420.0,12.911,4.67,4.13,0.54,2.86,18.059999465942383,99.3000030517578,7353.60986328125,4.3,4.166614684049641,,,,,2026-07-25 07:40:25,,2.49,5.580313182711283,3.62,-0.02,0.503385315950359,,
2026-05-20,5906.797,6713643.0,781979.0,24.867,4.57,4.04,0.53,2.8,17.440000534057617,99.11000061035156,7432.97021484375,4.3,4.166614684049641,,,,,2026-07-25 07:40:25,,2.44,5.580313182711283,3.62,-0.02,0.4033853159503593,,
2026-05-21,5928.383,6713643.0,781979.0,3.281,4.57,4.08,0.49,2.78,16.760000228881836,99.19000244140624,7445.72021484375,4.3,4.166614684049641,,,,,2026-07-25 07:40:25,,2.39,5.580313182711283,3.62,-0.02,0.4033853159503593,,
2026-05-22,5930.699,6713643.0,781979.0,0.965,4.56,4.13,0.43,2.74,16.700000762939453,99.31999969482422,7473.47021484375,4.3,4.166614684049641,,,,,2026-07-25 07:40:25,,2.4,5.580313182711283,3.62,-0.02,0.3933853159503586,,
2026-05-23,5930.699,6713643.0,781979.0,0.965,4.56,4.13,0.43,2.74,16.700000762939453,99.31999969482422,7473.47021484375,4.3,4.166614684049641,,,,,2026-07-25 07:40:25,,2.4,5.580313182711283,3.62,-0.02,0.3933853159503586,,
2026-05-24,5930.699,6713643.0,781979.0,0.965,4.56,4.13,0.43,2.74,16.700000762939453,99.31999969482422,7473.47021484375,4.3,4.166614684049641,,,,,2026-07-25 07:40:25,,2.4,5.580313182711283,3.62,-0.02,0.3933853159503586,,
2026-05-25,5930.699,6713643.0,781979.0,0.965,4.56,4.13,0.43,2.74,16.59000015258789,99.31999969482422,7473.47021484375,4.3,4.166614684049641,,,,,2026-07-25 07:40:25,,2.4,5.580313182711283,3.62,-0.02,0.3933853159503586,,
2026-05-26,5929.8769999999995,6713643.0,781979.0,1.787,4.5,4.01,0.49,2.72,17.010000228881836,99.16999816894533,7519.1201171875,4.3,4.166614684049641,,,,,2026-07-25 07:40:25,,2.4,5.580313182711283,3.62,-0.02,0.333385315950359,,
2026-05-27,5859.87,6704383.0,842660.0,1.853,4.48,4.0,0.48,2.71,16.290000915527344,99.20999908447266,7520.35986328125,4.3,4.166614684049641,,,,,2026-07-25 07:40:25,,2.39,5.580313182711283,3.62,-0.02,0.3133853159503594,,
2026-05-28,5860.56,6704383.0,842660.0,1.163,4.45,3.99,0.46,2.72,15.739999771118164,99.0199966430664,7563.6298828125,4.3,4.166614684049641,,,,,2026-07-25 07:40:25,,2.39,5.580313182711283,3.62,-0.02,0.2833853159503592,,
2026-05-29,5850.046,6704383.0,842660.0,11.677,4.45,3.98,0.47,2.72,15.31999969482422,98.91000366210938,7580.06005859375,4.3,4.166614684049641,,,,,2026-07-25 07:40:25,,2.38,5.580313182711283,3.62,-0.02,0.2833853159503592,,
2026-05-30,5850.046,6704383.0,842660.0,11.677,4.45,3.98,0.47,2.72,15.31999969482422,98.91000366210938,7580.06005859375,4.3,4.166614684049641,,,,,2026-07-25 07:40:25,,2.38,5.580313182711283,3.62,-0.02,0.2833853159503592,,
2026-05-31,5850.046,6704383.0,842660.0,11.677,4.45,3.98,0.47,2.74,15.31999969482422,98.91000366210938,7580.06005859375,4.3,4.166614684049641,,,,,2026-07-25 07:40:25,,2.38,5.580313182711283,3.62,-0.02,0.2833853159503592,,
2026-06-01,5860.421,6704383.0,842660.0,1.302,4.47,4.05,0.42,2.72,16.049999237060547,99.1999969482422,7599.9599609375,4.2,3.463530729385411,,,,,2026-07-25 07:40:25,,2.4,5.075961656798245,3.62,-0.02,1.0064692706145886,,
2026-06-02,5859.221,6704383.0,842660.0,2.502,4.46,4.05,0.41,2.71,15.770000457763672,99.22000122070312,7609.77978515625,4.2,3.463530729385411,,,,,2026-07-25 07:40:25,,2.39,5.075961656798245,3.62,-0.02,0.9964692706145888,,
2026-06-03,5863.711,6711495.0,845722.0,2.062,4.49,4.08,0.41,2.75,16.059999465942383,99.52999877929688,7553.68017578125,4.2,3.463530729385411,,,,,2026-07-25 07:40:25,,2.38,5.075961656798245,3.62,-0.02,1.026469270614589,,
2026-06-04,5864.651,6711495.0,845722.0,1.122,4.47,4.05,0.42,2.74,15.399999618530272,99.41000366210938,7584.31005859375,4.2,3.463530729385411,,,,,2026-07-25 07:40:25,,2.36,5.075961656798245,3.62,-0.02,1.0064692706145886,,
2026-06-05,5865.012,6711495.0,845722.0,0.761,4.55,4.17,0.38,2.76,21.510000228881836,100.06999969482422,7383.740234375,4.2,3.463530729385411,,,,,2026-07-25 07:40:25,,2.36,5.075961656798245,3.62,-0.02,1.0864692706145886,,
2026-06-06,5865.012,6711495.0,845722.0,0.761,4.55,4.17,0.38,2.76,21.510000228881836,100.06999969482422,7383.740234375,4.2,3.463530729385411,,,,,2026-07-25 07:40:25,,2.36,5.075961656798245,3.62,-0.0099999999999997,1.0864692706145886,,
2026-06-07,5865.012,6711495.0,845722.0,0.761,4.55,4.17,0.38,2.76,21.510000228881836,100.06999969482422,7383.740234375,4.2,3.463530729385411,,,,,2026-07-25 07:40:25,,2.36,5.075961656798245,3.62,-0.0099999999999997,1.0864692706145886,,
2026-06-08,5863.941,6711495.0,845722.0,1.832,4.56,4.15,0.41,2.75,18.920000076293945,100.0500030517578,7405.72998046875,4.2,3.463530729385411,,,,,2026-07-25 07:40:25,,2.35,5.075961656798245,3.62,-0.0099999999999997,1.0964692706145884,,
2026-06-09,5865.196,6711495.0,845722.0,0.577,4.53,4.13,0.4,2.78,19.8700008392334,99.91000366210938,7386.64990234375,4.2,3.463530729385411,,,,,2026-07-25 07:40:25,,2.33,5.075961656798245,3.62,-0.0099999999999997,1.066469270614589,,
2026-06-10,5923.926,6725397.0,801084.0,0.387,4.55,4.13,0.42,2.8,22.219999313354492,99.9499969482422,7266.990234375,4.2,3.463530729385411,,,,,2026-07-25 07:40:25,,2.34,5.075961656798245,3.62,-0.0099999999999997,1.0864692706145886,,
2026-06-11,5923.853,6725397.0,801084.0,0.46,4.45,4.05,0.4,2.78,19.440000534057617,99.86000061035156,7394.2998046875,4.2,3.463530729385411,,,,,2026-07-25 07:40:25,,2.29,5.075961656798245,3.62,-0.0099999999999997,0.986469270614589,,
2026-06-12,5923.859,6725397.0,801084.0,0.454,4.48,4.09,0.39,2.71,17.68000030517578,99.75,7431.4599609375,4.2,3.463530729385411,,,,,2026-07-25 07:40:25,,2.31,5.075961656798245,3.62,-0.0099999999999997,1.0164692706145892,,
2026-06-13,5923.859,6725397.0,801084.0,0.454,4.48,4.09,0.39,2.71,17.68000030517578,99.75,7431.4599609375,4.2,3.463530729385411,,,,,2026-07-25 07:40:25,,2.31,5.075961656798245,3.62,-0.0099999999999997,1.0164692706145892,,
2026-06-14,5923.859,6725397.0,801084.0,0.454,4.48,4.09,0.39,2.71,17.68000030517578,99.75,7431.4599609375,4.2,3.463530729385411,,,,,2026-07-25 07:40:25,,2.31,5.075961656798245,3.62,-0.0099999999999997,1.0164692706145892,,
2026-06-15,5923.732,6725397.0,801084.0,0.581,4.47,4.07,0.4,2.66,16.200000762939453,99.62999725341795,7554.2900390625,4.2,3.463530729385411,,,,,2026-07-25 07:40:25,,2.32,5.075961656798245,3.63,0.0,1.0064692706145886,,
2026-06-16,5913.592000000001,6725397.0,801084.0,10.721,4.43,4.05,0.38,2.71,16.40999984741211,99.54000091552734,7511.35009765625,4.2,3.463530729385411,,,,,2026-07-25 07:40:25,,2.29,5.075961656798245,3.63,0.0,0.9664692706145884,,
2026-06-17,5773.094,6736424.0,956502.0,6.828,4.49,4.2,0.29,2.63,18.440000534057617,100.08999633789062,7420.10009765625,4.2,3.463530729385411,,,,,2026-07-25 07:40:25,,2.26,5.075961656798245,3.63,0.0,1.026469270614589,,
2026-06-18,5779.671,6736424.0,956502.0,0.251,4.46,4.19,0.27,2.66,16.399999618530273,100.8499984741211,7500.580078125,4.2,3.463530729385411,,,,,2026-07-25 07:40:25,,2.25,5.075961656798245,3.63,0.0099999999999997,0.9964692706145888,,
2026-06-19,5779.671,6736424.0,956502.0,0.251,4.46,4.19,0.27,2.66,16.399999618530273,100.8499984741211,7500.580078125,4.2,3.463530729385411,,,,,2026-07-25 07:40:25,,2.25,5.075961656798245,3.63,0.0099999999999997,0.9964692706145888,,
2026-06-20,5779.671,6736424.0,956502.0,0.251,4.46,4.19,0.27,2.66,16.399999618530273,100.8499984741211,7500.580078125,4.2,3.463530729385411,,,,,2026-07-25 07:40:25,,2.25,5.075961656798245,3.63,0.0099999999999997,0.9964692706145888,,
2026-06-21,5779.671,6736424.0,956502.0,0.251,4.46,4.19,0.27,2.66,16.399999618530273,100.8499984741211,7500.580078125,4.2,3.463530729385411,,,,,2026-07-25 07:40:25,,2.25,5.075961656798245,3.63,0.0099999999999997,0.9964692706145888,,
2026-06-22,5775.997,6736424.0,956502.0,3.925,4.51,4.24,0.27,2.65,17.280000686645508,101.0199966430664,7472.7900390625,4.2,3.463530729385411,,,,,2026-07-25 07:40:25,,2.23,5.075961656798245,3.63,0.0099999999999997,1.0464692706145886,,
2026-06-23,5773.438,6736424.0,956502.0,6.484,4.5,4.16,0.34,2.71,19.489999771118164,101.41000366210938,7365.4599609375,4.2,3.463530729385411,,,,,2026-07-25 07:40:25,,2.21,5.075961656798245,3.63,0.0099999999999997,1.0364692706145888,,
2026-06-24,5829.2660000000005,6735645.0,901845.0,4.534,4.41,4.11,0.3,2.76,18.6299991607666,101.61000061035156,7358.22021484375,4.2,3.463530729385411,,,,,2026-07-25 07:40:25,,2.18,5.075961656798245,3.63,0.0099999999999997,0.946469270614589,,
2026-06-25,5828.082,6735645.0,901845.0,5.718,4.4,4.09,0.31,2.78,18.88999938964844,101.43000030517578,7357.490234375,4.2,3.463530729385411,,,,,2026-07-25 07:40:25,,2.21,5.075961656798245,3.63,0.0099999999999997,0.9364692706145892,,
2026-06-27,5827.374,6735645.0,901845.0,6.426,4.38,4.07,0.31,2.83,18.40999984741211,101.36000061035156,7354.02001953125,4.2,3.463530729385411,,,,,2026-07-25 07:40:26,,2.2,5.075961656798245,3.63,0.0099999999999997,0.9164692706145888,,
2026-06-28,5827.374,6735645.0,901845.0,6.426,4.38,4.07,0.31,2.83,18.40999984741211,101.36000061035156,7354.02001953125,4.2,3.463530729385411,,,,,2026-07-25 07:40:26,,2.2,5.075961656798245,3.63,0.0099999999999997,0.9164692706145888,,
2026-06-29,5830.254,6735645.0,901845.0,3.546,4.38,4.1,0.28,2.8,17.649999618530273,101.11000061035156,7440.43017578125,4.2,3.463530729385411,,,,,2026-07-25 07:40:26,,2.22,5.075961656798245,3.63,0.0099999999999997,0.9164692706145888,,
2026-06-30,5806.900000000001,6735645.0,901845.0,26.9,4.44,4.14,0.3,2.75,16.450000762939453,101.19000244140624,7499.35986328125,4.2,3.463530729385411,,,,,2026-07-25 07:40:26,,2.24,5.075961656798245,3.63,0.0099999999999997,0.9764692706145892,,
2026-07-01,5916.204,6724564.0,807359.0,1.001,4.48,4.17,0.31,2.74,16.59000015258789,101.38999938964844,7483.22998046875,4.2,3.227809007073934,,,,,2026-07-25 07:40:26,,2.23,4.686109244155401,3.63,0.0099999999999997,1.2521909929260664,,
2026-07-02,5915.03,6724564.0,807359.0,2.175,4.49,4.14,0.35,2.75,16.149999618530273,100.86000061035156,7483.240234375,4.2,3.227809007073934,,,,,2026-07-25 07:40:26,,2.23,4.686109244155401,3.63,0.0099999999999997,1.2621909929260662,,
2026-07-03,5915.03,6724564.0,807359.0,2.175,4.49,4.14,0.35,2.74,16.149999618530273,100.86000061035156,7483.240234375,4.2,3.227809007073934,,,,,2026-07-25 07:40:26,,2.23,4.686109244155401,3.63,0.0099999999999997,1.2621909929260662,,
2026-07-04,5915.03,6724564.0,807359.0,2.175,4.49,4.14,0.35,2.74,16.149999618530273,100.86000061035156,7483.240234375,4.2,3.227809007073934,,,,,2026-07-25 07:40:26,,2.23,4.686109244155401,3.63,0.0099999999999997,1.2621909929260662,,
2026-07-05,5915.03,6724564.0,807359.0,2.175,4.49,4.14,0.35,2.74,16.149999618530273,100.86000061035156,7483.240234375,4.2,3.227809007073934,,,,,2026-07-25 07:40:26,,2.23,4.686109244155401,3.63,0.0099999999999997,1.2621909929260662,,
2026-07-06,5914.486,6724564.0,807359.0,2.719,4.48,4.13,0.35,2.72,15.56999969482422,100.8499984741211,7537.43017578125,4.2,3.227809007073934,,,,,2026-07-25 07:40:26,,2.24,4.686109244155401,3.63,0.0099999999999997,1.2521909929260664,,
2026-07-07,5912.721,6724564.0,807359.0,4.484,4.55,4.19,0.36,2.67,16.1299991607666,101.13999938964844,7503.85009765625,4.2,3.227809007073934,,,,,2026-07-25 07:40:26,,2.25,4.686109244155401,3.63,0.0099999999999997,1.3221909929260658,,
2026-07-08,5983.018000000001,6735609.0,749244.0,3.347,4.56,4.21,0.35,2.7,16.899999618530273,101.0500030517578,7482.7099609375,4.2,3.227809007073934,,,,,2026-07-25 07:40:26,,2.25,4.686109244155401,3.62,0.0,1.3321909929260656,,
2026-07-09,5980.593000000001,6735609.0,749244.0,5.772,4.54,4.16,0.38,2.7,15.84000015258789,100.94000244140624,7543.64013671875,4.2,3.227809007073934,,,,,2026-07-25 07:40:26,,2.23,4.686109244155401,3.62,0.0,1.312190992926066,,
2026-07-10,5985.820000000001,6735609.0,749244.0,0.545,4.56,4.21,0.35,2.69,15.029999732971191,100.97000122070312,7575.39013671875,4.2,3.227809007073934,,,,,2026-07-25 07:40:26,,2.24,4.686109244155401,3.62,0.0,1.3321909929260656,,
2026-07-11,5985.820000000001,6735609.0,749244.0,0.545,4.56,4.21,0.35,2.69,15.029999732971191,100.97000122070312,7575.39013671875,4.2,3.227809007073934,,,,,2026-07-25 07:40:26,,2.24,4.686109244155401,3.62,0.0,1.3321909929260656,,
2026-07-12,5985.820000000001,6735609.0,749244.0,0.545,4.56,4.21,0.35,2.69,15.029999732971191,100.97000122070312,7575.39013671875,4.2,3.227809007073934,,,,,2026-07-25 07:40:26,,2.24,4.686109244155401,3.62,0.0,1.3321909929260656,,
2026-07-13,5985.570000000001,6735609.0,749244.0,0.795,4.62,4.26,0.36,2.69,17.15999984741211,101.27999877929688,7515.33984375,4.2,3.227809007073934,,,,,2026-07-25 07:40:26,,2.26,4.686109244155401,3.62,0.0,1.392190992926066,,
2026-07-14,5986.087,6735609.0,749244.0,0.278,4.58,4.18,0.4,2.72,16.5,100.94000244140624,7543.58984375,4.2,3.227809007073934,,,,,2026-07-25 07:40:26,,2.25,4.686109244155401,3.63,0.0099999999999997,1.352190992926066,,
2026-07-15,5946.901000000001,6743028.0,795976.0,0.151,4.55,4.13,0.42,2.71,15.670000076293944,100.5,7572.39990234375,4.2,3.227809007073934,,,,,2026-07-25 07:40:26,,2.23,4.686109244155401,3.63,0.0,1.3221909929260658,,
2026-07-16,5946.927000000001,6743028.0,795976.0,0.125,4.57,4.16,0.41,2.71,16.729999542236328,100.7300033569336,7533.77001953125,4.2,3.227809007073934,,,,,2026-07-25 07:40:26,,2.22,4.686109244155401,3.63,0.0,1.3421909929260665,,
2026-07-17,5946.952,6743028.0,795976.0,0.1,4.55,4.18,0.37,2.73,18.770000457763672,100.75,7457.68994140625,4.2,3.227809007073934,,,,,2026-07-25 07:40:26,,2.24,4.686109244155401,3.63,0.0,1.3221909929260658,,
2026-07-18,5946.952,6743028.0,795976.0,0.1,4.55,4.18,0.37,2.73,18.770000457763672,100.75,7457.68994140625,4.2,3.227809007073934,,,,,2026-07-25 07:40:26,,2.24,4.686109244155401,3.63,0.0,1.3221909929260658,,
2026-07-19,5946.952,6743028.0,795976.0,0.1,4.55,4.18,0.37,2.73,18.770000457763672,100.75,7457.68994140625,4.2,3.227809007073934,,,,,2026-07-25 07:40:26,,2.24,4.686109244155401,3.63,0.0,1.3221909929260658,,
2026-07-20,5947.022000000001,6743028.0,795976.0,0.03,4.6,4.21,0.39,2.69,18.649999618530273,100.98999786376952,7443.27978515625,4.2,3.227809007073934,,,,,2026-07-25 07:40:26,,2.25,4.686109244155401,3.63,0.0,1.3721909929260656,,
2026-07-21,5946.777000000001,6743028.0,795976.0,0.275,4.63,4.26,0.37,2.69,17.049999237060547,101.18000030517578,7509.2001953125,4.2,3.227809007073934,,,,,2026-07-25 07:40:26,,2.26,4.686109244155401,3.63,0.0,1.402190992926066,,
2026-07-22,5911.584999999999,6747378.0,835417.0,0.376,4.67,4.31,0.36,2.68,16.639999389648438,101.13999938964844,7498.9599609375,4.2,3.227809007073934,,,,,2026-07-25 07:40:26,,2.28,4.686109244155401,3.63,0.0,1.442190992926066,,
2026-07-23,5911.056999999999,6747378.0,835417.0,0.904,4.71,4.37,0.34,2.77,18.700000762939453,101.43000030517578,7408.2998046875,4.2,3.227809007073934,,,,,2026-07-25 07:40:26,,2.28,4.686109244155401,3.63,0.0,1.482190992926066,,
2026-07-24,5911.285999999999,6747378.0,835417.0,0.675,4.71,4.37,0.36,2.77,17.579999923706055,101.33599853515624,7452.1201171875,4.2,3.227809007073934,,,,,2026-07-25 07:40:26,,2.26,4.686109244155401,3.63,0.0,1.482190992926066,,
2018-07-28,,,,,2.0,,,,,,,,,,,,,2026-07-26T22:41:13.672223,,,,,,,,
2026-06-26,,,,,4.5,,,,,,,,,,,,,2026-07-26T22:41:13.702484,,,,,,,,
2026-07-26,5911.29,6747.38,835.42,0.68,4.71,4.37,0.36,2.77,17.58,101.15,7452.12,4.2,3.73,Expanding (+30d),Normal (Steep),Complacent / Tight Spreads,SITUATION 4: RESTRICTIVE POLICY + RESERVE LIQUIDITY EXPANSION (Interest Rates: Raising / Holding Restrictive | Reserve Liquidity: Expanding (+30d)),2026-07-26T23:40:42.416011,3.48,2.26,5.58,3.63,0.0,2.45,39.43,40.46
